mood,workload,sleep_hours,energy_level,social_interaction,exercise_done,screen_time_hours,water_cups,stress_level
Low Mood,Moderate,5.3,Tired,Minimal,No,9.5,3.6,Normal
Good,Moderate,6.3,Energized,Minimal,No,5.1,7.3,Low
Low Mood,Moderate,9.5,Okay,Moderate,Yes,4.4,9.0,Normal
Low Mood,Heavy,5.9,Okay,Moderate,Yes,8.3,3.8,Normal
Stressed,Very Heavy,5.8,Tired,None,No,7.5,3.3,Very High
Good,Light,9.4,Energized,Moderate,Yes,2.5,8.6,Very Low
Okay,Light,7.7,Energized,Social,Yes,3.0,7.5,Low
Stressed,Moderate,5.3,Exhausted,Moderate,No,7.7,5.2,High
Good,Light,9.4,Okay,Social,Yes,4.0,6.6,Very Low
Great,Very Light,9.3,Energized,Very Social,Yes,3.2,8.5,Very Low
Low Mood,Very Heavy,6.7,Tired,None,No,6.9,3.4,High
Low Mood,Heavy,4.1,Tired,None,No,9.5,2.4,High
Okay,Heavy,8.0,Energized,Minimal,No,5.5,5.6,Normal
Stressed,Moderate,6.6,Tired,Minimal,Yes,6.8,4.8,High
Good,Light,9.2,Energized,Very Social,Yes,4.1,8.9,Very Low
Good,Moderate,7.9,Tired,Social,Yes,5.0,6.9,Low
Good,Very Light,9.5,Very Energized,Very Social,Yes,3.2,8.3,Very Low
Great,Light,7.2,Very Energized,Social,Yes,2.7,9.6,Very Low
Good,Moderate,8.2,Okay,Social,No,5.3,7.5,Low
Low Mood,Very Heavy,6.0,Tired,Minimal,No,8.9,1.0,High
Okay,Heavy,5.2,Tired,Minimal,No,6.2,5.9,Normal
Good,Light,8.8,Energized,Very Social,Yes,1.7,8.7,Very Low
Good,Very Light,8.0,Energized,Social,Yes,3.1,11.0,Very Low
Stressed,Very Heavy,4.4,Tired,None,No,7.2,3.5,High
Good,Light,8.3,Energized,Social,No,4.0,7.6,Very Low
Stressed,Heavy,6.6,Exhausted,None,Yes,6.3,5.4,High
Stressed,Very Heavy,4.9,Tired,None,No,7.2,3.5,High
Low Mood,Very Heavy,5.8,Tired,Minimal,No,7.8,1.3,High
Good,Very Light,7.7,Very Energized,Very Social,Yes,1.0,11.7,Very Low
Okay,Very Light,7.9,Energized,Social,No,2.6,5.1,Low
Low Mood,Heavy,6.4,Tired,Minimal,No,6.6,5.1,High
Good,Very Heavy,6.1,Tired,Social,Yes,3.4,6.9,Normal
Good,Moderate,6.5,Energized,Moderate,Yes,3.4,4.7,Low
Okay,Very Light,8.3,Very Energized,Moderate,No,4.3,9.3,Low
Okay,Very Heavy,4.0,Tired,None,No,9.9,3.5,High
Good,Very Light,7.7,Very Energized,Very Social,Yes,1.7,9.0,Very Low
Low Mood,Very Heavy,5.1,Okay,None,No,8.4,2.3,High
Okay,Light,6.7,Okay,Moderate,Yes,4.4,4.9,Low
Good,Moderate,8.0,Tired,Minimal,Yes,3.1,4.2,Normal
Good,Moderate,8.2,Very Energized,Moderate,Yes,3.1,5.5,Very Low
Okay,Light,6.4,Okay,None,No,6.0,4.2,Low
Okay,Very Light,7.0,Okay,Very Social,Yes,3.1,5.2,Low
Good,Moderate,7.7,Okay,Moderate,No,5.0,5.2,Normal
Low Mood,Moderate,6.8,Tired,Social,Yes,4.1,7.9,Normal
Okay,Very Light,9.3,Very Energized,Moderate,No,2.7,7.5,Very Low
Stressed,Moderate,7.8,Tired,Minimal,Yes,4.6,6.7,Normal
Great,Very Light,9.5,Okay,Very Social,Yes,2.9,5.4,Very Low
Good,Very Light,9.5,Energized,Social,Yes,2.7,9.9,Very Low
Great,Light,7.2,Okay,Social,Yes,2.4,8.6,Low
Good,Heavy,6.7,Tired,Social,No,3.4,5.9,Normal
Good,Moderate,7.6,Okay,Moderate,No,5.8,6.3,Low
Low Mood,Very Heavy,5.2,Tired,None,Yes,8.2,2.7,High
Great,Moderate,7.0,Energized,Moderate,Yes,2.7,7.1,Very Low
Good,Very Light,9.0,Very Energized,Very Social,Yes,1.1,7.1,Very Low
Stressed,Heavy,4.1,Exhausted,None,No,9.9,1.4,Very High
Low Mood,Very Heavy,5.7,Exhausted,Moderate,No,7.2,2.4,High
Okay,Light,7.3,Okay,Minimal,No,4.8,5.5,Low
Okay,Moderate,6.8,Tired,Moderate,No,3.5,4.5,Normal
Good,Very Light,8.6,Energized,Very Social,Yes,2.1,8.9,Very Low
Low Mood,Very Heavy,6.3,Exhausted,Moderate,No,8.2,3.3,High
Stressed,Heavy,5.6,Okay,None,No,8.1,4.0,High
Okay,Heavy,6.9,Energized,Minimal,No,3.6,6.5,Normal
Okay,Heavy,5.4,Tired,Minimal,No,8.0,3.1,Normal
Okay,Moderate,8.3,Okay,Moderate,No,3.1,7.4,Normal
Okay,Very Heavy,6.6,Okay,None,No,6.6,5.1,High
Great,Very Light,8.4,Very Energized,Very Social,No,3.9,9.2,Very Low
Okay,Heavy,6.7,Exhausted,None,No,8.0,4.5,High
Stressed,Very Heavy,6.9,Exhausted,Minimal,Yes,7.0,3.5,High
Stressed,Very Heavy,6.7,Exhausted,Moderate,Yes,6.7,3.3,High
Low Mood,Very Heavy,4.5,Exhausted,None,No,8.5,2.0,Very High
Stressed,Heavy,4.2,Tired,None,No,7.6,2.8,High
Great,Very Light,9.4,Energized,Very Social,Yes,3.3,7.9,Very Low
Great,Moderate,6.1,Energized,Minimal,Yes,3.0,4.3,Low
Good,Moderate,7.6,Tired,Social,Yes,5.2,6.9,Low
Good,Very Heavy,6.6,Exhausted,None,No,7.9,5.9,Normal
Good,Light,9.3,Okay,Moderate,Yes,2.8,7.7,Low
Okay,Heavy,7.9,Okay,Moderate,No,5.1,5.5,Normal
Low Mood,Moderate,7.8,Energized,Social,No,4.5,7.1,Normal
Low Mood,Moderate,7.6,Okay,Moderate,Yes,5.3,7.2,Normal
Low Mood,Heavy,6.9,Okay,Minimal,Yes,8.1,5.4,Normal
Good,Light,6.5,Energized,Moderate,Yes,6.0,6.7,Low
Low Mood,Very Heavy,5.4,Tired,None,No,8.2,3.9,High
Good,Light,8.2,Okay,Minimal,Yes,5.9,4.8,Low
Okay,Heavy,7.3,Energized,Moderate,Yes,5.9,5.4,Normal
Good,Very Light,7.7,Energized,Very Social,Yes,3.2,10.1,Very Low
Okay,Very Heavy,5.7,Tired,Moderate,Yes,5.1,5.3,Normal
Okay,Light,9.2,Energized,Social,Yes,2.2,7.1,Low
Good,Light,6.3,Energized,Social,No,5.9,7.6,Low
Okay,Light,9.1,Energized,Moderate,Yes,4.5,6.4,Low
Great,Moderate,7.1,Energized,Social,Yes,4.1,8.0,Low
Okay,Heavy,5.1,Okay,Moderate,No,8.5,2.6,High
Low Mood,Heavy,5.2,Tired,Minimal,No,9.9,2.9,High
Low Mood,Very Heavy,6.2,Exhausted,Moderate,No,7.9,4.1,High
Low Mood,Heavy,6.5,Tired,Minimal,Yes,5.1,3.6,High
Good,Very Light,8.5,Energized,Very Social,Yes,2.9,10.1,Very Low
Low Mood,Light,6.4,Tired,Moderate,No,4.1,7.2,Normal
Okay,Light,9.3,Energized,Moderate,Yes,4.5,7.8,Low
Okay,Very Heavy,6.4,Tired,None,No,5.4,3.8,Normal
Low Mood,Heavy,6.6,Tired,Moderate,No,8.5,4.3,High
Great,Light,8.9,Very Energized,Social,Yes,3.4,6.5,Very Low
Good,Heavy,7.1,Tired,Moderate,No,3.5,7.8,Normal
Good,Very Light,8.9,Very Energized,Very Social,Yes,2.1,11.2,Very Low
Low Mood,Very Heavy,4.9,Tired,None,Yes,7.8,1.6,High
Stressed,Very Heavy,6.2,Tired,None,No,7.8,4.8,High
Good,Light,8.0,Energized,Social,Yes,3.0,11.4,Very Low
Low Mood,Heavy,5.0,Exhausted,None,No,10.0,3.9,High
Good,Moderate,8.0,Energized,Moderate,Yes,4.9,5.5,Low
Stressed,Heavy,5.0,Tired,Minimal,No,7.5,5.7,High
Stressed,Heavy,6.6,Tired,Moderate,Yes,4.0,7.6,High
Great,Light,7.9,Very Energized,Moderate,Yes,2.3,8.9,Very Low
Stressed,Moderate,6.6,Tired,Minimal,No,5.6,4.9,High
Okay,Moderate,7.4,Okay,Social,No,4.1,6.7,Normal
Okay,Moderate,6.8,Tired,Social,Yes,4.6,5.0,Normal
Stressed,Heavy,4.2,Exhausted,Minimal,No,8.8,2.1,Very High
Low Mood,Heavy,5.6,Tired,None,No,8.8,1.0,High
Low Mood,Light,8.5,Okay,Minimal,No,3.3,7.5,Normal
Okay,Very Light,7.0,Okay,Moderate,Yes,2.7,7.6,Low
Stressed,Very Heavy,4.2,Tired,None,Yes,8.6,1.7,Very High
Okay,Moderate,6.3,Okay,Minimal,Yes,5.0,6.3,Normal
Low Mood,Moderate,6.6,Exhausted,None,Yes,6.0,5.4,High
Great,Light,7.9,Okay,Social,Yes,3.6,8.7,Very Low
Good,Moderate,7.4,Energized,Very Social,Yes,4.7,9.6,Low
Stressed,Very Heavy,5.1,Tired,Minimal,No,7.7,2.2,High
Low Mood,Heavy,6.4,Tired,Minimal,Yes,3.5,5.3,Normal
Stressed,Heavy,7.0,Exhausted,Moderate,Yes,6.6,5.6,High
Stressed,Light,6.1,Okay,Moderate,No,4.2,6.3,Normal
Good,Light,6.6,Energized,Minimal,Yes,3.5,5.9,Low
Good,Light,9.3,Okay,Very Social,Yes,2.1,8.9,Low
Okay,Light,8.2,Very Energized,Social,Yes,2.3,6.2,Very Low
Stressed,Heavy,5.5,Okay,Moderate,No,6.1,4.8,High
Low Mood,Heavy,6.4,Energized,Minimal,Yes,4.4,4.1,Normal
Good,Moderate,8.8,Energized,Moderate,Yes,3.6,5.0,Low
Low Mood,Heavy,5.5,Tired,None,Yes,5.6,5.8,Normal
Okay,Light,8.3,Energized,Moderate,No,3.2,7.1,Low
Good,Light,7.7,Okay,Very Social,Yes,2.5,8.6,Low
Good,Light,8.2,Very Energized,Social,Yes,2.3,6.7,Very Low
Good,Moderate,7.3,Energized,Moderate,No,3.4,8.5,Low
Great,Light,9.0,Energized,Social,Yes,1.2,11.0,Very Low
Low Mood,Heavy,5.9,Okay,None,No,8.9,3.6,Normal
Low Mood,Heavy,5.1,Tired,None,No,7.4,2.7,High
Okay,Very Light,7.2,Okay,Social,Yes,4.8,5.6,Low
Low Mood,Moderate,6.8,Exhausted,Minimal,No,8.0,5.0,High
Stressed,Heavy,5.9,Tired,None,No,9.8,1.7,High
Great,Light,9.8,Very Energized,Very Social,Yes,2.9,11.1,Very Low
Okay,Heavy,6.8,Okay,Minimal,Yes,8.6,5.4,Normal
Good,Light,9.1,Okay,Social,Yes,3.6,8.5,Very Low
Okay,Heavy,5.2,Exhausted,Moderate,No,8.5,3.6,High
Good,Light,9.3,Energized,Very Social,No,3.4,9.5,Low
Okay,Very Light,8.2,Very Energized,Social,No,2.2,7.2,Very Low
Okay,Very Light,7.2,Very Energized,Social,Yes,4.5,9.8,Very Low
Good,Moderate,7.4,Energized,Minimal,Yes,5.7,4.8,Low
Stressed,Moderate,6.4,Tired,Moderate,Yes,7.9,3.6,Normal
Good,Heavy,8.2,Okay,Social,Yes,3.3,5.7,Low
Good,Very Light,6.7,Energized,Social,No,4.8,7.8,Low
Okay,Light,7.1,Energized,Minimal,Yes,3.1,5.8,Low
Okay,Very Light,7.2,Energized,Moderate,No,2.0,6.4,Low
Low Mood,Moderate,5.3,Okay,None,No,7.4,5.2,Normal
Good,Light,7.1,Very Energized,Social,Yes,4.1,8.1,Very Low
Good,Very Light,7.1,Very Energized,Moderate,Yes,4.2,8.5,Very Low
Good,Heavy,7.3,Energized,Minimal,Yes,3.9,5.5,Low
Low Mood,Heavy,7.0,Okay,Moderate,No,4.8,6.3,High
Stressed,Moderate,6.0,Tired,Minimal,No,8.2,3.0,High
Low Mood,Very Heavy,5.3,Exhausted,None,Yes,6.3,4.3,Very High
Okay,Moderate,8.3,Okay,Moderate,No,4.1,6.5,Normal
Okay,Light,8.8,Very Energized,Moderate,Yes,3.4,7.9,Very Low
Good,Heavy,7.7,Okay,Social,Yes,5.0,7.5,Low
Low Mood,Heavy,6.2,Okay,Moderate,No,6.4,3.9,Normal
Good,Light,10.0,Very Energized,Very Social,Yes,1.1,8.2,Very Low
Good,Very Heavy,5.8,Exhausted,None,No,6.5,2.9,High
Low Mood,Light,8.4,Energized,Social,Yes,4.7,6.2,Very Low
Low Mood,Heavy,7.2,Okay,Social,No,5.2,4.0,Normal
Low Mood,Moderate,6.3,Exhausted,Moderate,No,6.2,2.0,High
Good,Light,7.5,Energized,Very Social,Yes,3.5,9.0,Low
Great,Very Light,8.2,Energized,Moderate,Yes,4.1,9.5,Very Low
Stressed,Very Heavy,5.1,Tired,None,No,8.2,2.4,Very High
Okay,Very Light,8.7,Energized,Social,No,4.1,6.7,Very Low
Low Mood,Very Light,7.9,Energized,Social,Yes,3.9,6.9,Low
Good,Moderate,6.2,Energized,Minimal,Yes,3.6,7.1,Low
Low Mood,Very Heavy,5.3,Okay,None,Yes,7.0,2.7,High
Okay,Heavy,7.6,Okay,Minimal,No,3.7,6.3,Normal
Okay,Moderate,8.8,Energized,Social,Yes,4.4,9.7,Low
Okay,Light,8.1,Very Energized,Very Social,Yes,3.0,10.5,Low
Low Mood,Heavy,7.0,Energized,Moderate,Yes,3.3,4.8,Low
Okay,Moderate,8.5,Okay,Social,Yes,3.1,6.5,Normal
Okay,Light,9.2,Energized,Social,Yes,2.1,9.8,Low
Great,Light,7.5,Okay,Moderate,Yes,2.4,5.3,Very Low
Okay,Light,8.1,Okay,Social,Yes,2.5,6.6,Low
Good,Light,7.8,Energized,Moderate,Yes,4.3,7.7,Low
Stressed,Very Heavy,5.9,Exhausted,Minimal,No,10.0,2.3,Very High
Low Mood,Heavy,6.8,Exhausted,None,No,5.7,5.6,High
Stressed,Moderate,6.3,Exhausted,None,No,6.0,4.1,High
Low Mood,Heavy,5.3,Exhausted,Minimal,No,7.4,2.3,Very High
Low Mood,Very Heavy,4.1,Exhausted,None,No,7.8,3.0,Very High
Stressed,Moderate,7.9,Energized,Social,No,6.0,5.0,Normal
Stressed,Very Heavy,5.2,Exhausted,Moderate,No,6.2,5.7,Very High
Low Mood,Light,7.2,Tired,Moderate,No,4.2,5.5,Normal
Okay,Moderate,6.0,Exhausted,Moderate,No,6.5,4.9,Normal
Great,Very Light,7.8,Very Energized,Social,Yes,1.1,9.0,Very Low
Great,Moderate,7.1,Okay,Social,Yes,3.2,9.6,Low
Low Mood,Moderate,7.0,Okay,Moderate,No,8.6,3.2,Normal
Great,Light,7.9,Very Energized,Social,Yes,3.5,11.1,Very Low
Good,Moderate,8.3,Energized,Moderate,Yes,2.1,8.1,Low
Low Mood,Very Heavy,5.7,Tired,None,Yes,5.3,2.4,High
Good,Very Light,8.8,Energized,Moderate,Yes,4.9,6.6,Very Low
Great,Very Light,9.4,Very Energized,Social,Yes,1.0,11.0,Very Low
Good,Moderate,6.2,Okay,Minimal,No,3.6,6.0,Normal
Good,Light,8.4,Energized,Moderate,Yes,2.5,9.8,Very Low
Low Mood,Moderate,6.4,Tired,Moderate,No,4.3,7.4,Normal
Great,Light,9.1,Okay,Very Social,Yes,3.7,6.4,Very Low
Stressed,Moderate,5.7,Exhausted,Minimal,Yes,8.9,5.7,High
Great,Very Light,7.8,Very Energized,Social,Yes,4.0,7.2,Very Low
Great,Light,7.7,Okay,Minimal,No,5.6,5.1,Low
Okay,Moderate,7.0,Energized,Social,Yes,3.9,5.0,Low
Okay,Very Heavy,5.7,Tired,None,Yes,5.1,5.9,Normal
Okay,Very Light,8.8,Very Energized,Social,No,3.2,10.0,Very Low
Okay,Light,9.1,Energized,Moderate,Yes,2.6,9.1,Low
Low Mood,Light,6.6,Okay,Moderate,Yes,5.8,6.2,Normal
Good,Moderate,8.1,Okay,Minimal,Yes,5.2,7.5,Low
Stressed,Very Heavy,6.2,Okay,None,Yes,5.7,3.8,High
Great,Light,7.1,Very Energized,Moderate,Yes,3.0,5.1,Very Low
Stressed,Heavy,6.3,Tired,Minimal,No,5.8,4.2,High
Low Mood,Light,8.9,Very Energized,Very Social,Yes,3.5,7.4,Low
Great,Very Light,10.0,Very Energized,Very Social,Yes,1.7,8.2,Very Low
Low Mood,Very Heavy,5.7,Exhausted,None,Yes,7.1,1.8,High
Great,Very Light,8.7,Energized,Very Social,Yes,3.2,8.0,Very Low
Low Mood,Light,7.5,Tired,Minimal,No,6.0,7.7,Normal
Low Mood,Heavy,6.7,Okay,Social,Yes,4.5,6.4,Normal
Low Mood,Moderate,7.9,Energized,Social,Yes,5.7,4.1,Low
Okay,Moderate,6.3,Exhausted,Minimal,No,5.6,2.9,Normal
Low Mood,Very Heavy,6.5,Okay,Moderate,No,7.1,3.3,High
Okay,Moderate,7.3,Energized,Minimal,Yes,4.5,7.2,Low
Good,Moderate,7.3,Very Energized,Moderate,No,4.6,6.0,Low
Stressed,Very Heavy,6.0,Tired,None,No,7.5,2.1,Very High
Low Mood,Heavy,6.8,Okay,Moderate,No,6.3,2.8,Normal
Good,Moderate,6.2,Okay,Social,Yes,4.9,6.1,Low
Stressed,Very Heavy,5.8,Exhausted,Minimal,No,7.7,2.5,Very High
Good,Very Light,9.2,Energized,Social,Yes,1.4,11.3,Very Low
Good,Moderate,7.7,Okay,Moderate,Yes,5.7,5.2,Low
Okay,Very Light,9.5,Energized,Social,Yes,3.5,8.5,Very Low
Good,Moderate,8.0,Energized,Minimal,No,4.2,5.8,Low
Okay,Moderate,6.1,Tired,Moderate,No,5.8,7.9,Normal
Great,Very Light,8.1,Okay,Moderate,Yes,2.1,7.9,Very Low
Good,Very Light,9.8,Very Energized,Very Social,Yes,1.7,8.3,Very Low
Great,Very Light,8.8,Very Energized,Social,Yes,1.6,10.0,Very Low
Okay,Very Light,9.2,Energized,Social,Yes,4.3,5.8,Very Low
Good,Heavy,7.4,Energized,Social,Yes,5.5,5.9,Low
Okay,Light,7.0,Okay,Moderate,Yes,4.4,7.4,Low
Stressed,Moderate,5.4,Exhausted,Moderate,No,8.1,2.4,High
Good,Very Light,8.0,Very Energized,Social,Yes,2.9,10.0,Very Low
Low Mood,Moderate,6.4,Tired,Moderate,No,4.5,4.9,High
Good,Very Light,9.4,Very Energized,Moderate,Yes,4.7,7.6,Very Low
Great,Moderate,8.5,Okay,Very Social,Yes,5.0,9.8,Very Low
Stressed,Moderate,5.1,Tired,Moderate,No,7.1,3.0,Normal
Okay,Very Heavy,5.7,Okay,Minimal,No,8.3,3.0,High
Low Mood,Moderate,6.6,Energized,Moderate,No,4.3,7.0,Normal
Stressed,Moderate,8.2,Okay,Moderate,Yes,4.1,7.1,Normal
Good,Very Light,9.1,Very Energized,Very Social,Yes,2.6,8.3,Very Low
Stressed,Heavy,6.6,Exhausted,Moderate,Yes,6.4,5.8,High
Stressed,Moderate,6.8,Exhausted,Moderate,Yes,7.9,2.9,High
Great,Moderate,8.7,Very Energized,Social,Yes,4.3,5.8,Very Low
Good,Very Light,7.4,Very Energized,Very Social,Yes,3.4,9.6,Very Low
Low Mood,Very Heavy,5.0,Tired,None,No,7.1,1.7,Very High
Low Mood,Moderate,7.0,Tired,Minimal,Yes,5.5,7.6,High
Okay,Moderate,7.9,Energized,Minimal,Yes,4.6,7.3,Low
Good,Heavy,6.3,Energized,Minimal,Yes,5.9,7.3,Normal
Good,Very Light,8.1,Very Energized,Social,Yes,2.4,9.7,Very Low
Low Mood,Moderate,6.3,Exhausted,None,No,7.6,4.3,High
Okay,Very Light,8.8,Okay,Very Social,Yes,3.3,8.1,Very Low
Okay,Moderate,9.5,Very Energized,Moderate,Yes,3.3,8.6,Low
Low Mood,Very Heavy,6.9,Exhausted,None,No,7.9,3.5,High
Okay,Light,8.1,Energized,Minimal,No,4.9,4.4,Low
Great,Moderate,8.2,Energized,Moderate,No,4.2,9.7,Low
Good,Light,7.1,Very Energized,Social,Yes,4.3,5.8,Very Low
Low Mood,Moderate,4.3,Exhausted,None,No,8.3,3.1,Very High
Stressed,Heavy,4.9,Exhausted,None,Yes,7.6,3.8,Very High
Low Mood,Very Heavy,6.7,Exhausted,Moderate,Yes,8.3,3.1,High
Okay,Moderate,7.3,Okay,Social,Yes,3.1,8.2,Low
Stressed,Moderate,6.3,Okay,Moderate,No,8.4,5.6,Normal
Great,Very Light,9.5,Very Energized,Social,Yes,1.7,10.3,Very Low
Low Mood,Very Heavy,4.9,Exhausted,Minimal,No,8.9,1.3,High
Good,Very Light,7.7,Energized,Social,Yes,2.3,9.3,Very Low
Okay,Heavy,8.0,Tired,Moderate,Yes,3.1,4.4,Normal
Good,Moderate,9.0,Very Energized,Social,Yes,1.6,10.3,Low
Low Mood,Heavy,6.4,Tired,Minimal,No,3.8,5.1,Normal
Good,Moderate,7.8,Energized,Social,Yes,3.5,7.8,Low
Low Mood,Very Heavy,6.5,Okay,None,Yes,7.7,4.6,Normal
Low Mood,Very Heavy,4.9,Exhausted,None,No,9.3,1.6,Very High
Okay,Light,7.0,Okay,Moderate,Yes,3.7,6.9,Low
Okay,Heavy,6.3,Tired,None,Yes,8.8,5.2,Normal
Stressed,Moderate,6.7,Okay,Minimal,No,6.6,2.0,High
Okay,Moderate,8.2,Okay,Social,Yes,4.8,6.6,Low
Stressed,Very Heavy,6.9,Exhausted,Moderate,No,8.1,3.8,Very High
Low Mood,Light,8.0,Okay,Social,No,4.4,7.2,Normal
Okay,Moderate,6.0,Tired,None,Yes,6.0,2.4,Normal
Great,Very Light,9.2,Okay,Social,No,2.4,7.9,Very Low
Great,Very Light,8.3,Very Energized,Social,Yes,1.7,7.5,Very Low
Okay,Heavy,5.4,Okay,None,No,6.8,3.9,Normal
Stressed,Very Heavy,5.4,Okay,None,Yes,5.3,5.0,High
Low Mood,Very Heavy,5.0,Exhausted,None,No,8.3,3.1,Very High
Stressed,Very Heavy,6.3,Okay,None,No,5.4,3.8,Very High
Good,Moderate,7.8,Energized,Very Social,Yes,2.4,6.6,Very Low
Low Mood,Moderate,7.4,Tired,Moderate,No,3.6,5.3,Normal
Good,Moderate,8.5,Very Energized,Social,Yes,3.1,8.1,Very Low
Great,Light,9.8,Energized,Social,Yes,2.9,10.5,Very Low
Low Mood,Moderate,6.5,Okay,None,Yes,5.5,5.9,Normal
Good,Very Light,9.3,Energized,Very Social,Yes,2.6,8.4,Very Low
Okay,Moderate,9.3,Okay,Very Social,Yes,4.8,6.3,Low
Okay,Heavy,6.0,Energized,Minimal,Yes,3.0,5.6,Normal
Okay,Very Light,8.2,Very Energized,Moderate,No,4.6,8.8,Very Low
Low Mood,Heavy,4.1,Exhausted,None,Yes,7.8,1.3,High
Good,Heavy,7.9,Tired,Minimal,No,5.7,7.5,Normal
Okay,Very Light,9.2,Energized,Very Social,Yes,2.9,8.9,Low
Great,Light,8.2,Energized,Social,Yes,4.5,6.0,Very Low
Low Mood,Heavy,6.2,Exhausted,None,No,7.5,2.2,High
Low Mood,Moderate,8.1,Okay,Social,Yes,5.0,5.2,Normal
Great,Light,9.0,Energized,Very Social,Yes,3.9,8.4,Very Low
Stressed,Heavy,6.4,Exhausted,Moderate,No,5.7,2.2,High
Okay,Very Heavy,5.7,Okay,Moderate,No,9.0,3.1,High
Great,Very Light,9.6,Very Energized,Very Social,Yes,1.3,7.8,Very Low
Stressed,Very Heavy,5.1,Exhausted,None,No,8.7,3.8,Very High
Great,Moderate,7.3,Okay,Moderate,No,4.2,5.6,Low
Stressed,Very Heavy,5.6,Tired,Minimal,No,9.4,3.7,High
Stressed,Heavy,4.0,Tired,Minimal,No,9.5,3.8,Very High
Low Mood,Very Heavy,4.5,Tired,None,Yes,9.7,3.5,High
Okay,Light,6.5,Tired,Social,Yes,4.7,5.8,Low
Great,Light,8.8,Energized,Very Social,Yes,3.3,8.8,Very Low
Good,Very Light,8.5,Very Energized,Moderate,No,2.7,6.0,Very Low
Okay,Moderate,8.9,Okay,Moderate,No,4.7,7.8,Low
Okay,Heavy,7.3,Energized,Social,No,4.9,5.7,Low
Low Mood,Very Heavy,5.5,Exhausted,Minimal,No,7.9,3.6,High
Okay,Moderate,8.7,Okay,Very Social,Yes,4.9,7.6,Low
Okay,Heavy,7.1,Tired,Minimal,No,5.0,6.4,Normal
Low Mood,Very Heavy,6.9,Tired,Minimal,Yes,7.0,3.3,High
Okay,Very Heavy,5.7,Okay,Moderate,No,8.3,2.6,High
Okay,Moderate,7.5,Okay,Minimal,Yes,3.3,4.4,Low
Stressed,Very Heavy,5.6,Tired,None,Yes,7.0,2.4,Normal
Stressed,Light,8.3,Okay,Social,Yes,5.0,6.2,Normal
Good,Moderate,6.6,Tired,Minimal,No,5.3,6.3,Normal
Great,Moderate,6.4,Energized,Social,Yes,4.7,4.6,Low
Okay,Very Light,9.0,Very Energized,Social,No,2.5,5.6,Low
Stressed,Heavy,4.5,Exhausted,Minimal,No,7.4,2.7,Very High
Low Mood,Light,8.4,Tired,Moderate,No,4.4,6.4,Normal
Low Mood,Light,6.3,Okay,Minimal,Yes,5.1,6.1,Normal
Okay,Light,7.2,Okay,Very Social,Yes,4.0,8.9,Very Low
Low Mood,Light,6.1,Energized,Social,Yes,4.4,6.5,Low
Great,Light,9.4,Okay,Social,Yes,3.1,6.2,Very Low
Low Mood,Very Heavy,5.7,Exhausted,None,Yes,8.4,1.0,High
Good,Very Heavy,6.3,Okay,Moderate,Yes,5.2,4.1,Normal
Stressed,Heavy,6.8,Okay,Minimal,Yes,5.3,2.9,High
Stressed,Heavy,5.8,Tired,None,No,9.1,3.2,High
Okay,Light,7.9,Energized,Moderate,No,2.5,6.5,Low
Low Mood,Moderate,7.8,Okay,Minimal,Yes,4.1,4.0,Normal
Low Mood,Heavy,5.9,Exhausted,None,No,7.9,1.7,High
Okay,Light,7.7,Energized,Very Social,Yes,3.7,7.8,Low
Good,Heavy,7.5,Okay,Moderate,Yes,3.7,4.9,Low
Great,Very Light,7.6,Energized,Very Social,Yes,2.7,10.1,Very Low
Low Mood,Heavy,6.5,Tired,Moderate,Yes,6.0,7.4,Normal
Good,Very Light,8.2,Very Energized,Social,Yes,3.7,8.8,Very Low
Okay,Moderate,5.8,Okay,None,No,6.4,4.0,Normal
Low Mood,Very Heavy,4.3,Tired,Minimal,No,7.9,3.7,High
Okay,Light,9.4,Very Energized,Social,No,4.2,7.9,Low
Good,Very Heavy,5.7,Exhausted,Minimal,No,8.7,3.9,High
Okay,Moderate,8.2,Energized,Social,Yes,2.7,9.0,Low
Great,Light,8.0,Energized,Social,Yes,2.8,7.0,Very Low
Great,Very Light,8.3,Very Energized,Very Social,Yes,2.7,9.5,Very Low
Great,Light,8.3,Energized,Social,No,1.1,10.9,Very Low
Low Mood,Heavy,4.9,Exhausted,Minimal,No,8.0,1.6,High
Good,Light,9.5,Energized,Social,Yes,2.9,9.0,Low
Low Mood,Heavy,6.5,Tired,Minimal,Yes,5.0,8.0,Normal
Low Mood,Heavy,5.1,Tired,None,No,6.4,3.7,High
Great,Light,7.6,Very Energized,Very Social,Yes,3.3,8.0,Very Low
Good,Light,9.5,Energized,Very Social,Yes,2.7,8.2,Very Low
Good,Very Light,7.4,Very Energized,Moderate,Yes,3.0,8.0,Very Low
Good,Very Light,8.5,Okay,Moderate,No,4.6,5.4,Low
Okay,Very Light,7.7,Energized,Social,No,3.5,6.9,Low
Okay,Moderate,6.6,Okay,Social,Yes,3.9,5.5,Normal
Great,Very Light,9.3,Very Energized,Social,Yes,2.2,10.7,Very Low
Low Mood,Very Heavy,4.8,Tired,Minimal,No,7.4,2.8,High
Great,Light,9.2,Okay,Very Social,Yes,4.9,6.1,Very Low
Good,Very Light,9.3,Very Energized,Very Social,No,3.5,8.5,Very Low
Good,Light,8.4,Energized,Very Social,Yes,2.0,11.1,Very Low
Okay,Moderate,6.8,Okay,Minimal,No,6.3,5.2,Normal
Low Mood,Light,7.1,Okay,Minimal,No,5.2,7.9,Normal
Stressed,Very Heavy,5.4,Exhausted,None,No,8.4,3.4,Very High
Stressed,Very Heavy,4.3,Tired,Minimal,No,9.6,1.1,Very High
Okay,Moderate,6.2,Okay,None,Yes,6.8,4.9,Low
Okay,Very Heavy,7.0,Okay,None,No,7.4,3.3,High
Stressed,Heavy,5.3,Exhausted,Minimal,No,8.2,4.5,Very High
Good,Light,9.5,Okay,Very Social,Yes,2.4,8.1,Very Low
Low Mood,Heavy,4.8,Tired,None,Yes,7.6,2.7,High
Okay,Heavy,6.9,Exhausted,None,No,8.7,5.4,Normal
Low Mood,Light,8.3,Tired,Minimal,Yes,4.1,4.1,Normal
Great,Very Light,8.7,Energized,Very Social,Yes,3.0,8.5,Very Low
Stressed,Moderate,6.3,Okay,Moderate,No,7.3,2.9,High
Stressed,Heavy,8.5,Energized,Minimal,Yes,4.3,7.1,Normal
Stressed,Heavy,6.2,Tired,Minimal,Yes,5.3,5.4,High
Low Mood,Very Heavy,4.5,Tired,Minimal,No,9.9,2.8,Very High
Great,Very Light,7.8,Energized,Very Social,Yes,3.1,9.4,Very Low
Stressed,Very Heavy,5.6,Okay,Minimal,No,5.2,3.5,High
Good,Heavy,7.8,Energized,Social,Yes,3.2,6.7,Low
Great,Light,8.0,Okay,Very Social,Yes,3.0,7.2,Very Low
Okay,Moderate,8.4,Energized,Moderate,Yes,2.4,8.6,Low
Great,Light,8.9,Very Energized,Social,Yes,2.2,11.8,Very Low
Stressed,Very Heavy,5.3,Tired,Minimal,No,9.1,2.6,Very High
Okay,Very Heavy,5.5,Okay,None,No,5.5,2.3,Normal
Great,Light,9.0,Energized,Very Social,Yes,2.5,8.6,Very Low
Low Mood,Light,7.4,Tired,Minimal,No,3.1,6.3,Normal
Okay,Very Heavy,5.4,Tired,Minimal,No,6.4,3.0,High
Good,Heavy,7.7,Tired,Minimal,No,3.3,5.7,Normal
Low Mood,Heavy,6.5,Tired,Moderate,No,7.1,4.2,Normal
Low Mood,Heavy,4.2,Exhausted,None,No,8.6,2.1,High
Low Mood,Heavy,6.4,Okay,None,No,7.4,5.5,Normal
Good,Moderate,7.6,Tired,Minimal,Yes,5.3,7.2,Normal
Low Mood,Heavy,8.1,Okay,Minimal,Yes,5.6,4.5,Normal
Okay,Light,6.4,Okay,Minimal,No,4.8,5.3,Normal
Okay,Moderate,8.0,Energized,Minimal,No,3.6,7.3,Low
Good,Very Light,8.6,Energized,Moderate,Yes,4.0,6.1,Very Low
Low Mood,Moderate,6.8,Exhausted,Minimal,No,6.0,2.4,High
Low Mood,Moderate,6.1,Exhausted,None,No,7.1,2.7,High
Good,Heavy,8.3,Tired,Social,Yes,4.4,5.2,Normal
Okay,Heavy,6.0,Okay,Moderate,No,6.3,3.8,Normal
Good,Very Light,8.3,Okay,Moderate,Yes,4.8,9.4,Low
Great,Moderate,9.1,Energized,Moderate,Yes,2.1,5.0,Very Low
Okay,Light,6.8,Energized,Minimal,No,3.7,7.4,Normal
Good,Heavy,7.0,Okay,Social,Yes,3.5,8.0,Low
Great,Light,9.4,Energized,Moderate,Yes,4.0,9.5,Low
Okay,Heavy,7.3,Okay,Minimal,Yes,5.9,5.8,Normal
Good,Moderate,6.5,Energized,Social,Yes,3.8,7.4,Low
Good,Moderate,7.2,Tired,Moderate,Yes,5.5,4.7,Normal
Good,Very Light,9.4,Okay,Very Social,Yes,3.0,6.7,Very Low
Okay,Heavy,6.2,Okay,Minimal,No,8.0,2.1,Normal
Great,Light,8.4,Very Energized,Social,Yes,3.0,10.0,Very Low
Low Mood,Very Heavy,4.7,Exhausted,None,No,9.4,2.4,Very High
Stressed,Moderate,5.1,Exhausted,None,No,7.7,5.1,High
Great,Very Light,7.7,Very Energized,Social,Yes,3.3,8.3,Very Low
Okay,Heavy,6.6,Exhausted,Moderate,No,7.8,2.2,High
Good,Light,9.9,Energized,Very Social,No,3.6,9.2,Very Low
Low Mood,Light,7.8,Energized,Minimal,Yes,3.4,5.0,Low
Low Mood,Very Light,9.1,Okay,Very Social,Yes,3.8,7.6,Low
Okay,Heavy,5.7,Tired,Moderate,No,8.1,5.3,Normal
Okay,Light,7.0,Okay,Minimal,No,3.2,4.7,Normal
Low Mood,Very Heavy,4.6,Tired,None,No,9.3,2.2,High
Good,Light,6.4,Energized,Moderate,No,4.6,6.7,Low
Low Mood,Heavy,5.9,Tired,Minimal,No,7.2,3.8,Normal
Stressed,Very Heavy,6.0,Exhausted,Minimal,Yes,9.9,2.0,Very High
Good,Light,7.8,Okay,Minimal,No,5.4,7.0,Low
Good,Very Light,7.4,Energized,Social,No,4.5,8.9,Low
Low Mood,Moderate,6.3,Tired,None,No,7.3,4.8,High
Great,Moderate,8.6,Very Energized,Very Social,Yes,4.5,5.5,Very Low
Okay,Very Light,8.2,Very Energized,Social,Yes,3.2,8.6,Very Low
Okay,Moderate,7.3,Tired,Social,Yes,5.4,4.2,Normal
Okay,Heavy,7.3,Energized,Moderate,No,5.8,5.5,Normal
Low Mood,Very Light,6.8,Energized,Minimal,Yes,4.9,5.9,Low
Great,Moderate,8.1,Energized,Social,Yes,2.5,6.9,Very Low
Okay,Very Heavy,8.0,Okay,Social,No,5.8,7.3,Normal
Good,Heavy,7.8,Okay,Moderate,Yes,6.0,7.8,Low
Great,Very Light,7.9,Energized,Social,Yes,3.7,7.7,Very Low
Good,Very Light,9.3,Energized,Very Social,Yes,3.6,8.5,Very Low
Good,Heavy,6.9,Okay,Moderate,No,6.5,2.8,Normal
Okay,Heavy,8.0,Okay,Minimal,Yes,4.3,4.6,Normal
Great,Moderate,7.3,Energized,Social,Yes,4.4,5.7,Low
Great,Moderate,7.0,Very Energized,Very Social,Yes,4.9,6.7,Very Low
Low Mood,Very Heavy,6.8,Exhausted,Moderate,No,6.2,5.3,High
Stressed,Very Heavy,4.4,Tired,None,Yes,8.6,3.8,Very High
Good,Heavy,8.0,Okay,Moderate,Yes,5.8,6.8,Low
Low Mood,Very Heavy,4.9,Exhausted,Minimal,No,8.2,3.0,Very High
Stressed,Heavy,6.1,Tired,Minimal,No,8.1,3.5,High
Good,Very Light,8.7,Energized,Very Social,Yes,3.2,10.8,Very Low
Great,Light,9.8,Energized,Very Social,Yes,2.4,10.3,Very Low
Low Mood,Light,6.8,Okay,Social,No,3.5,4.2,Normal
Good,Moderate,8.5,Energized,Minimal,No,5.3,6.1,Low
Stressed,Heavy,5.2,Tired,None,No,9.0,3.8,High
Low Mood,Light,6.8,Okay,Moderate,Yes,5.7,4.7,Low
Good,Light,6.7,Okay,Minimal,Yes,4.1,7.4,Low
Low Mood,Moderate,5.5,Okay,Moderate,Yes,8.8,3.1,Normal
Great,Moderate,7.8,Energized,Social,Yes,3.7,8.1,Very Low
Okay,Very Heavy,6.8,Okay,Moderate,No,8.4,3.9,High
Good,Moderate,6.5,Energized,Minimal,Yes,4.0,6.0,Low
Good,Light,6.7,Okay,Minimal,Yes,4.7,5.6,Low
Low Mood,Heavy,6.1,Tired,Social,Yes,3.5,4.3,Normal
Great,Light,8.8,Okay,Moderate,Yes,4.5,5.6,Very Low
Low Mood,Moderate,8.4,Okay,Social,Yes,3.8,5.7,Normal
Great,Light,8.0,Okay,Very Social,Yes,3.8,5.1,Very Low
Low Mood,Moderate,6.4,Okay,Minimal,No,8.9,4.6,High
Great,Light,8.5,Very Energized,Very Social,Yes,2.5,8.9,Very Low
Okay,Moderate,6.4,Okay,Minimal,No,6.0,2.1,Normal
Stressed,Very Heavy,5.1,Tired,Moderate,No,7.5,3.1,Very High
Stressed,Very Heavy,5.2,Tired,None,No,5.3,3.1,Very High
Okay,Heavy,7.3,Energized,Minimal,Yes,4.3,5.7,Low
Great,Very Light,7.1,Very Energized,Very Social,No,3.5,7.7,Very Low
Good,Light,7.1,Energized,Social,Yes,4.8,6.0,Low
Good,Moderate,6.2,Okay,Minimal,No,3.9,4.4,Normal
Okay,Moderate,6.3,Energized,Moderate,No,3.5,6.4,Low
Okay,Very Light,7.7,Okay,Very Social,Yes,3.0,9.8,Low
Okay,Moderate,6.8,Energized,Social,Yes,3.8,7.9,Low
Stressed,Heavy,4.9,Tired,None,No,9.7,1.0,Very High
Low Mood,Light,6.0,Tired,Moderate,No,3.6,5.8,Normal
Low Mood,Heavy,7.2,Tired,Social,Yes,3.1,6.7,Normal
Good,Very Light,7.2,Very Energized,Very Social,No,2.3,6.2,Very Low
Good,Moderate,9.2,Okay,Very Social,Yes,3.5,6.1,Low
Stressed,Very Heavy,5.7,Exhausted,None,Yes,6.0,3.5,Very High
Great,Light,7.6,Very Energized,Social,Yes,2.8,9.2,Very Low
Good,Heavy,7.9,Energized,Moderate,No,4.8,7.6,Low
Stressed,Heavy,4.2,Exhausted,Minimal,No,7.5,4.0,Very High
Great,Light,8.2,Very Energized,Very Social,Yes,1.7,11.9,Very Low
Okay,Light,8.3,Okay,Minimal,Yes,4.8,7.9,Low
Stressed,Heavy,5.9,Exhausted,None,Yes,8.6,5.6,High
Stressed,Very Heavy,5.0,Exhausted,None,Yes,9.3,3.1,Very High
Low Mood,Very Heavy,5.8,Tired,Minimal,No,7.7,1.6,High
Low Mood,Heavy,5.4,Tired,None,No,7.0,3.0,High
Good,Light,8.0,Energized,Moderate,No,3.4,7.8,Low
Okay,Very Light,9.0,Very Energized,Very Social,Yes,3.7,9.6,Very Low
Okay,Light,8.4,Energized,Minimal,Yes,3.7,5.5,Low
Low Mood,Heavy,5.2,Okay,Minimal,Yes,8.2,2.2,Normal
Good,Light,9.1,Very Energized,Moderate,Yes,4.5,7.8,Very Low
Okay,Moderate,7.6,Energized,Moderate,Yes,3.5,4.7,Low
Low Mood,Moderate,6.5,Okay,None,No,7.2,2.8,Normal
Great,Very Light,8.1,Very Energized,Very Social,Yes,2.1,11.4,Very Low
Low Mood,Very Light,6.7,Tired,Social,No,4.4,5.3,Normal
Good,Moderate,8.6,Very Energized,Social,No,3.4,6.1,Very Low
Good,Light,8.5,Very Energized,Very Social,Yes,1.1,10.4,Very Low
Stressed,Moderate,6.5,Exhausted,Minimal,Yes,6.5,2.6,High
Low Mood,Heavy,6.2,Energized,Minimal,Yes,3.1,6.9,Normal
Okay,Heavy,8.4,Tired,Social,Yes,4.7,4.8,Normal
Great,Light,8.5,Energized,Very Social,No,3.6,7.8,Very Low
Okay,Moderate,6.4,Okay,Minimal,No,6.5,4.8,Normal
Okay,Very Light,8.2,Okay,Very Social,Yes,2.9,7.6,Low
Low Mood,Light,6.2,Tired,Minimal,No,4.7,6.1,Normal
Low Mood,Heavy,5.0,Tired,Minimal,No,9.4,2.5,High
Good,Moderate,6.3,Okay,Moderate,Yes,5.9,6.7,Low
Stressed,Heavy,5.4,Tired,None,Yes,6.7,3.9,High
Stressed,Heavy,6.1,Okay,None,No,6.9,5.5,High
Good,Moderate,6.7,Tired,Social,No,3.5,8.0,Normal
Stressed,Very Heavy,4.7,Exhausted,None,No,7.9,2.6,Very High
Great,Heavy,6.9,Tired,Moderate,Yes,3.4,7.7,Low
Low Mood,Moderate,6.5,Tired,Moderate,No,5.5,6.1,Normal
Okay,Light,6.8,Energized,Moderate,No,5.9,6.0,Low
Low Mood,Moderate,5.1,Exhausted,None,No,9.3,3.4,High
Great,Light,8.8,Energized,Very Social,Yes,1.3,10.2,Very Low
Good,Very Light,7.7,Very Energized,Social,Yes,3.5,8.4,Very Low
Great,Very Light,9.5,Energized,Social,No,1.9,10.4,Very Low
Okay,Very Light,9.4,Very Energized,Social,Yes,2.1,9.1,Very Low
Okay,Moderate,7.9,Very Energized,Moderate,No,3.3,9.6,Low
Stressed,Heavy,6.4,Tired,None,No,8.9,4.4,High
Low Mood,Very Heavy,6.0,Exhausted,Moderate,Yes,7.4,2.1,High
Stressed,Very Heavy,5.6,Exhausted,None,No,9.6,3.3,Very High
Good,Light,6.4,Tired,Minimal,No,3.2,4.5,Low
Good,Light,9.4,Energized,Social,Yes,3.8,10.9,Very Low
Good,Heavy,6.4,Okay,Social,Yes,4.5,7.3,Normal
Low Mood,Light,6.2,Energized,Minimal,No,5.9,5.5,Normal
Low Mood,Heavy,5.4,Tired,None,No,7.7,3.9,High
Okay,Heavy,4.3,Tired,None,No,7.6,2.4,High
Low Mood,Heavy,5.7,Tired,None,No,7.2,2.4,High
Stressed,Heavy,8.3,Okay,Social,Yes,4.5,5.1,Normal
Low Mood,Heavy,5.1,Exhausted,Moderate,No,6.1,2.7,High
Good,Very Light,9.4,Very Energized,Social,Yes,3.8,10.5,Very Low
Okay,Heavy,5.8,Exhausted,None,No,8.6,4.0,High
Stressed,Heavy,6.5,Tired,Minimal,No,5.2,2.0,High
Great,Moderate,7.2,Energized,Moderate,No,4.5,7.9,Low
Great,Moderate,7.2,Okay,Social,No,2.5,6.3,Low
Stressed,Heavy,4.7,Tired,None,No,7.6,2.5,High
Low Mood,Moderate,7.9,Energized,Social,No,5.1,5.2,Normal
Okay,Heavy,6.2,Exhausted,None,Yes,7.2,3.0,High
Great,Light,7.2,Energized,Very Social,No,3.3,5.4,Very Low
Okay,Light,8.5,Energized,Social,Yes,3.8,8.3,Low
Great,Light,9.7,Energized,Very Social,Yes,1.5,9.0,Very Low
Good,Very Light,9.8,Energized,Very Social,Yes,1.3,10.6,Very Low
Good,Very Light,7.3,Okay,Very Social,Yes,4.1,9.4,Very Low
Good,Very Light,8.6,Very Energized,Moderate,Yes,3.4,9.3,Very Low
Good,Heavy,6.4,Tired,Social,No,5.8,5.2,Normal
Good,Heavy,6.4,Energized,Minimal,Yes,3.3,4.8,Low
Great,Very Light,10.0,Very Energized,Very Social,Yes,1.9,9.0,Very Low
Okay,Light,7.3,Very Energized,Very Social,Yes,2.0,8.2,Very Low
Good,Very Light,8.1,Very Energized,Social,Yes,3.7,7.9,Very Low
Okay,Light,6.2,Tired,Moderate,No,5.1,5.0,Normal
Okay,Moderate,8.1,Energized,Minimal,Yes,4.4,6.7,Low
Good,Moderate,6.4,Okay,Minimal,No,5.2,4.8,Normal
Stressed,Heavy,6.0,Okay,None,No,5.9,5.0,Normal
Low Mood,Heavy,5.3,Tired,None,No,9.4,2.7,High
Okay,Moderate,7.5,Energized,Very Social,Yes,3.7,9.1,Low
Stressed,Heavy,5.1,Okay,Moderate,No,5.9,5.6,High
Good,Light,8.1,Energized,Very Social,Yes,3.4,5.4,Very Low
Good,Very Light,9.4,Okay,Social,No,4.9,9.4,Low
Okay,Moderate,9.2,Very Energized,Social,Yes,4.2,5.0,Very Low
Low Mood,Moderate,8.6,Okay,Social,Yes,4.9,6.3,Normal
Low Mood,Heavy,8.3,Energized,Social,No,4.0,4.8,Normal
Good,Very Light,9.5,Energized,Social,Yes,2.1,7.8,Very Low
Low Mood,Moderate,8.2,Energized,Social,No,4.8,6.4,Normal
Okay,Very Light,7.1,Energized,Very Social,No,3.6,5.4,Low
Low Mood,Moderate,8.1,Okay,Minimal,No,5.5,4.9,Normal
Great,Very Light,8.6,Energized,Social,Yes,2.6,7.3,Very Low
Okay,Moderate,5.4,Okay,None,No,6.7,3.4,Normal
Good,Very Light,9.2,Energized,Social,Yes,2.3,8.9,Very Low
Great,Very Light,8.4,Energized,Very Social,Yes,2.5,7.5,Very Low
Great,Moderate,7.2,Tired,Minimal,No,4.8,7.3,Normal
Good,Light,7.4,Energized,Minimal,No,4.6,7.5,Low
Okay,Very Heavy,5.9,Okay,Moderate,No,6.0,4.4,Normal
Great,Moderate,7.5,Tired,Moderate,Yes,5.5,7.6,Low
Good,Very Light,8.0,Energized,Social,No,3.2,8.7,Very Low
Low Mood,Heavy,5.0,Tired,Minimal,No,8.6,1.1,High
Stressed,Heavy,4.3,Exhausted,Minimal,No,8.3,3.6,Very High
Okay,Moderate,6.1,Energized,Social,No,4.3,7.2,Normal
Great,Very Light,8.8,Very Energized,Very Social,Yes,5.0,5.2,Very Low
Good,Moderate,7.0,Okay,Minimal,Yes,4.2,5.6,Low
Great,Very Light,8.3,Energized,Social,No,3.7,9.1,Very Low
Okay,Moderate,7.5,Energized,Moderate,No,3.0,5.7,Normal
Stressed,Heavy,6.2,Okay,Minimal,No,8.7,4.7,High
Good,Light,8.5,Energized,Very Social,Yes,2.0,11.0,Very Low
Okay,Moderate,8.0,Okay,Moderate,Yes,5.4,7.2,Low
Low Mood,Light,6.5,Tired,Moderate,Yes,5.1,5.3,Normal
Good,Very Light,9.6,Very Energized,Social,No,2.2,11.9,Very Low
Low Mood,Light,7.4,Tired,Moderate,Yes,3.9,7.2,Normal
Good,Light,9.9,Energized,Social,Yes,2.1,8.6,Very Low
Stressed,Very Heavy,5.4,Tired,Minimal,No,6.0,5.9,Very High
Great,Very Light,7.3,Energized,Social,Yes,3.6,6.2,Very Low
Okay,Very Heavy,8.1,Okay,Moderate,Yes,3.6,6.9,Normal
Stressed,Very Heavy,5.8,Okay,Minimal,Yes,7.2,4.9,High
Good,Very Light,9.6,Energized,Social,Yes,1.5,10.5,Very Low
Great,Moderate,8.6,Energized,Social,Yes,2.6,7.8,Very Low
Stressed,Very Heavy,4.5,Exhausted,Minimal,No,7.3,3.4,Very High
Stressed,Very Heavy,5.9,Exhausted,Minimal,No,7.3,3.2,Very High
Good,Very Light,9.3,Energized,Social,No,2.9,8.5,Very Low
Low Mood,Heavy,6.5,Okay,Moderate,No,8.3,5.0,Normal
Stressed,Heavy,5.3,Exhausted,None,No,8.6,3.4,High
Good,Light,8.2,Okay,Social,Yes,3.8,5.1,Very Low
Low Mood,Moderate,6.9,Tired,Minimal,No,3.3,6.1,Normal
Stressed,Heavy,4.3,Tired,Minimal,No,8.8,2.8,High
Great,Moderate,7.5,Very Energized,Social,Yes,4.6,8.6,Very Low
Great,Heavy,6.4,Tired,Social,No,5.8,7.7,Normal
Okay,Very Light,8.9,Energized,Moderate,Yes,4.9,5.4,Low
Great,Very Light,9.0,Energized,Social,Yes,2.2,9.0,Very Low
Good,Very Light,8.9,Very Energized,Moderate,No,2.0,6.3,Very Low
Great,Heavy,8.2,Energized,Moderate,Yes,6.0,6.6,Low
Great,Heavy,7.7,Okay,Moderate,No,3.8,4.0,Low
Okay,Heavy,5.5,Exhausted,Moderate,Yes,6.6,5.8,Normal
Good,Very Light,8.4,Very Energized,Very Social,Yes,2.9,7.1,Very Low
Low Mood,Very Heavy,5.1,Tired,Minimal,Yes,8.8,2.2,High
Stressed,Heavy,5.1,Tired,Minimal,No,8.2,1.3,High
Low Mood,Very Light,7.9,Tired,Social,No,4.7,5.4,Normal
Good,Light,8.4,Energized,Social,Yes,3.7,8.0,Very Low
Stressed,Very Heavy,6.4,Okay,Minimal,Yes,5.5,3.9,High
Great,Light,7.9,Very Energized,Very Social,Yes,2.2,10.3,Very Low
Okay,Heavy,5.7,Okay,Moderate,Yes,5.5,4.6,Normal
Stressed,Moderate,6.5,Tired,Minimal,No,6.6,4.7,High
Low Mood,Moderate,6.6,Exhausted,None,No,5.1,4.2,High
Good,Very Light,8.5,Okay,Moderate,Yes,4.1,7.0,Very Low
Okay,Very Heavy,5.3,Tired,None,Yes,7.2,4.7,High
Okay,Heavy,5.4,Tired,None,No,8.7,3.7,Normal
Stressed,Very Heavy,4.5,Exhausted,None,No,8.6,2.6,Very High
Great,Very Light,8.5,Energized,Social,Yes,2.7,10.1,Very Low
Okay,Moderate,7.3,Okay,Social,No,3.3,5.7,Low
Stressed,Very Heavy,4.4,Exhausted,Minimal,No,7.4,3.1,Very High
Good,Very Light,7.3,Very Energized,Very Social,Yes,4.0,9.2,Very Low
Great,Light,8.0,Very Energized,Very Social,No,2.9,8.8,Very Low
Stressed,Heavy,5.6,Exhausted,Minimal,No,7.0,3.4,High
Low Mood,Very Heavy,6.1,Exhausted,None,Yes,8.6,3.2,High
Low Mood,Heavy,6.0,Tired,Moderate,No,8.3,3.0,High
Low Mood,Heavy,6.0,Okay,Moderate,No,7.9,3.0,High
Low Mood,Heavy,4.9,Exhausted,None,No,8.9,2.3,Very High
Stressed,Very Heavy,5.7,Tired,Minimal,Yes,8.0,3.6,High
Low Mood,Light,6.8,Tired,Minimal,Yes,5.5,4.1,Normal
Good,Light,7.9,Energized,Minimal,No,3.5,6.9,Low
Stressed,Very Heavy,6.5,Tired,Minimal,No,7.9,5.7,High
Stressed,Moderate,6.4,Exhausted,None,Yes,7.0,5.6,High
Okay,Heavy,7.4,Okay,Social,No,3.2,7.9,Normal
Good,Moderate,8.0,Tired,Moderate,Yes,4.6,7.8,Low
Okay,Moderate,8.7,Energized,Moderate,Yes,3.4,8.1,Low
Low Mood,Light,6.2,Okay,Moderate,Yes,4.7,4.8,Low
Great,Light,9.6,Energized,Social,Yes,1.4,10.7,Very Low
Good,Light,7.7,Very Energized,Very Social,Yes,3.1,7.2,Very Low
Okay,Very Light,8.8,Energized,Very Social,No,2.5,8.3,Low
Good,Very Light,6.5,Tired,Minimal,Yes,5.3,6.2,Low
Good,Heavy,8.0,Tired,Moderate,Yes,5.7,7.0,Normal
Good,Light,7.5,Okay,Minimal,Yes,5.9,6.9,Low
Great,Light,7.7,Energized,Moderate,No,5.5,5.9,Low
Good,Light,6.7,Tired,Moderate,No,4.9,8.0,Low
Good,Very Heavy,6.4,Exhausted,Minimal,No,5.8,2.1,High
Good,Light,8.4,Energized,Very Social,Yes,1.1,9.6,Very Low
Stressed,Heavy,6.8,Okay,Minimal,No,8.8,3.3,High
Good,Very Light,8.6,Very Energized,Social,Yes,2.2,6.7,Very Low
Low Mood,Heavy,5.1,Exhausted,None,Yes,7.0,4.8,High
Okay,Moderate,5.7,Exhausted,None,No,7.9,4.7,High
Good,Heavy,6.5,Tired,Social,No,4.7,5.2,Normal
Low Mood,Heavy,5.8,Exhausted,Moderate,No,7.5,5.6,High
Great,Light,8.0,Very Energized,Social,Yes,1.3,7.1,Very Low
Good,Light,6.2,Energized,Minimal,Yes,4.7,7.1,Low
Okay,Heavy,6.7,Tired,Moderate,No,3.5,6.2,Normal
Good,Light,8.4,Energized,Social,Yes,1.8,7.9,Very Low
Good,Heavy,7.8,Energized,Minimal,Yes,3.8,5.6,Low
Stressed,Very Heavy,5.6,Tired,Minimal,No,9.1,2.1,Very High
Good,Very Light,8.2,Energized,Social,Yes,2.8,10.0,Very Low
Great,Light,7.1,Very Energized,Very Social,No,4.2,5.2,Very Low
Low Mood,Moderate,8.9,Okay,Very Social,Yes,3.4,5.3,Normal
Low Mood,Heavy,6.8,Okay,Social,Yes,5.0,6.3,Normal
Stressed,Moderate,5.4,Okay,Moderate,No,8.7,2.3,High
Stressed,Heavy,6.5,Exhausted,None,No,6.4,5.8,High
Low Mood,Heavy,6.5,Exhausted,None,Yes,6.9,2.2,Normal
Stressed,Very Heavy,4.6,Exhausted,None,Yes,7.0,1.6,Very High
Good,Light,7.7,Energized,Minimal,No,3.3,4.8,Low
Stressed,Very Heavy,5.2,Exhausted,None,No,7.1,2.8,Very High
Good,Very Light,9.2,Very Energized,Very Social,Yes,3.6,11.8,Very Low
Good,Light,6.6,Tired,Moderate,No,5.8,4.3,Low
Okay,Light,8.8,Energized,Very Social,Yes,3.0,7.5,Low
Okay,Light,7.2,Tired,Social,No,5.5,7.6,Normal
Low Mood,Light,7.3,Energized,Moderate,Yes,3.8,7.1,Low
Low Mood,Moderate,6.1,Tired,Minimal,Yes,5.9,5.8,Normal
Okay,Light,9.3,Energized,Social,No,4.1,6.9,Very Low
Stressed,Very Heavy,5.0,Tired,None,Yes,8.7,5.6,Very High
Good,Very Light,9.5,Okay,Moderate,Yes,4.5,6.9,Low
Good,Light,9.3,Energized,Social,No,2.2,8.8,Low
Stressed,Very Heavy,6.3,Okay,Minimal,No,7.3,4.2,High
Okay,Very Heavy,5.1,Okay,Moderate,No,8.5,4.3,High
Stressed,Heavy,7.1,Energized,Minimal,Yes,3.9,4.6,Normal
Good,Light,9.1,Energized,Very Social,Yes,3.7,9.1,Very Low
Great,Moderate,8.9,Energized,Very Social,No,3.7,5.2,Very Low
Good,Light,8.0,Okay,Social,Yes,4.7,9.9,Very Low
Stressed,Heavy,6.9,Exhausted,Moderate,No,8.8,3.7,High
Good,Light,9.7,Energized,Social,No,1.6,7.6,Low
Low Mood,Moderate,5.3,Exhausted,Minimal,No,7.2,3.0,High
Good,Very Light,9.4,Energized,Very Social,No,2.6,8.8,Very Low
Stressed,Moderate,4.3,Exhausted,Minimal,No,9.0,2.9,High
Low Mood,Very Heavy,5.5,Exhausted,Minimal,No,8.8,1.7,High
Low Mood,Moderate,7.7,Energized,Social,Yes,3.9,6.9,Low
Okay,Light,8.5,Okay,Moderate,Yes,4.9,9.7,Low
Good,Moderate,8.1,Very Energized,Moderate,No,2.9,8.4,Low
Okay,Moderate,6.5,Tired,Moderate,No,3.3,7.7,Normal
Okay,Heavy,6.0,Tired,Minimal,No,6.0,3.3,High
Low Mood,Heavy,8.3,Tired,Social,Yes,4.1,7.7,Normal
Good,Light,9.2,Energized,Very Social,Yes,2.0,7.6,Very Low
Stressed,Heavy,5.2,Exhausted,Moderate,No,8.6,4.4,High
Low Mood,Heavy,5.8,Exhausted,Moderate,No,8.7,2.9,High
Low Mood,Moderate,7.2,Okay,Minimal,Yes,5.9,6.9,Normal
Low Mood,Heavy,6.3,Okay,None,Yes,6.3,5.3,Normal
Stressed,Heavy,6.2,Tired,None,Yes,8.2,5.0,High
Great,Moderate,9.3,Energized,Very Social,Yes,2.6,7.4,Very Low
Stressed,Light,7.2,Okay,Moderate,No,5.8,5.1,Normal
Great,Light,8.6,Energized,Social,Yes,1.7,7.4,Very Low
Low Mood,Heavy,6.3,Okay,Minimal,No,8.1,4.9,Normal
Stressed,Moderate,5.2,Okay,Moderate,No,7.4,4.5,High
Low Mood,Moderate,8.4,Energized,Minimal,No,5.0,8.0,Normal
Stressed,Very Heavy,4.2,Tired,None,No,9.8,2.1,Very High
Low Mood,Heavy,5.6,Exhausted,Minimal,No,9.5,3.6,High
Good,Heavy,7.4,Tired,Social,Yes,5.0,7.9,Low
Okay,Moderate,5.2,Tired,Minimal,No,7.9,5.4,Normal
Great,Light,8.4,Energized,Moderate,Yes,2.5,7.8,Very Low
Low Mood,Light,6.2,Tired,Moderate,No,3.1,5.8,Normal
Stressed,Heavy,5.2,Exhausted,Moderate,No,8.6,5.5,Very High
Low Mood,Heavy,5.1,Okay,Minimal,No,7.8,3.4,High
Low Mood,Very Heavy,6.2,Exhausted,None,No,7.3,2.4,High
Great,Light,8.9,Energized,Social,Yes,3.7,7.9,Very Low
Good,Light,8.0,Energized,Very Social,Yes,1.3,7.4,Very Low
Stressed,Heavy,4.5,Tired,None,No,7.1,3.5,Very High
Good,Very Light,9.8,Energized,Social,Yes,1.1,11.5,Very Low
Okay,Light,5.0,Tired,Moderate,Yes,5.5,3.1,Normal
Stressed,Very Heavy,4.3,Exhausted,None,No,8.0,2.6,Very High
Stressed,Very Heavy,6.0,Tired,Moderate,No,5.1,5.1,High
Low Mood,Moderate,6.1,Exhausted,Moderate,No,6.2,3.2,Normal
Low Mood,Heavy,4.6,Exhausted,Minimal,No,9.3,3.0,High
Great,Light,7.2,Energized,Social,Yes,4.8,9.2,Very Low
Stressed,Heavy,6.5,Energized,Social,No,3.4,4.3,High
Low Mood,Very Heavy,6.5,Okay,Moderate,Yes,6.5,2.0,High
Good,Moderate,7.5,Energized,Moderate,No,3.7,7.0,Low
Okay,Heavy,6.9,Tired,Social,No,5.0,6.7,Normal
Great,Very Light,8.4,Energized,Social,Yes,2.2,10.2,Very Low
Stressed,Moderate,5.6,Exhausted,None,No,9.0,5.9,High
Good,Heavy,6.4,Okay,Minimal,Yes,3.5,4.9,Normal
Good,Very Light,8.6,Very Energized,Very Social,Yes,2.3,8.0,Very Low
Great,Very Light,7.2,Okay,Social,Yes,3.6,10.0,Very Low
Low Mood,Very Heavy,5.1,Exhausted,Minimal,No,8.8,3.6,Very High
Okay,Very Light,7.9,Okay,Very Social,No,4.8,8.3,Low
Good,Moderate,6.5,Okay,Moderate,No,3.2,4.0,Normal
Great,Very Light,9.1,Okay,Moderate,Yes,2.8,6.4,Very Low
Okay,Light,7.6,Energized,Social,Yes,4.3,7.8,Low
Okay,Heavy,5.4,Tired,Minimal,No,5.4,5.7,High
Good,Moderate,8.9,Okay,Very Social,No,3.1,9.8,Normal
Good,Moderate,7.4,Okay,Moderate,No,3.9,6.3,Low
Low Mood,Heavy,6.2,Tired,Moderate,No,5.7,3.8,Normal
Good,Moderate,7.9,Okay,Minimal,Yes,5.0,6.4,Low
Great,Moderate,7.3,Okay,Social,Yes,4.1,5.8,Low
Good,Moderate,6.0,Tired,Minimal,Yes,5.0,7.7,Low
Okay,Heavy,9.0,Very Energized,Social,Yes,4.5,7.4,Low
Low Mood,Moderate,6.2,Exhausted,None,No,6.1,4.6,High
Good,Light,6.1,Okay,Minimal,Yes,5.9,4.0,Low
Stressed,Heavy,4.2,Tired,None,No,7.6,3.8,High
Stressed,Very Heavy,6.6,Exhausted,Minimal,No,7.8,4.8,Very High
Okay,Moderate,7.1,Okay,Moderate,Yes,2.2,5.4,Normal
Low Mood,Light,7.3,Tired,Minimal,Yes,5.6,6.5,Low
Low Mood,Very Heavy,5.0,Exhausted,Minimal,No,7.5,1.2,Very High
Great,Moderate,9.3,Very Energized,Very Social,Yes,2.9,7.7,Very Low
Low Mood,Light,6.8,Okay,Minimal,Yes,3.0,5.7,Low
Okay,Heavy,6.6,Exhausted,Minimal,No,5.2,4.8,Normal
Okay,Moderate,7.7,Very Energized,Social,Yes,4.1,9.3,Low
Okay,Moderate,6.8,Okay,Moderate,Yes,4.0,7.6,Low
Good,Very Light,8.2,Very Energized,Social,Yes,3.1,9.3,Very Low
Good,Moderate,6.9,Tired,Minimal,Yes,3.1,7.2,Low
Good,Moderate,8.1,Okay,Minimal,No,5.0,6.0,Low
Stressed,Heavy,5.8,Tired,Minimal,No,9.5,2.1,High
Great,Heavy,8.4,Energized,Minimal,No,4.1,7.7,Low
Okay,Very Light,7.4,Energized,Social,Yes,4.2,5.3,Low
Low Mood,Heavy,7.4,Tired,Social,Yes,4.4,7.6,Normal
Stressed,Moderate,5.4,Exhausted,None,No,8.9,3.0,Very High
Okay,Very Light,7.1,Energized,Social,Yes,2.4,8.2,Very Low
Okay,Very Light,9.0,Very Energized,Social,Yes,4.8,5.4,Very Low
Okay,Light,6.6,Tired,Moderate,No,4.9,5.1,Normal
Good,Very Light,7.8,Okay,Social,Yes,5.0,6.2,Low
Great,Moderate,9.1,Very Energized,Moderate,No,3.2,7.9,Very Low
Good,Moderate,7.8,Energized,Social,No,4.9,6.3,Low
Great,Light,8.6,Very Energized,Social,Yes,2.8,10.5,Very Low
Good,Very Light,8.1,Energized,Very Social,Yes,4.0,11.6,Very Low
Stressed,Heavy,6.4,Tired,Minimal,No,6.5,4.5,High
Stressed,Very Heavy,6.5,Tired,Moderate,No,6.3,5.5,High
Low Mood,Heavy,8.1,Okay,Moderate,Yes,3.9,4.7,Normal
Great,Heavy,8.1,Energized,Moderate,No,5.5,4.4,Low
Low Mood,Very Heavy,4.5,Exhausted,Minimal,No,9.0,2.6,Very High
Low Mood,Moderate,7.4,Energized,Social,No,5.7,6.2,Normal
Okay,Moderate,6.2,Okay,Minimal,No,7.0,2.2,Normal
Great,Light,9.2,Energized,Very Social,Yes,1.1,11.0,Very Low
Stressed,Very Heavy,5.9,Exhausted,None,Yes,9.5,2.7,Very High
Okay,Heavy,7.9,Okay,Moderate,No,4.4,7.8,Normal
Good,Light,6.1,Okay,Minimal,Yes,3.1,4.1,Very Low
Great,Moderate,8.4,Okay,Very Social,Yes,4.3,6.5,Low
Great,Very Light,9.2,Energized,Very Social,Yes,3.3,7.6,Very Low
Okay,Moderate,7.5,Tired,Social,Yes,5.9,7.8,Normal
Stressed,Light,7.5,Energized,Social,No,4.9,7.6,Normal
Good,Very Light,7.3,Very Energized,Very Social,Yes,4.0,7.2,Very Low
Okay,Light,8.2,Very Energized,Moderate,Yes,3.1,6.0,Low
Good,Light,7.1,Energized,Social,No,4.3,6.9,Low
Great,Very Light,8.4,Very Energized,Very Social,Yes,1.5,7.5,Very Low
Low Mood,Very Heavy,5.5,Tired,Minimal,No,7.4,3.1,High
Stressed,Heavy,5.8,Tired,Moderate,No,5.3,5.2,High
Good,Very Light,9.5,Very Energized,Social,Yes,1.2,9.6,Very Low
Okay,Very Light,7.5,Okay,Moderate,No,5.7,5.5,Low
Great,Very Light,7.8,Very Energized,Moderate,Yes,4.9,8.4,Very Low
Okay,Moderate,6.2,Exhausted,None,Yes,8.1,4.8,Normal
Okay,Very Light,7.3,Very Energized,Social,Yes,2.1,7.7,Very Low
Okay,Light,6.2,Okay,Moderate,No,3.2,7.9,Low
Stressed,Very Heavy,6.0,Exhausted,Minimal,No,7.7,1.1,Very High
Stressed,Very Heavy,4.7,Exhausted,Minimal,No,8.9,2.5,Very High
Good,Light,8.7,Energized,Social,Yes,3.8,9.4,Very Low
Low Mood,Very Heavy,6.9,Exhausted,Moderate,No,7.1,5.0,High
Stressed,Heavy,5.7,Okay,Minimal,No,5.3,2.7,High
Great,Very Light,8.2,Very Energized,Moderate,Yes,3.4,5.2,Very Low
Okay,Very Heavy,6.5,Exhausted,None,Yes,7.4,3.0,Normal
Stressed,Heavy,6.2,Tired,None,No,5.8,5.4,High
Stressed,Very Heavy,6.0,Tired,Moderate,No,5.8,4.3,Very High
Great,Very Light,7.8,Energized,Very Social,Yes,1.5,7.7,Very Low
Low Mood,Light,7.8,Tired,Minimal,Yes,4.5,6.6,Normal
Great,Light,9.1,Energized,Social,No,3.9,5.4,Very Low
Low Mood,Light,6.7,Tired,Minimal,Yes,5.2,5.0,Normal
Great,Light,7.3,Very Energized,Moderate,Yes,3.2,6.7,Very Low
Good,Moderate,8.1,Energized,Social,Yes,4.2,6.1,Very Low
Low Mood,Very Heavy,5.2,Tired,None,No,7.2,2.1,Very High
Great,Very Light,7.9,Energized,Social,No,2.7,9.3,Very Low
Good,Moderate,8.3,Tired,Minimal,Yes,3.3,4.5,Normal
Good,Very Light,8.6,Very Energized,Very Social,Yes,2.4,5.8,Very Low
Low Mood,Heavy,6.4,Okay,None,No,5.8,2.5,High
Good,Very Light,10.0,Energized,Very Social,Yes,2.5,10.2,Very Low
Stressed,Light,7.2,Energized,Minimal,No,4.9,6.8,Normal
Stressed,Light,6.9,Okay,None,No,8.9,3.2,Normal
Low Mood,Light,7.8,Tired,Social,Yes,5.2,6.2,Normal
Low Mood,Moderate,7.7,Energized,Minimal,No,5.7,7.9,Low
Good,Moderate,7.4,Energized,Moderate,No,3.1,4.0,Low
Great,Very Light,8.1,Energized,Social,No,3.0,8.2,Very Low
Great,Very Light,8.7,Energized,Very Social,No,3.2,11.1,Very Low
Stressed,Moderate,5.1,Tired,Moderate,Yes,6.4,5.7,High
Great,Light,8.9,Okay,Moderate,No,2.4,8.4,Low
Stressed,Heavy,4.3,Exhausted,Minimal,No,8.3,4.0,High
Great,Moderate,7.0,Energized,Social,No,3.3,9.2,Low
Good,Very Light,8.9,Very Energized,Social,Yes,4.6,9.7,Very Low
Good,Very Heavy,6.5,Tired,Minimal,No,3.5,6.3,Normal
Okay,Heavy,6.7,Energized,Moderate,Yes,5.8,7.2,Normal
Low Mood,Very Heavy,5.6,Exhausted,None,No,8.9,2.2,Very High
Stressed,Very Heavy,4.9,Tired,None,No,8.5,1.1,High
Low Mood,Moderate,6.7,Okay,Minimal,No,5.6,5.2,Normal
Great,Light,8.4,Okay,Social,Yes,3.3,6.1,Very Low
Okay,Light,9.3,Energized,Social,Yes,2.2,6.1,Very Low
Low Mood,Very Heavy,6.1,Tired,None,No,6.5,4.5,High
Low Mood,Very Heavy,5.9,Exhausted,None,No,5.7,5.8,High
Okay,Very Heavy,5.3,Okay,Minimal,Yes,7.8,4.5,Normal
Great,Moderate,7.1,Very Energized,Moderate,Yes,4.0,9.7,Very Low
Okay,Heavy,7.4,Okay,Minimal,No,3.9,5.1,Normal
Low Mood,Moderate,6.0,Tired,None,No,6.7,4.8,Normal
Good,Light,8.4,Energized,Moderate,No,2.0,8.4,Low
Okay,Moderate,7.2,Energized,Minimal,Yes,3.8,4.9,Low
Low Mood,Heavy,6.5,Tired,None,Yes,6.1,2.8,Normal
Stressed,Moderate,6.8,Tired,None,No,6.0,4.1,Normal
Good,Moderate,7.0,Tired,Social,Yes,4.2,4.9,Low
Stressed,Very Heavy,4.3,Tired,None,No,9.9,4.0,Very High
Low Mood,Heavy,4.8,Tired,None,No,9.7,2.5,High
Good,Very Light,9.1,Very Energized,Social,Yes,2.5,5.2,Very Low
Great,Light,8.8,Very Energized,Social,Yes,3.4,7.7,Very Low
Good,Light,8.3,Energized,Very Social,Yes,1.4,9.1,Very Low
Low Mood,Heavy,5.6,Tired,Minimal,Yes,8.5,3.1,High
Low Mood,Very Heavy,4.5,Exhausted,Minimal,No,9.1,1.1,Very High
Low Mood,Heavy,7.6,Tired,Moderate,Yes,4.6,6.2,Normal
Low Mood,Heavy,5.7,Exhausted,Minimal,Yes,9.8,1.0,High
Okay,Moderate,7.7,Very Energized,Moderate,No,4.8,6.7,Low
Stressed,Moderate,7.0,Okay,Minimal,Yes,8.0,3.9,Normal
Good,Light,9.0,Energized,Moderate,Yes,2.6,6.1,Very Low
Low Mood,Light,7.3,Okay,Moderate,Yes,4.6,6.7,Normal
Okay,Very Light,7.9,Energized,Moderate,Yes,3.1,7.1,Very Low
Okay,Light,8.4,Okay,Social,No,3.2,9.7,Low
Stressed,Heavy,5.5,Tired,Minimal,No,8.0,5.3,High
Low Mood,Heavy,6.1,Okay,Moderate,No,5.7,4.7,High
Good,Very Light,7.6,Very Energized,Social,Yes,2.3,8.6,Very Low
Low Mood,Light,6.0,Tired,Social,No,5.5,6.5,Normal
Okay,Very Heavy,7.8,Energized,Moderate,Yes,4.1,7.4,Normal
Good,Heavy,7.4,Tired,Social,No,3.6,5.6,Low
Okay,Light,7.9,Tired,Minimal,Yes,4.6,7.8,Normal
Good,Very Light,8.6,Very Energized,Very Social,Yes,3.1,9.7,Very Low
Stressed,Heavy,5.7,Okay,None,No,7.3,3.9,High
Okay,Light,9.7,Energized,Social,Yes,2.8,9.8,Very Low
Okay,Heavy,7.0,Energized,Minimal,Yes,5.3,7.4,Low
Okay,Very Light,8.2,Okay,Social,No,2.6,5.3,Low
Good,Very Light,9.5,Energized,Social,Yes,2.9,7.4,Very Low
Stressed,Very Heavy,6.1,Exhausted,None,No,6.6,5.8,Very High
Okay,Moderate,8.2,Okay,Social,Yes,3.5,4.5,Low
Great,Light,7.0,Energized,Social,No,2.0,6.7,Very Low
Okay,Heavy,8.2,Okay,Social,Yes,4.1,7.7,Normal
Good,Moderate,6.5,Energized,Moderate,No,3.4,7.4,Low
Okay,Light,9.4,Very Energized,Social,No,3.8,7.3,Very Low
Okay,Heavy,7.7,Energized,Minimal,Yes,4.7,4.8,Normal
Good,Heavy,6.7,Okay,Minimal,Yes,4.7,4.7,Low
Okay,Heavy,9.1,Okay,Moderate,Yes,4.2,6.8,Normal
Stressed,Very Heavy,6.3,Okay,None,Yes,7.9,2.5,Normal
Okay,Light,7.4,Okay,Very Social,No,4.4,8.2,Normal
Low Mood,Heavy,6.7,Okay,Minimal,No,8.3,3.5,Normal
Low Mood,Light,7.4,Okay,Moderate,No,4.7,6.9,Normal
Stressed,Heavy,5.8,Exhausted,Minimal,Yes,8.6,1.5,High
Okay,Heavy,7.0,Okay,Social,No,5.1,6.6,Normal
Good,Light,8.4,Tired,Minimal,Yes,5.5,4.3,Normal
Great,Very Light,9.8,Energized,Social,Yes,1.0,7.0,Very Low
Okay,Heavy,8.4,Okay,Minimal,No,5.2,6.0,Normal
Good,Very Light,8.5,Energized,Social,Yes,3.5,8.2,Very Low
Okay,Moderate,8.4,Energized,Moderate,No,5.8,5.5,Low
Okay,Light,8.3,Very Energized,Social,No,4.6,6.8,Very Low
Stressed,Heavy,5.2,Exhausted,None,Yes,8.6,2.6,High
Okay,Heavy,7.6,Energized,Moderate,No,5.7,5.9,Normal
Good,Very Light,7.2,Very Energized,Moderate,Yes,3.5,5.9,Very Low
Okay,Very Heavy,4.0,Exhausted,None,No,8.9,3.0,High
Okay,Moderate,7.8,Okay,Minimal,Yes,3.9,4.3,Normal
Good,Heavy,6.9,Okay,Minimal,Yes,3.6,5.7,Low
Great,Very Light,8.7,Energized,Very Social,Yes,4.7,6.6,Very Low
Good,Moderate,6.1,Tired,Minimal,No,5.7,5.8,Normal
Low Mood,Moderate,7.4,Tired,Social,No,3.8,6.8,Normal
Okay,Light,7.0,Energized,Social,Yes,5.6,6.7,Low
Stressed,Moderate,5.6,Exhausted,Moderate,No,7.8,4.1,High
Low Mood,Light,8.2,Okay,Moderate,No,2.4,5.7,Normal
Stressed,Very Heavy,5.3,Exhausted,Minimal,No,8.4,5.7,High
Low Mood,Heavy,5.1,Exhausted,None,No,8.1,1.1,Very High
Stressed,Heavy,4.1,Exhausted,None,Yes,8.6,3.7,High
Low Mood,Light,8.0,Energized,Moderate,No,4.2,5.6,Normal
Good,Very Light,8.8,Very Energized,Very Social,Yes,3.4,11.8,Very Low
Good,Very Heavy,5.5,Okay,Moderate,Yes,7.3,5.6,Normal
Low Mood,Heavy,5.0,Tired,Minimal,No,7.6,1.1,High
Low Mood,Moderate,6.1,Tired,Moderate,Yes,3.8,5.4,Normal
Okay,Light,7.1,Very Energized,Social,No,4.3,7.7,Low
Stressed,Very Heavy,6.2,Tired,Minimal,No,7.6,2.0,Very High
Okay,Light,6.8,Energized,Social,Yes,5.7,7.9,Low
Low Mood,Heavy,4.1,Tired,Minimal,No,8.7,3.8,Very High
Great,Light,8.6,Very Energized,Social,Yes,1.2,7.1,Very Low
Low Mood,Heavy,6.4,Okay,None,No,6.9,4.3,Normal
Stressed,Very Heavy,4.2,Tired,Minimal,No,9.1,2.5,Very High
Stressed,Light,6.0,Okay,Moderate,Yes,7.4,2.2,Normal
Low Mood,Heavy,4.6,Exhausted,None,No,7.8,2.3,High
Okay,Light,7.2,Okay,Minimal,No,5.0,5.7,Normal
Low Mood,Heavy,4.1,Exhausted,None,No,7.9,1.1,High
Good,Very Light,8.3,Energized,Very Social,No,1.1,10.2,Very Low
Great,Heavy,7.9,Energized,Moderate,Yes,2.7,7.9,Low
Okay,Moderate,6.3,Exhausted,None,No,8.8,2.7,High
Great,Moderate,9.3,Energized,Very Social,Yes,3.5,6.1,Low
Okay,Very Heavy,5.4,Exhausted,Moderate,No,5.3,4.8,High
Good,Very Heavy,6.5,Okay,None,Yes,7.4,3.6,Normal
Good,Very Light,8.8,Energized,Very Social,Yes,4.1,8.8,Very Low
Good,Very Light,7.8,Very Energized,Very Social,Yes,2.0,8.0,Very Low
Okay,Light,7.8,Energized,Social,No,3.5,5.3,Low
Stressed,Moderate,5.8,Tired,Minimal,Yes,7.8,2.9,Normal
Good,Light,7.7,Very Energized,Social,Yes,2.5,7.0,Very Low
Low Mood,Heavy,6.6,Tired,Moderate,No,8.1,2.6,High
Great,Moderate,7.1,Okay,Moderate,No,4.0,7.1,Normal
Okay,Light,8.1,Okay,Minimal,Yes,5.8,7.0,Low
Low Mood,Heavy,7.2,Tired,Social,Yes,4.9,6.6,Normal
Good,Heavy,7.1,Okay,Minimal,No,3.5,6.1,Normal
Good,Light,9.1,Okay,Social,No,2.1,8.3,Low
Low Mood,Very Heavy,5.7,Okay,Minimal,Yes,6.0,2.4,High
Great,Light,7.9,Okay,Social,No,4.3,9.3,Low
Stressed,Heavy,5.4,Okay,Moderate,No,5.3,4.0,High
Good,Heavy,6.8,Energized,Moderate,Yes,4.7,6.8,Low
Stressed,Heavy,5.4,Tired,None,No,7.6,3.0,Very High
Okay,Very Light,7.1,Okay,Moderate,Yes,3.0,5.8,Low
Okay,Light,6.6,Energized,Minimal,No,3.5,4.4,Low
Okay,Moderate,8.4,Okay,Social,No,5.6,6.2,Normal
Stressed,Heavy,6.7,Tired,Moderate,No,6.3,2.7,High
Good,Moderate,8.8,Energized,Moderate,Yes,3.0,6.0,Low
Okay,Heavy,6.4,Tired,Moderate,Yes,6.6,2.7,Normal
Okay,Moderate,7.2,Okay,Social,Yes,4.6,8.7,Low
Good,Moderate,7.1,Okay,Social,Yes,2.6,8.6,Low
Good,Heavy,7.7,Okay,Minimal,Yes,4.3,6.4,Normal
Okay,Heavy,8.0,Energized,Moderate,Yes,3.3,6.3,Low
Stressed,Very Heavy,6.0,Okay,None,No,6.2,2.3,High
Okay,Light,9.0,Okay,Social,Yes,2.2,6.4,Low
Okay,Heavy,5.1,Tired,Moderate,Yes,6.5,4.7,High
Great,Very Light,8.1,Very Energized,Social,Yes,1.1,9.7,Very Low
Okay,Light,8.1,Okay,Social,Yes,3.1,8.4,Very Low
Good,Very Light,7.1,Energized,Social,Yes,3.9,7.6,Very Low
Stressed,Light,8.3,Okay,Social,Yes,4.9,7.1,Normal
Good,Very Light,7.2,Very Energized,Very Social,Yes,3.3,5.8,Very Low
Good,Very Light,8.5,Very Energized,Very Social,No,3.2,6.8,Very Low
Low Mood,Moderate,8.1,Tired,Minimal,Yes,3.5,7.7,Normal
Good,Light,9.3,Very Energized,Social,Yes,1.5,11.8,Very Low
Okay,Heavy,7.0,Exhausted,None,No,8.3,4.2,High
Good,Light,9.7,Energized,Social,No,1.9,11.8,Low
Okay,Heavy,8.5,Energized,Minimal,Yes,4.2,6.3,Normal
Good,Light,6.1,Tired,Minimal,Yes,3.0,4.7,Low
Okay,Very Heavy,5.0,Okay,None,No,6.2,5.3,High
Okay,Moderate,7.3,Energized,Moderate,No,3.5,9.1,Low
Low Mood,Moderate,5.8,Okay,Moderate,No,6.0,4.5,Normal
Okay,Very Heavy,8.1,Okay,Social,Yes,4.2,7.2,Normal
Great,Very Light,8.4,Energized,Very Social,No,2.0,11.9,Very Low
Good,Very Light,8.8,Very Energized,Very Social,Yes,3.1,9.1,Very Low
Low Mood,Light,7.9,Energized,Minimal,Yes,5.6,4.7,Low
Low Mood,Heavy,7.1,Okay,Minimal,Yes,5.7,8.0,Normal
Great,Very Light,7.6,Very Energized,Social,Yes,3.3,12.0,Very Low
Okay,Light,9.3,Energized,Moderate,No,3.4,5.7,Low
Great,Light,8.0,Very Energized,Very Social,Yes,2.2,10.5,Very Low
Stressed,Moderate,7.2,Energized,Minimal,No,4.3,4.2,Normal
Okay,Light,9.0,Energized,Moderate,Yes,3.1,6.5,Low
Good,Light,7.9,Tired,Moderate,No,5.8,5.7,Low
Low Mood,Very Heavy,6.8,Tired,Moderate,Yes,5.6,2.1,Normal
Good,Very Light,7.9,Okay,Very Social,Yes,4.4,6.6,Very Low
Okay,Heavy,6.3,Tired,Moderate,No,6.4,3.5,Normal
Great,Light,7.8,Energized,Social,No,2.5,10.0,Very Low
Good,Light,6.3,Energized,Minimal,No,5.7,5.4,Low
Low Mood,Very Heavy,5.5,Tired,None,Yes,5.8,4.9,Normal
Good,Light,9.7,Very Energized,Very Social,Yes,3.0,9.9,Very Low
Okay,Heavy,6.5,Tired,Minimal,No,3.5,6.7,Normal
Great,Moderate,8.0,Okay,Social,Yes,4.2,8.3,Low
Good,Heavy,6.5,Energized,Social,Yes,5.8,4.3,Low
Low Mood,Moderate,6.0,Exhausted,None,No,5.2,5.8,High
Good,Heavy,8.2,Tired,Social,No,4.1,7.0,Low
Low Mood,Moderate,7.9,Energized,Minimal,No,5.6,6.0,Normal
Good,Very Light,8.6,Energized,Very Social,Yes,1.8,7.5,Very Low
Low Mood,Heavy,4.7,Tired,Minimal,No,9.9,2.8,High
Okay,Moderate,7.5,Okay,Minimal,No,4.5,6.9,Normal
Good,Light,8.6,Energized,Very Social,Yes,2.0,8.5,Very Low
Stressed,Very Heavy,4.3,Exhausted,None,No,9.6,2.0,Very High
Low Mood,Very Heavy,6.0,Tired,Moderate,Yes,5.3,5.7,Normal
Okay,Light,6.9,Energized,Minimal,No,5.3,6.2,Low
Good,Very Light,7.1,Energized,Very Social,No,4.4,7.2,Very Low
Stressed,Heavy,6.0,Exhausted,Minimal,No,8.1,1.4,High
Okay,Light,6.2,Okay,Social,No,5.0,6.1,Normal
Good,Moderate,9.3,Okay,Very Social,Yes,4.7,5.0,Low
Low Mood,Heavy,5.3,Exhausted,Minimal,No,7.9,4.2,Very High
Okay,Moderate,8.1,Okay,Minimal,Yes,4.0,6.8,Normal
Great,Heavy,8.3,Okay,Moderate,Yes,3.5,7.5,Low
Okay,Heavy,8.1,Okay,Social,Yes,5.0,5.4,Low
Good,Very Light,7.7,Very Energized,Very Social,Yes,3.5,8.9,Very Low
Okay,Light,7.4,Energized,Very Social,Yes,2.5,8.3,Low
Low Mood,Light,7.0,Tired,Moderate,No,5.9,6.2,Normal
Great,Light,7.6,Okay,Social,Yes,4.1,6.6,Very Low
Good,Moderate,8.5,Energized,Moderate,Yes,2.4,5.1,Low
Stressed,Heavy,6.3,Okay,Minimal,No,8.8,6.0,High
Good,Very Light,9.8,Very Energized,Very Social,Yes,3.5,11.4,Very Low
Low Mood,Moderate,7.8,Okay,Minimal,Yes,4.7,7.5,Low
Good,Moderate,8.3,Energized,Moderate,Yes,3.8,5.0,Low
Great,Moderate,9.4,Energized,Moderate,Yes,4.4,6.5,Low
Okay,Light,7.3,Okay,Social,Yes,4.9,4.1,Low
Great,Light,7.5,Very Energized,Social,No,2.0,11.2,Very Low
Low Mood,Moderate,5.9,Tired,Minimal,No,5.7,5.7,Normal
Okay,Moderate,7.7,Okay,Social,Yes,2.4,7.4,Low
Great,Heavy,8.6,Very Energized,Very Social,Yes,4.8,7.9,Very Low
Low Mood,Very Heavy,6.0,Exhausted,None,No,7.5,2.5,High
Great,Very Light,7.9,Okay,Social,Yes,2.9,5.3,Very Low
Good,Moderate,5.2,Okay,Minimal,No,5.0,4.8,Normal
Okay,Moderate,7.6,Okay,Minimal,No,3.3,7.0,Normal
Low Mood,Very Heavy,4.9,Tired,Minimal,No,7.6,2.4,High
Low Mood,Heavy,4.0,Exhausted,Minimal,No,9.6,1.1,Very High
Low Mood,Moderate,6.0,Tired,None,No,6.6,2.4,Normal
Great,Very Light,10.0,Very Energized,Social,Yes,3.8,10.1,Very Low
Good,Moderate,9.3,Energized,Very Social,Yes,3.1,8.8,Low
Stressed,Moderate,6.4,Energized,Moderate,Yes,3.2,4.9,Normal
Stressed,Very Heavy,5.6,Exhausted,Minimal,No,7.4,1.8,Very High
Okay,Heavy,6.6,Tired,Minimal,No,8.0,4.4,Normal
Low Mood,Moderate,6.6,Tired,Moderate,No,6.9,2.3,Normal
Good,Heavy,6.7,Tired,Minimal,Yes,3.0,8.0,Low
Stressed,Very Heavy,5.3,Exhausted,None,No,7.5,5.8,High
Stressed,Heavy,6.9,Tired,Moderate,No,5.6,2.5,High
Okay,Very Light,7.2,Okay,Very Social,Yes,3.9,7.8,Low
Okay,Heavy,7.8,Tired,Moderate,No,4.6,7.1,Normal
Low Mood,Moderate,5.3,Exhausted,None,Yes,7.0,2.1,High
Low Mood,Very Heavy,5.7,Exhausted,Minimal,No,8.0,1.1,Very High
Low Mood,Heavy,4.4,Tired,None,No,7.5,3.4,High
Good,Moderate,8.5,Energized,Very Social,No,4.9,7.0,Low
Okay,Heavy,7.5,Tired,Minimal,No,4.1,4.2,Normal
Great,Moderate,7.6,Energized,Very Social,No,3.5,7.3,Very Low
Okay,Moderate,5.8,Okay,None,No,6.0,4.2,Normal
Stressed,Moderate,6.6,Exhausted,Minimal,No,5.9,5.2,High
Good,Heavy,5.1,Okay,Moderate,Yes,8.1,5.9,Normal
Stressed,Very Heavy,5.8,Exhausted,Moderate,No,8.9,2.8,Very High
Great,Very Light,7.4,Energized,Social,Yes,4.4,5.3,Very Low
Stressed,Moderate,6.9,Okay,None,Yes,6.8,2.8,High
Okay,Moderate,7.2,Okay,Moderate,Yes,5.8,7.0,Normal
Okay,Heavy,7.1,Tired,Social,No,3.2,5.9,Normal
Okay,Light,9.4,Energized,Moderate,Yes,3.8,8.7,Low
Good,Moderate,6.6,Okay,Minimal,No,4.1,6.0,Normal
Good,Very Light,9.4,Energized,Social,Yes,3.4,8.0,Very Low
Okay,Heavy,6.3,Tired,Moderate,No,5.0,4.8,Normal
Low Mood,Light,8.5,Energized,Social,No,5.9,7.2,Low
Low Mood,Moderate,7.7,Energized,Moderate,No,5.7,6.8,Normal
Okay,Very Heavy,5.3,Tired,Moderate,No,8.4,4.8,Normal
Okay,Light,7.0,Energized,Social,No,4.2,7.6,Low
Great,Light,8.7,Energized,Social,Yes,4.7,8.9,Very Low
Okay,Moderate,6.3,Energized,Minimal,No,3.9,5.7,Normal
Low Mood,Very Heavy,6.7,Exhausted,Minimal,Yes,7.3,2.1,High
Good,Very Light,7.9,Okay,Moderate,Yes,3.8,8.8,Very Low
Good,Heavy,7.8,Tired,Social,No,5.0,4.7,Normal
Okay,Moderate,6.8,Okay,Minimal,No,8.3,4.1,Normal
Good,Moderate,9.7,Energized,Social,Yes,2.9,7.9,Low
Low Mood,Heavy,5.3,Tired,None,No,7.2,3.5,High
Good,Very Light,7.6,Very Energized,Social,Yes,2.2,11.8,Very Low
Great,Very Light,7.5,Energized,Social,Yes,1.1,7.3,Very Low
Good,Light,6.9,Okay,Minimal,Yes,4.0,7.6,Low
Good,Very Light,9.4,Energized,Very Social,No,3.4,8.8,Very Low
Great,Light,8.6,Okay,Very Social,Yes,5.0,8.4,Very Low
Great,Heavy,7.0,Tired,Minimal,No,3.5,6.5,Low
Good,Very Light,8.9,Very Energized,Social,Yes,1.3,11.8,Very Low
Great,Very Light,8.2,Energized,Social,Yes,4.1,6.7,Very Low
Okay,Light,8.9,Energized,Moderate,Yes,4.1,5.7,Low
Good,Light,7.3,Okay,Social,Yes,4.1,8.4,Low
Okay,Moderate,7.3,Tired,Social,No,5.4,5.1,Normal
Low Mood,Light,7.0,Energized,Minimal,Yes,4.2,4.1,Low
Good,Light,8.6,Very Energized,Very Social,Yes,1.4,11.5,Very Low
Okay,Moderate,8.6,Very Energized,Social,Yes,4.2,8.0,Low
Great,Moderate,8.0,Very Energized,Moderate,Yes,3.7,7.8,Very Low
Low Mood,Very Heavy,5.1,Tired,Moderate,No,7.4,3.1,High
Okay,Light,9.1,Very Energized,Very Social,Yes,3.2,9.2,Very Low
Good,Light,7.4,Tired,Social,Yes,4.8,4.4,Low
Okay,Moderate,5.0,Tired,Moderate,Yes,8.2,3.4,Normal
Low Mood,Heavy,6.8,Tired,Moderate,No,3.9,5.4,Normal
Okay,Heavy,5.5,Exhausted,Moderate,No,8.7,3.3,High
Stressed,Very Heavy,4.7,Tired,None,No,8.6,1.4,Very High
Okay,Very Heavy,6.1,Tired,Minimal,No,7.7,3.4,Normal
Okay,Very Heavy,5.7,Tired,None,No,8.1,2.7,High
Stressed,Very Heavy,7.9,Okay,Social,No,3.7,4.2,Normal
Low Mood,Light,7.9,Tired,Minimal,No,3.3,7.3,Normal
Great,Very Light,8.3,Energized,Very Social,Yes,1.7,10.6,Very Low
Stressed,Heavy,5.0,Exhausted,Minimal,No,7.8,1.9,Very High
Okay,Heavy,4.5,Tired,Minimal,No,8.2,3.9,High
Great,Very Light,8.5,Very Energized,Moderate,Yes,3.1,8.1,Very Low
Low Mood,Heavy,6.2,Tired,Social,Yes,4.2,5.1,Normal
Low Mood,Heavy,6.7,Energized,Moderate,No,5.0,4.7,Normal
Low Mood,Heavy,4.1,Tired,Minimal,No,7.9,3.3,High
Good,Very Light,7.9,Very Energized,Very Social,Yes,4.3,7.0,Very Low
Great,Moderate,8.5,Energized,Very Social,Yes,4.4,5.7,Very Low
Good,Moderate,7.9,Tired,Minimal,Yes,3.6,6.5,Normal
Okay,Very Heavy,6.1,Exhausted,Minimal,No,7.2,4.2,High
Good,Very Light,7.1,Very Energized,Social,No,2.8,9.6,Very Low
Good,Light,9.2,Very Energized,Moderate,No,2.1,5.4,Very Low
Stressed,Heavy,4.4,Exhausted,Minimal,No,7.3,3.5,Very High
Okay,Heavy,7.3,Tired,Moderate,Yes,4.8,7.6,Normal
Okay,Light,8.1,Very Energized,Moderate,No,2.6,8.2,Low
Stressed,Heavy,4.6,Exhausted,Minimal,No,9.1,1.6,Very High
Low Mood,Very Heavy,6.2,Exhausted,None,Yes,7.7,5.0,High
Great,Moderate,6.0,Okay,Minimal,Yes,3.3,5.1,Low
Great,Light,8.2,Energized,Social,Yes,2.3,7.7,Very Low
Great,Light,7.7,Energized,Moderate,No,3.2,6.4,Low
Good,Very Light,8.3,Energized,Social,Yes,2.7,10.1,Very Low
Okay,Very Heavy,6.6,Okay,Moderate,No,7.6,5.7,Normal
Great,Moderate,7.9,Energized,Social,Yes,2.7,5.0,Low
Low Mood,Heavy,7.5,Energized,Moderate,No,3.6,4.6,Normal
Okay,Moderate,6.0,Exhausted,None,No,5.5,3.3,Normal
Good,Light,8.9,Okay,Moderate,Yes,2.1,5.0,Low
Okay,Moderate,7.0,Very Energized,Very Social,No,3.2,6.9,Low
Stressed,Very Heavy,4.0,Tired,Minimal,No,9.2,1.7,Very High
Low Mood,Heavy,8.1,Tired,Minimal,No,4.5,7.0,Normal
Low Mood,Heavy,4.5,Tired,Minimal,Yes,9.0,1.9,High
Okay,Light,8.4,Tired,Moderate,No,3.1,6.7,Normal
Great,Very Light,8.1,Energized,Very Social,No,4.3,7.1,Very Low
Okay,Light,7.6,Okay,Moderate,Yes,3.3,6.2,Low
Okay,Heavy,6.3,Energized,Social,Yes,4.8,5.5,Normal
Good,Moderate,7.4,Tired,Moderate,No,5.9,7.6,Low
Okay,Light,6.3,Tired,Social,Yes,3.2,7.3,Low
Low Mood,Heavy,7.4,Energized,Social,Yes,5.1,4.4,Low
Stressed,Very Heavy,5.1,Okay,None,No,7.4,4.5,High
Good,Very Light,9.4,Very Energized,Very Social,Yes,3.9,8.0,Very Low
Great,Very Light,9.9,Energized,Social,Yes,2.3,10.1,Very Low
Okay,Light,8.5,Energized,Very Social,Yes,2.8,7.9,Low
Low Mood,Very Heavy,7.0,Exhausted,Moderate,No,6.2,3.6,High
Okay,Moderate,5.7,Okay,None,Yes,8.8,5.2,Normal
Good,Heavy,7.3,Okay,Social,No,5.3,4.9,Low
Okay,Heavy,5.7,Exhausted,Moderate,No,8.2,5.9,High
Great,Light,7.3,Okay,Very Social,Yes,4.9,8.3,Very Low
Stressed,Very Heavy,4.4,Exhausted,None,No,9.6,3.8,Very High
Good,Very Light,9.3,Very Energized,Very Social,Yes,1.2,8.9,Very Low
Good,Light,7.9,Energized,Minimal,Yes,3.8,5.0,Low
Low Mood,Light,6.8,Okay,Moderate,No,4.4,6.9,Low
Okay,Moderate,5.7,Tired,Minimal,No,5.7,5.9,High
Great,Light,8.7,Very Energized,Very Social,Yes,1.8,9.3,Very Low
Stressed,Heavy,7.9,Tired,Moderate,Yes,3.7,8.0,High
Okay,Heavy,6.3,Exhausted,Minimal,No,8.4,4.6,High
Great,Very Light,7.7,Okay,Social,Yes,4.6,9.8,Very Low
Great,Very Light,9.0,Okay,Very Social,Yes,3.2,6.1,Very Low
Okay,Moderate,7.0,Energized,Minimal,Yes,4.6,6.7,Low
Good,Very Light,8.7,Energized,Very Social,Yes,2.8,8.1,Very Low
Okay,Light,6.2,Okay,Minimal,Yes,4.4,4.3,Low
Okay,Very Light,8.2,Very Energized,Moderate,Yes,4.8,8.6,Very Low
Stressed,Very Heavy,6.1,Exhausted,Minimal,No,7.4,3.9,Very High
Good,Light,8.1,Energized,Social,Yes,2.1,7.8,Very Low
Stressed,Moderate,5.9,Exhausted,Moderate,Yes,6.0,2.4,High
Low Mood,Very Heavy,4.6,Tired,Minimal,No,9.1,2.1,Very High
Low Mood,Very Heavy,4.2,Tired,Minimal,No,8.5,1.0,High
Okay,Heavy,7.2,Tired,Minimal,Yes,3.3,6.9,Normal
Okay,Moderate,6.4,Tired,Moderate,No,3.0,6.5,Normal
Okay,Moderate,6.8,Tired,Minimal,No,5.6,7.7,Normal
Great,Very Light,9.4,Very Energized,Moderate,Yes,4.1,9.9,Very Low
Good,Light,8.3,Energized,Social,Yes,1.4,11.6,Very Low
Good,Light,8.5,Very Energized,Very Social,Yes,2.3,10.1,Very Low
Okay,Heavy,5.6,Okay,Moderate,No,6.1,4.4,Normal
Okay,Very Heavy,6.6,Okay,None,No,7.5,5.0,Normal
Good,Moderate,6.4,Okay,Moderate,No,4.2,7.8,Low
Good,Very Light,8.3,Energized,Moderate,No,4.6,7.7,Low
Good,Moderate,7.2,Energized,Very Social,Yes,2.8,8.4,Low
Good,Very Light,7.6,Very Energized,Very Social,Yes,4.0,9.1,Very Low
Low Mood,Very Heavy,5.2,Tired,None,Yes,8.8,2.8,High
Low Mood,Moderate,5.5,Okay,Moderate,Yes,5.4,2.7,Normal
Great,Very Light,8.7,Okay,Social,Yes,2.9,9.3,Very Low
Great,Light,8.8,Okay,Moderate,Yes,3.9,6.6,Very Low
Low Mood,Very Heavy,4.5,Exhausted,Minimal,No,9.4,1.0,High
Great,Light,8.7,Okay,Moderate,Yes,4.3,9.2,Low
Great,Light,7.7,Energized,Social,Yes,1.8,11.2,Very Low
Stressed,Very Heavy,5.4,Exhausted,Minimal,No,8.0,1.4,Very High
Low Mood,Moderate,5.1,Exhausted,Moderate,Yes,8.9,2.8,High
Good,Very Light,9.4,Very Energized,Very Social,Yes,4.7,7.7,Very Low
Okay,Heavy,6.9,Tired,Moderate,Yes,3.8,6.8,Normal
Okay,Very Heavy,6.0,Okay,None,No,5.0,4.1,Normal
Okay,Moderate,6.6,Tired,Moderate,No,6.7,5.7,Normal
Okay,Light,8.3,Okay,Moderate,Yes,4.5,5.3,Low
Low Mood,Heavy,6.0,Tired,Moderate,No,8.5,2.4,High
Great,Light,7.4,Okay,Moderate,Yes,4.8,9.0,Very Low
Great,Light,7.4,Very Energized,Moderate,Yes,2.9,7.3,Very Low
Low Mood,Moderate,7.1,Energized,Minimal,Yes,5.8,8.0,Normal
Stressed,Moderate,6.3,Exhausted,Moderate,No,6.7,5.2,High
Stressed,Heavy,5.1,Okay,None,No,5.1,5.4,High
Stressed,Light,6.9,Tired,Moderate,No,8.3,3.3,Normal
Okay,Heavy,8.5,Energized,Moderate,Yes,5.0,4.5,Normal
Stressed,Very Heavy,5.2,Tired,None,No,7.9,2.6,Very High
Low Mood,Very Heavy,7.6,Tired,Minimal,Yes,3.6,4.4,Normal
Low Mood,Very Heavy,5.6,Exhausted,Minimal,No,8.2,2.9,High
Low Mood,Moderate,5.6,Tired,None,No,7.9,1.0,High
Okay,Moderate,7.9,Okay,Social,Yes,2.3,7.2,Low
Low Mood,Very Heavy,5.2,Exhausted,Moderate,Yes,7.2,3.4,High
Low Mood,Light,7.5,Tired,Minimal,Yes,5.6,4.2,Normal
Good,Moderate,8.6,Very Energized,Social,Yes,2.7,7.8,Low
Stressed,Heavy,6.1,Okay,Minimal,Yes,8.7,2.2,High
Good,Heavy,7.0,Tired,Social,Yes,3.4,7.9,Low
Great,Light,9.0,Very Energized,Very Social,Yes,1.6,10.7,Very Low
Low Mood,Heavy,4.5,Tired,None,No,8.7,1.1,High
Okay,Moderate,6.9,Okay,Minimal,No,3.9,5.6,Normal
Great,Light,9.3,Okay,Moderate,Yes,3.6,9.4,Low
Okay,Moderate,8.5,Okay,Moderate,No,4.5,7.6,Normal
Good,Light,8.4,Tired,Social,No,5.1,7.7,Low
Okay,Very Light,7.5,Energized,Moderate,Yes,3.3,6.2,Very Low
Good,Very Light,9.8,Energized,Social,Yes,1.0,7.5,Very Low
Okay,Moderate,6.2,Okay,Moderate,Yes,5.1,5.0,Normal
Okay,Moderate,7.7,Energized,Moderate,Yes,3.1,7.7,Low
Stressed,Heavy,5.8,Exhausted,None,No,10.0,2.1,Very High
Good,Light,7.7,Okay,Minimal,Yes,3.1,4.5,Low
Stressed,Light,5.1,Exhausted,Minimal,No,8.2,3.8,High
Good,Very Heavy,6.5,Tired,Minimal,No,7.4,2.7,Normal
Okay,Moderate,7.3,Energized,Social,Yes,4.9,5.6,Low
Stressed,Heavy,4.2,Tired,Minimal,No,9.1,4.0,Very High
Low Mood,Very Heavy,5.9,Tired,Minimal,No,8.8,1.7,High
Great,Very Light,7.9,Okay,Social,No,3.7,7.1,Very Low
Good,Very Light,9.1,Very Energized,Very Social,No,4.4,8.2,Very Low
Okay,Heavy,6.7,Okay,Moderate,No,5.1,6.7,Normal
Stressed,Moderate,5.4,Okay,Moderate,No,5.4,2.9,Normal
Stressed,Very Heavy,6.7,Okay,None,Yes,5.8,3.5,High
Low Mood,Very Heavy,5.8,Exhausted,Minimal,No,7.7,3.8,High
Okay,Very Heavy,5.0,Okay,None,No,8.2,4.0,High
Low Mood,Moderate,7.6,Energized,Social,Yes,4.9,5.8,Low
Good,Light,6.3,Okay,Minimal,No,5.4,6.0,Low
Okay,Moderate,5.6,Tired,Moderate,No,5.8,2.1,High
Okay,Moderate,7.3,Okay,Minimal,No,3.9,5.8,Normal
Low Mood,Moderate,5.5,Okay,Minimal,No,5.4,2.5,Normal
Great,Heavy,6.1,Tired,Social,Yes,3.0,5.1,Low
Low Mood,Very Heavy,6.0,Tired,Minimal,No,7.9,2.8,High
Great,Moderate,7.1,Okay,Moderate,Yes,4.6,6.9,Low
Okay,Light,8.9,Energized,Very Social,No,4.7,7.8,Low
Great,Light,7.2,Energized,Moderate,Yes,3.0,6.3,Very Low
Good,Heavy,8.4,Okay,Social,Yes,3.2,7.9,Low
Low Mood,Heavy,7.4,Energized,Social,Yes,4.5,6.9,Normal
Okay,Moderate,6.0,Exhausted,Minimal,Yes,7.1,2.8,Normal
Good,Light,7.6,Very Energized,Social,Yes,2.2,11.2,Very Low
Good,Moderate,8.1,Energized,Moderate,Yes,2.7,5.1,Low
Stressed,Very Heavy,5.1,Exhausted,None,No,7.7,1.6,Very High
Good,Moderate,6.2,Energized,Moderate,Yes,5.3,6.1,Low
Low Mood,Very Heavy,4.9,Exhausted,None,No,8.4,2.5,Very High
Okay,Light,8.4,Energized,Social,Yes,2.0,8.9,Very Low
Okay,Heavy,8.0,Energized,Moderate,Yes,4.4,5.6,Normal
Low Mood,Heavy,5.6,Tired,None,No,7.7,1.5,High
Great,Very Light,7.9,Very Energized,Very Social,Yes,4.2,5.5,Very Low
Okay,Heavy,7.6,Tired,Moderate,No,3.3,7.8,Normal
Good,Very Light,9.2,Energized,Very Social,Yes,1.5,8.4,Very Low
Good,Heavy,8.1,Tired,Minimal,No,5.6,4.4,Normal
Low Mood,Very Heavy,6.8,Exhausted,None,No,5.4,3.1,High
Good,Moderate,6.8,Tired,Moderate,No,3.8,5.3,Normal
Okay,Heavy,7.9,Okay,Social,Yes,6.0,7.1,Normal
Good,Very Light,8.0,Okay,Social,Yes,4.9,8.0,Low
Low Mood,Very Light,7.4,Tired,Moderate,Yes,4.2,7.9,Low
Okay,Heavy,4.4,Exhausted,Minimal,No,7.3,3.4,High
Stressed,Heavy,6.6,Tired,None,No,6.9,5.8,High
Okay,Moderate,5.7,Exhausted,Moderate,No,8.0,2.7,Normal
Okay,Light,7.0,Very Energized,Social,Yes,4.0,5.3,Low
Good,Very Light,9.7,Very Energized,Very Social,Yes,3.5,7.8,Very Low
Stressed,Heavy,6.0,Tired,Minimal,No,8.0,2.0,High
Good,Moderate,7.4,Okay,Moderate,No,3.5,9.3,Low
Okay,Heavy,4.2,Tired,Minimal,No,9.1,1.1,High
Okay,Very Heavy,6.8,Tired,None,No,8.3,3.7,Normal
Good,Moderate,6.0,Okay,Minimal,Yes,5.8,5.6,Low
Great,Light,6.3,Okay,Minimal,No,3.3,7.2,Low
Okay,Moderate,8.2,Okay,Moderate,Yes,4.3,6.1,Low
Great,Light,8.6,Very Energized,Social,Yes,3.4,7.3,Very Low
Low Mood,Heavy,7.0,Okay,Social,No,4.1,8.0,Normal
Good,Very Light,8.0,Energized,Moderate,Yes,3.9,9.2,Very Low
Okay,Heavy,7.4,Tired,Moderate,No,4.5,7.8,Normal
Okay,Light,7.4,Energized,Social,Yes,4.5,8.3,Low
Low Mood,Light,7.4,Tired,Social,No,5.7,4.0,Normal
Okay,Moderate,7.2,Energized,Very Social,No,4.8,6.0,Normal
Low Mood,Light,7.2,Tired,Minimal,Yes,5.7,7.5,Normal
Low Mood,Heavy,5.1,Exhausted,None,No,6.8,4.3,Very High
Low Mood,Heavy,8.2,Tired,Minimal,No,3.6,6.2,Normal
Stressed,Heavy,6.9,Okay,Minimal,Yes,7.7,2.8,Normal
Low Mood,Light,8.0,Energized,Moderate,Yes,4.7,7.3,Low
Low Mood,Heavy,5.2,Exhausted,Minimal,No,8.1,1.1,High
Great,Moderate,8.5,Energized,Very Social,Yes,3.4,7.9,Very Low
Good,Heavy,7.4,Energized,Moderate,No,4.3,6.1,Low
Okay,Moderate,8.4,Tired,Moderate,No,3.3,4.3,Normal
Good,Light,9.1,Very Energized,Moderate,No,2.5,10.0,Low
Okay,Moderate,7.0,Energized,Social,No,3.7,5.4,Normal
Good,Very Light,8.7,Very Energized,Moderate,Yes,2.9,7.3,Low
Okay,Light,8.2,Energized,Moderate,Yes,4.9,5.7,Low
Low Mood,Very Heavy,5.5,Okay,None,No,5.3,4.0,High
Okay,Light,9.4,Energized,Moderate,Yes,4.1,9.0,Low
Okay,Very Light,8.5,Very Energized,Moderate,Yes,4.0,7.5,Very Low
Low Mood,Moderate,5.8,Okay,None,Yes,5.6,4.3,Normal
Okay,Heavy,5.5,Okay,None,No,8.6,3.2,Normal
Good,Light,7.1,Tired,Social,No,4.7,4.3,Normal
Okay,Moderate,8.9,Very Energized,Moderate,Yes,4.4,6.3,Low
Low Mood,Very Heavy,4.6,Tired,None,Yes,8.1,1.6,High
Great,Light,8.9,Energized,Social,No,1.6,8.1,Very Low
Good,Very Light,9.3,Very Energized,Very Social,No,4.6,6.0,Very Low
Good,Light,7.7,Very Energized,Very Social,Yes,3.7,11.8,Very Low
Great,Moderate,7.8,Energized,Social,Yes,3.1,4.4,Very Low
Great,Light,9.5,Very Energized,Very Social,Yes,3.6,9.2,Very Low
Low Mood,Heavy,5.9,Exhausted,None,No,9.5,1.4,High
Great,Very Light,9.2,Very Energized,Moderate,Yes,2.4,8.1,Very Low
Stressed,Very Heavy,4.5,Exhausted,Minimal,No,9.9,3.8,Very High
Okay,Light,6.0,Okay,Minimal,No,4.8,7.2,Normal
Stressed,Very Heavy,4.6,Exhausted,Minimal,No,9.5,3.8,Very High
Good,Heavy,7.9,Energized,Social,Yes,4.1,5.7,Low
Low Mood,Heavy,5.1,Tired,Minimal,No,9.7,2.6,High
Stressed,Moderate,5.6,Tired,Moderate,Yes,7.4,3.4,High
Low Mood,Moderate,6.3,Exhausted,Moderate,No,6.9,4.4,Normal
Stressed,Heavy,5.1,Okay,Minimal,No,5.9,5.6,High
Good,Light,7.7,Very Energized,Very Social,Yes,2.7,10.3,Very Low
Stressed,Very Heavy,4.3,Tired,Minimal,No,9.0,3.0,Very High
Great,Moderate,7.0,Energized,Social,Yes,4.1,5.5,Very Low
Low Mood,Heavy,7.3,Energized,Social,No,4.1,4.6,Normal
Stressed,Heavy,4.1,Exhausted,Minimal,Yes,8.8,1.6,High
Low Mood,Very Heavy,5.4,Tired,Minimal,Yes,8.5,2.4,High
Low Mood,Heavy,7.0,Okay,Moderate,Yes,5.2,5.0,Normal
Okay,Light,7.5,Okay,Very Social,Yes,4.1,8.8,Low
Great,Very Light,8.6,Energized,Moderate,Yes,3.2,5.1,Very Low
Stressed,Moderate,6.8,Okay,None,Yes,5.2,4.3,Normal
Stressed,Heavy,5.3,Tired,None,No,7.9,1.8,High
Good,Very Light,9.8,Very Energized,Social,Yes,2.1,8.9,Very Low
Low Mood,Light,8.1,Energized,Moderate,Yes,4.4,9.4,Low
Good,Very Light,7.3,Energized,Social,Yes,3.2,10.0,Very Low
Great,Very Light,7.9,Okay,Moderate,No,5.0,7.5,Very Low
Okay,Moderate,6.7,Tired,Minimal,Yes,3.3,6.7,Normal
Great,Moderate,8.7,Very Energized,Moderate,Yes,2.7,6.7,Very Low
Okay,Very Heavy,5.5,Tired,Moderate,No,5.6,5.9,High
Okay,Very Light,9.4,Very Energized,Moderate,Yes,3.9,9.3,Very Low
Okay,Heavy,6.8,Okay,None,Yes,7.9,3.7,Normal
Okay,Moderate,8.0,Energized,Very Social,No,2.6,6.1,Low
Low Mood,Very Heavy,6.7,Tired,Minimal,No,7.7,2.1,High
Low Mood,Very Heavy,5.8,Tired,Moderate,No,7.3,4.7,High
Good,Heavy,6.3,Energized,Minimal,Yes,5.5,4.3,Low
Low Mood,Light,7.9,Tired,Minimal,No,5.3,7.8,Normal
Okay,Heavy,7.9,Energized,Social,No,4.3,4.5,Normal
Good,Heavy,6.3,Energized,Minimal,No,5.9,6.8,Normal
Good,Light,8.8,Very Energized,Social,Yes,2.3,11.7,Very Low
Good,Very Light,8.3,Very Energized,Social,No,3.3,6.7,Very Low
Okay,Light,8.2,Okay,Social,Yes,3.8,9.4,Low
Good,Light,9.2,Energized,Very Social,Yes,1.7,9.5,Very Low
Stressed,Heavy,4.1,Exhausted,None,No,7.3,2.7,Very High
Good,Heavy,7.0,Okay,Minimal,No,3.6,7.0,Normal
Good,Light,7.3,Okay,Moderate,Yes,2.2,8.0,Low
Low Mood,Heavy,5.1,Exhausted,None,No,9.9,3.1,Very High
Great,Light,8.7,Energized,Social,Yes,3.0,7.5,Very Low
Great,Light,9.2,Energized,Very Social,Yes,1.2,11.3,Very Low
Good,Heavy,6.8,Okay,Moderate,Yes,4.1,5.6,Low
Low Mood,Heavy,6.2,Okay,Minimal,No,6.3,3.6,High
Low Mood,Very Heavy,4.2,Exhausted,None,No,9.8,2.7,Very High
Good,Very Light,9.5,Very Energized,Very Social,Yes,4.0,9.9,Very Low
Okay,Light,7.5,Okay,Moderate,No,3.4,7.3,Low
Low Mood,Moderate,6.9,Okay,Social,Yes,4.8,7.0,Normal
Low Mood,Very Heavy,4.3,Exhausted,Minimal,No,7.8,2.1,Very High
Good,Light,9.2,Very Energized,Very Social,Yes,2.6,7.9,Very Low
Good,Very Light,7.4,Tired,Minimal,Yes,4.1,8.0,Very Low
Low Mood,Heavy,7.3,Energized,Minimal,Yes,5.0,4.6,Normal
Stressed,Very Heavy,5.4,Tired,Minimal,No,7.6,4.0,Very High
Good,Heavy,5.2,Exhausted,Minimal,No,5.2,3.9,Normal
Stressed,Heavy,5.5,Exhausted,Moderate,No,5.0,5.9,High
Stressed,Heavy,5.0,Tired,None,No,9.9,2.8,High
Low Mood,Light,8.0,Energized,Minimal,Yes,3.9,5.6,Low
Okay,Heavy,6.4,Tired,Moderate,Yes,4.0,7.8,Normal
Good,Moderate,7.0,Very Energized,Moderate,Yes,4.7,8.7,Low
Good,Very Light,7.9,Very Energized,Very Social,Yes,3.2,10.8,Very Low
Low Mood,Very Heavy,4.2,Tired,Minimal,No,7.4,3.1,Very High
Great,Light,9.4,Very Energized,Social,No,3.9,9.4,Very Low
Okay,Moderate,6.1,Okay,Moderate,No,6.9,3.0,Normal
Good,Moderate,7.2,Tired,Moderate,Yes,4.1,4.7,Low
Stressed,Very Heavy,5.8,Tired,None,No,8.3,2.6,Very High
Good,Light,6.3,Okay,Moderate,Yes,3.3,7.9,Low
Good,Light,8.8,Very Energized,Very Social,No,3.2,8.7,Very Low
Okay,Very Heavy,6.1,Exhausted,Moderate,Yes,8.6,2.9,High
Good,Light,7.9,Tired,Minimal,Yes,5.5,7.5,Low
Stressed,Heavy,7.0,Tired,None,No,6.8,5.7,Very High
Stressed,Very Heavy,5.3,Tired,Moderate,No,5.9,5.4,High
Okay,Moderate,7.7,Very Energized,Very Social,Yes,2.7,8.5,Very Low
Okay,Heavy,6.0,Exhausted,Minimal,No,8.4,3.4,Normal
Okay,Heavy,5.4,Tired,Minimal,Yes,5.6,3.0,Normal
Okay,Light,8.5,Energized,Moderate,Yes,5.9,6.3,Low
Okay,Heavy,4.5,Tired,None,No,7.3,2.5,High
Stressed,Very Heavy,5.3,Tired,Minimal,No,9.0,2.2,High
Great,Moderate,8.8,Very Energized,Social,No,3.2,7.2,Very Low
Low Mood,Very Heavy,6.7,Exhausted,None,Yes,8.1,5.6,High
Great,Light,8.5,Energized,Very Social,Yes,3.1,11.9,Very Low
Low Mood,Very Heavy,5.3,Exhausted,Moderate,Yes,6.5,2.6,High
Okay,Heavy,6.0,Tired,Minimal,Yes,4.8,5.5,Normal
Okay,Very Heavy,5.6,Tired,Minimal,No,5.2,4.5,Normal
Great,Light,9.4,Very Energized,Social,Yes,1.6,8.1,Very Low
Stressed,Very Heavy,4.6,Tired,None,No,8.2,1.8,Very High
Stressed,Heavy,4.4,Exhausted,None,Yes,8.0,2.4,High
Stressed,Heavy,5.5,Okay,Minimal,No,5.9,3.0,High
Great,Light,9.4,Energized,Moderate,Yes,4.9,7.3,Very Low
Good,Moderate,7.8,Energized,Minimal,Yes,3.7,7.2,Low
Okay,Heavy,8.6,Okay,Social,No,3.4,5.9,Normal
Low Mood,Very Heavy,6.6,Tired,None,Yes,8.1,4.3,High
Stressed,Very Heavy,4.4,Tired,Minimal,No,8.3,2.5,Very High
Good,Very Light,8.4,Energized,Very Social,Yes,3.1,10.1,Very Low
Good,Very Light,7.5,Very Energized,Social,Yes,3.1,9.8,Very Low
Good,Heavy,6.9,Energized,Minimal,Yes,5.3,5.0,Normal
Great,Light,8.5,Very Energized,Very Social,Yes,3.1,8.4,Very Low
Great,Very Light,9.3,Energized,Social,Yes,3.4,6.0,Very Low
Okay,Light,7.2,Tired,Moderate,No,4.2,4.8,Normal
Low Mood,Very Heavy,5.1,Exhausted,Minimal,No,8.2,5.1,High
Good,Heavy,7.7,Energized,Social,Yes,5.0,4.9,Low
Low Mood,Heavy,8.2,Energized,Social,Yes,5.1,7.5,Normal
Low Mood,Heavy,7.9,Energized,Moderate,Yes,4.4,7.4,Normal
Good,Moderate,8.8,Okay,Very Social,Yes,3.8,6.1,Low
Okay,Very Light,8.5,Very Energized,Very Social,Yes,4.2,9.2,Very Low
Okay,Moderate,9.4,Okay,Very Social,Yes,3.5,9.0,Low
Great,Light,7.3,Very Energized,Very Social,Yes,3.0,7.4,Very Low
Good,Very Light,9.1,Energized,Moderate,No,2.5,7.2,Low
Low Mood,Moderate,7.1,Tired,Social,No,3.8,8.0,Normal
Stressed,Moderate,5.3,Exhausted,Moderate,No,6.3,4.6,High
Low Mood,Heavy,8.4,Energized,Minimal,No,3.3,5.7,Normal
Good,Heavy,7.5,Tired,Minimal,No,3.3,7.2,Normal
Low Mood,Moderate,6.3,Exhausted,Minimal,No,7.7,3.3,High
Okay,Moderate,7.0,Okay,Moderate,Yes,4.5,4.1,Low
Stressed,Very Heavy,6.7,Tired,Minimal,No,7.7,5.2,Very High
Okay,Moderate,7.9,Tired,Moderate,No,3.5,4.3,Normal
Okay,Very Light,9.4,Okay,Moderate,No,2.2,6.0,Low
Okay,Moderate,8.8,Energized,Moderate,Yes,3.5,8.8,Low
Good,Very Heavy,5.3,Tired,None,No,7.0,5.7,High
Low Mood,Moderate,7.3,Okay,Social,Yes,4.1,7.9,Normal
Low Mood,Heavy,5.0,Exhausted,None,No,8.8,2.6,High
Low Mood,Moderate,7.8,Very Energized,Social,Yes,3.4,8.3,Low
Low Mood,Moderate,6.5,Okay,Minimal,Yes,3.1,6.5,Normal
Low Mood,Moderate,6.8,Okay,None,No,5.6,4.3,Normal
Great,Moderate,7.1,Okay,Moderate,Yes,4.7,6.0,Low
Stressed,Moderate,6.3,Okay,None,No,7.0,3.6,High
Great,Very Light,8.7,Very Energized,Very Social,No,3.7,7.5,Very Low
Low Mood,Moderate,7.4,Okay,Minimal,No,3.7,7.2,Normal
Okay,Light,5.3,Exhausted,None,Yes,8.8,4.8,Normal
Low Mood,Light,8.2,Okay,Minimal,No,5.7,7.5,Normal
Good,Moderate,8.9,Energized,Moderate,No,3.7,6.4,Low
Okay,Very Light,9.4,Okay,Social,No,2.6,9.3,Low
Stressed,Heavy,4.6,Exhausted,Minimal,No,8.3,3.2,Very High
Low Mood,Heavy,5.9,Exhausted,Minimal,No,5.8,4.3,High
Low Mood,Light,6.5,Tired,Social,No,5.1,5.5,Normal
Good,Light,8.1,Very Energized,Very Social,Yes,4.0,9.0,Very Low
Good,Moderate,8.1,Energized,Minimal,No,3.8,5.7,Low
Low Mood,Very Heavy,6.6,Okay,Moderate,No,6.0,3.4,High
Low Mood,Heavy,8.2,Tired,Moderate,No,4.8,4.4,Normal
Low Mood,Moderate,7.0,Energized,Minimal,Yes,3.2,6.2,Normal
Low Mood,Moderate,6.2,Okay,None,No,8.4,2.7,High
Stressed,Very Heavy,6.8,Exhausted,Minimal,No,8.7,3.4,High
Great,Light,7.6,Very Energized,Very Social,Yes,2.0,6.2,Very Low
Great,Very Light,7.6,Okay,Very Social,Yes,2.4,9.8,Very Low
Okay,Moderate,6.8,Exhausted,Moderate,No,5.6,3.0,Normal
Low Mood,Heavy,7.3,Okay,Minimal,Yes,3.8,7.9,Normal
Great,Moderate,7.6,Very Energized,Moderate,No,3.3,8.4,Very Low
Great,Very Light,8.6,Very Energized,Social,Yes,2.2,7.5,Very Low
Low Mood,Heavy,8.1,Okay,Minimal,Yes,3.5,7.8,Normal
Great,Very Light,9.9,Very Energized,Very Social,Yes,3.8,8.4,Very Low
Stressed,Heavy,5.0,Tired,None,No,9.3,3.3,High
Great,Very Light,7.7,Okay,Very Social,Yes,2.2,7.4,Very Low
Low Mood,Moderate,6.2,Tired,None,No,7.9,4.4,High
Low Mood,Light,8.2,Energized,Social,No,4.2,6.2,Low
Good,Moderate,8.7,Very Energized,Moderate,No,2.5,7.9,Low
Great,Very Light,9.9,Energized,Very Social,Yes,3.9,10.1,Very Low
Low Mood,Very Heavy,4.4,Tired,None,No,9.7,2.8,Very High
Stressed,Heavy,6.4,Exhausted,None,No,8.0,3.2,High
Great,Heavy,9.0,Energized,Social,No,3.5,8.1,Low
Stressed,Very Heavy,6.0,Exhausted,Moderate,No,8.6,4.8,High
Okay,Moderate,7.8,Very Energized,Very Social,No,3.8,5.4,Low
Stressed,Moderate,5.3,Tired,Moderate,Yes,7.1,5.5,High
Great,Moderate,7.4,Very Energized,Moderate,Yes,3.9,8.3,Very Low
Low Mood,Moderate,7.6,Tired,Social,Yes,3.7,5.1,Normal
Good,Very Light,7.8,Energized,Very Social,Yes,2.8,11.5,Very Low
Good,Very Light,9.2,Very Energized,Social,Yes,3.9,7.4,Very Low
Okay,Moderate,5.7,Okay,Minimal,No,7.7,2.0,Normal
Low Mood,Very Heavy,5.4,Okay,Minimal,No,6.4,3.5,High
Stressed,Very Heavy,4.8,Exhausted,Minimal,No,8.3,2.3,Very High
Great,Very Light,9.3,Very Energized,Social,Yes,1.8,10.2,Very Low
Low Mood,Moderate,6.8,Tired,Moderate,No,5.1,3.3,Normal
Stressed,Heavy,4.9,Tired,None,No,7.9,1.4,Very High
Low Mood,Very Light,8.0,Okay,Minimal,Yes,4.6,4.8,Low
Great,Very Light,8.5,Very Energized,Social,Yes,2.4,8.3,Very Low
Okay,Very Light,8.3,Okay,Moderate,Yes,3.9,6.7,Low
Good,Moderate,6.2,Okay,Minimal,Yes,4.6,5.9,Low
Great,Very Light,9.5,Very Energized,Social,Yes,1.5,7.7,Very Low
Low Mood,Heavy,4.8,Exhausted,None,No,9.9,3.2,High
Stressed,Moderate,5.3,Exhausted,Minimal,No,5.7,3.2,High
Good,Very Light,9.0,Energized,Moderate,No,3.2,5.8,Low
Okay,Heavy,5.8,Tired,None,No,8.9,5.2,High
Good,Very Light,9.1,Energized,Moderate,Yes,3.3,6.1,Very Low
Good,Heavy,6.0,Tired,Social,No,4.4,5.8,Normal
Okay,Moderate,7.2,Energized,Moderate,No,4.1,7.3,Low
Great,Very Light,9.8,Energized,Social,Yes,3.5,7.0,Very Low
Great,Very Light,8.6,Energized,Social,No,3.5,7.4,Very Low
Low Mood,Moderate,8.3,Okay,Minimal,No,4.3,7.0,Normal
Stressed,Very Heavy,4.4,Tired,None,No,7.5,3.4,Very High
Okay,Light,7.3,Energized,Social,Yes,5.5,7.0,Very Low
Low Mood,Very Light,7.7,Okay,Minimal,Yes,5.0,6.6,Low
Low Mood,Moderate,7.7,Okay,Minimal,Yes,5.1,7.5,Normal
Low Mood,Heavy,8.3,Tired,Moderate,Yes,3.9,4.1,Normal
Good,Heavy,7.4,Okay,Social,Yes,5.0,6.7,Normal
Good,Moderate,6.8,Okay,Moderate,Yes,4.2,6.7,Low
Okay,Moderate,8.4,Tired,Minimal,No,3.6,6.7,Normal
Okay,Moderate,8.1,Tired,Social,No,3.4,6.2,Low
Low Mood,Light,7.1,Okay,Minimal,Yes,5.9,7.7,Normal
Low Mood,Moderate,6.2,Tired,Minimal,Yes,3.6,6.6,Normal
Low Mood,Very Heavy,5.4,Okay,None,Yes,8.1,2.9,High
Great,Light,9.2,Energized,Very Social,Yes,2.0,8.5,Very Low
Low Mood,Very Heavy,5.8,Exhausted,None,No,7.0,3.9,Very High
Okay,Moderate,9.3,Energized,Moderate,Yes,4.7,9.2,Low
Stressed,Moderate,5.4,Tired,Moderate,No,5.6,5.3,Normal
Stressed,Heavy,5.4,Tired,Minimal,No,8.9,3.9,High
Good,Moderate,9.3,Very Energized,Moderate,Yes,4.3,6.7,Low
Okay,Light,7.6,Tired,Moderate,No,5.8,6.7,Normal
Okay,Heavy,6.0,Energized,Social,No,5.4,5.2,Normal
Great,Very Light,9.4,Energized,Very Social,Yes,3.9,11.4,Very Low
Low Mood,Very Heavy,5.1,Tired,Moderate,No,8.6,4.2,High
Good,Light,6.5,Okay,Moderate,No,4.4,5.7,Low
Great,Very Light,9.0,Energized,Social,Yes,2.9,9.3,Very Low
Low Mood,Light,7.7,Energized,Social,No,4.6,6.0,Normal
Good,Light,9.6,Very Energized,Very Social,Yes,3.9,8.2,Very Low
Okay,Moderate,7.6,Tired,Social,Yes,3.3,4.4,Normal
Low Mood,Moderate,7.6,Tired,Moderate,No,4.5,5.0,Normal
Great,Very Light,7.4,Energized,Social,Yes,2.3,8.8,Very Low
Good,Light,8.6,Okay,Social,Yes,2.7,6.7,Low
Good,Light,6.4,Energized,Social,Yes,4.1,6.6,Very Low
Good,Very Light,6.3,Tired,Minimal,Yes,3.9,7.2,Low
Good,Moderate,6.5,Okay,Moderate,Yes,4.7,7.3,Normal
Stressed,Very Heavy,6.0,Tired,None,No,8.5,3.4,High
Good,Moderate,8.3,Okay,Moderate,No,4.3,5.2,Low
Low Mood,Heavy,5.5,Exhausted,None,No,8.0,2.2,High
Stressed,Very Heavy,4.8,Exhausted,Minimal,Yes,9.8,1.8,Very High
Stressed,Heavy,4.3,Exhausted,None,No,7.7,2.2,Very High
Low Mood,Very Heavy,5.2,Exhausted,Minimal,No,8.4,1.3,Very High
Great,Light,8.7,Very Energized,Very Social,Yes,3.8,9.7,Very Low
Great,Light,8.3,Energized,Social,Yes,1.9,10.7,Very Low
Great,Light,8.8,Okay,Very Social,Yes,3.0,7.0,Very Low
Good,Light,9.4,Energized,Social,Yes,3.8,10.4,Very Low
Low Mood,Heavy,5.6,Exhausted,None,Yes,9.1,1.6,High
Great,Very Light,7.3,Okay,Social,Yes,4.7,9.8,Very Low
Great,Very Light,9.0,Very Energized,Very Social,Yes,3.8,9.9,Very Low
Great,Very Light,9.6,Very Energized,Very Social,Yes,1.4,9.5,Very Low
Stressed,Very Heavy,4.8,Exhausted,Minimal,No,7.5,3.5,Very High
Low Mood,Moderate,6.8,Energized,Social,Yes,4.4,4.8,Low
Low Mood,Light,8.1,Tired,Social,Yes,3.9,7.6,Normal
Great,Moderate,9.3,Okay,Moderate,No,2.2,5.7,Low
Low Mood,Heavy,8.4,Tired,Social,No,5.9,5.2,High
Low Mood,Moderate,8.3,Tired,Moderate,No,5.1,6.0,Normal
Great,Moderate,8.5,Very Energized,Very Social,No,4.5,6.5,Very Low
Low Mood,Very Heavy,5.9,Okay,None,No,6.9,5.9,High
Good,Moderate,9.1,Energized,Very Social,Yes,2.7,6.3,Very Low
Good,Light,6.3,Energized,Social,No,5.9,4.6,Low
Okay,Heavy,8.1,Energized,Moderate,Yes,4.1,4.3,Low
Great,Light,8.3,Very Energized,Very Social,No,2.1,8.4,Very Low
Okay,Very Light,9.0,Energized,Social,Yes,5.0,6.3,Very Low
Okay,Heavy,5.7,Okay,Moderate,No,5.9,4.2,High
Low Mood,Very Heavy,4.6,Tired,None,No,9.7,2.1,High
Okay,Very Light,8.2,Okay,Social,Yes,3.2,6.7,Low
Okay,Moderate,8.3,Very Energized,Social,Yes,3.8,7.6,Low
Okay,Moderate,6.6,Tired,Minimal,No,9.0,5.5,Normal
Okay,Heavy,5.7,Tired,Moderate,No,6.0,3.5,Normal
Okay,Heavy,7.3,Energized,Minimal,Yes,5.6,6.6,Normal
Okay,Light,7.7,Energized,Social,Yes,4.8,5.5,Low
Good,Very Light,7.7,Okay,Social,Yes,4.6,5.2,Very Low
Stressed,Very Heavy,6.7,Okay,Minimal,No,7.8,2.6,High
Low Mood,Light,6.1,Okay,Social,No,3.9,6.6,Normal
Okay,Light,7.7,Very Energized,Social,No,4.1,6.3,Low
Okay,Moderate,9.3,Okay,Social,Yes,3.7,6.8,Low
Low Mood,Moderate,8.3,Okay,Minimal,No,3.1,7.2,Normal
Low Mood,Heavy,7.0,Okay,Moderate,No,5.0,6.1,Normal
Great,Light,7.6,Very Energized,Very Social,Yes,3.9,11.7,Very Low
Low Mood,Heavy,6.3,Tired,Social,No,5.3,8.0,High
Low Mood,Heavy,7.2,Okay,Moderate,No,4.1,4.9,High
Great,Very Light,9.0,Very Energized,Social,Yes,3.8,11.7,Very Low
Good,Light,7.8,Energized,Very Social,Yes,3.6,9.3,Very Low
Great,Very Light,8.3,Very Energized,Social,Yes,1.6,7.8,Very Low
Great,Moderate,7.1,Okay,Moderate,No,4.4,7.5,Low
Okay,Heavy,7.4,Okay,Social,No,4.6,7.2,Normal
Good,Moderate,7.6,Energized,Moderate,No,4.0,5.6,Low
Low Mood,Moderate,7.2,Tired,Moderate,Yes,3.6,5.8,Normal
Stressed,Very Heavy,5.1,Exhausted,Minimal,No,7.1,2.6,Very High
Great,Light,7.5,Energized,Minimal,Yes,4.8,6.4,Low
Okay,Moderate,6.8,Okay,Moderate,No,8.0,3.8,Normal
Stressed,Heavy,5.1,Tired,Moderate,No,8.1,4.9,High
Good,Light,7.4,Very Energized,Moderate,No,4.6,7.3,Very Low
Great,Light,8.0,Very Energized,Very Social,Yes,2.4,9.6,Very Low
Okay,Light,7.8,Very Energized,Social,No,2.4,9.4,Low
Low Mood,Light,8.3,Energized,Moderate,No,3.2,7.5,Normal
Great,Light,9.5,Energized,Social,Yes,3.9,8.2,Very Low
Okay,Moderate,8.1,Very Energized,Social,No,4.0,7.6,Low
Stressed,Heavy,5.3,Okay,Moderate,No,6.5,5.5,High
Okay,Heavy,5.1,Okay,None,No,6.8,2.0,High
Good,Moderate,6.5,Tired,Minimal,No,3.6,5.9,Low
Okay,Light,7.4,Okay,Social,No,3.9,5.1,Low
Low Mood,Heavy,5.2,Okay,Moderate,Yes,6.7,3.3,Normal
Low Mood,Very Heavy,6.9,Okay,Minimal,No,8.8,3.6,High
Great,Very Light,9.5,Okay,Social,Yes,2.8,9.4,Very Low
Stressed,Very Heavy,5.6,Exhausted,None,No,8.2,1.4,Very High
Good,Moderate,7.3,Tired,Moderate,Yes,4.0,7.8,Low
Stressed,Very Heavy,6.4,Tired,None,No,5.8,3.9,High
Okay,Light,8.0,Very Energized,Moderate,Yes,2.9,9.3,Very Low
Good,Light,9.8,Very Energized,Social,Yes,2.5,9.6,Very Low
Great,Very Light,8.5,Very Energized,Very Social,Yes,3.1,11.9,Very Low
Okay,Light,7.3,Okay,Social,No,5.9,6.3,Low
Good,Very Light,8.3,Very Energized,Social,Yes,2.8,11.4,Very Low
Low Mood,Heavy,5.8,Tired,None,No,8.1,2.6,High
Low Mood,Heavy,5.6,Exhausted,None,No,9.4,1.8,High
Low Mood,Very Heavy,6.7,Energized,Moderate,No,4.6,7.2,Normal
Stressed,Very Heavy,6.6,Okay,Moderate,No,6.8,2.6,High
Great,Moderate,7.6,Okay,Social,Yes,3.0,9.4,Low
Okay,Moderate,7.4,Okay,Moderate,Yes,3.4,6.0,Normal
Good,Light,8.0,Tired,Minimal,Yes,5.7,7.8,Low
Great,Very Light,9.4,Very Energized,Social,No,1.2,10.8,Very Low
Low Mood,Heavy,7.5,Tired,Moderate,Yes,3.3,4.4,Normal
Okay,Light,7.9,Okay,Moderate,Yes,2.6,5.5,Low
Okay,Very Light,8.8,Okay,Moderate,Yes,4.5,8.7,Very Low
Low Mood,Light,7.0,Energized,Moderate,Yes,5.1,5.3,Low
Okay,Moderate,7.1,Tired,Minimal,No,4.7,7.7,Normal
Okay,Very Light,7.8,Okay,Moderate,Yes,4.5,6.1,Low
Okay,Moderate,6.4,Okay,Moderate,No,4.8,5.9,Normal
Good,Moderate,7.8,Okay,Social,No,3.0,5.2,Normal
Okay,Moderate,6.0,Energized,Social,Yes,5.1,5.2,Low
Good,Light,7.7,Very Energized,Very Social,Yes,1.9,7.4,Very Low
Low Mood,Very Heavy,4.1,Tired,None,No,8.7,2.0,High
Low Mood,Very Heavy,5.7,Exhausted,Minimal,Yes,10.0,2.9,High
Low Mood,Light,6.0,Energized,Moderate,No,5.4,7.1,Normal
Stressed,Heavy,6.3,Okay,Minimal,Yes,5.0,6.3,High
Low Mood,Heavy,4.0,Tired,Minimal,No,9.6,2.2,High
Good,Light,8.4,Okay,Minimal,Yes,3.8,4.4,Low
Low Mood,Very Heavy,5.9,Okay,None,No,8.5,2.0,High
Low Mood,Heavy,6.2,Energized,Moderate,Yes,3.0,4.1,Normal
Stressed,Heavy,5.2,Okay,None,Yes,5.8,5.0,High
Good,Moderate,7.8,Okay,Social,Yes,3.1,4.9,Low
Okay,Light,8.9,Okay,Moderate,Yes,4.7,8.8,Low
Great,Very Light,8.5,Very Energized,Social,Yes,1.3,11.0,Very Low
Great,Very Light,8.4,Okay,Moderate,No,3.3,9.4,Very Low
Good,Moderate,6.6,Okay,Minimal,Yes,4.9,7.4,Low
Low Mood,Light,8.5,Okay,Moderate,Yes,3.2,5.3,Low
Good,Light,7.9,Very Energized,Very Social,Yes,3.7,8.8,Very Low
Great,Very Light,8.6,Very Energized,Very Social,Yes,3.7,7.4,Very Low
Stressed,Heavy,4.2,Exhausted,None,No,9.1,2.3,Very High
Good,Moderate,8.7,Okay,Social,No,2.3,8.0,Low
Okay,Moderate,6.9,Okay,Social,Yes,4.2,5.8,Low
Good,Heavy,8.1,Okay,Social,Yes,3.7,7.1,Normal
Stressed,Heavy,5.3,Tired,Moderate,Yes,8.9,5.3,High
Good,Moderate,8.6,Very Energized,Very Social,No,4.7,9.1,Low
Okay,Heavy,6.9,Energized,Moderate,Yes,3.3,5.6,Normal
Low Mood,Very Heavy,5.0,Exhausted,Minimal,No,8.6,3.5,Very High
Low Mood,Heavy,5.5,Exhausted,Minimal,No,9.2,1.1,High
Good,Very Light,7.4,Very Energized,Social,No,4.9,6.4,Very Low
Low Mood,Heavy,8.0,Okay,Minimal,Yes,5.5,4.8,Normal
Okay,Light,7.5,Tired,Minimal,No,5.6,6.0,Low
Low Mood,Heavy,5.2,Okay,None,No,6.2,2.3,High
Low Mood,Heavy,5.7,Tired,Minimal,No,8.9,2.1,High
Okay,Heavy,7.4,Tired,Social,Yes,3.3,4.5,Normal
Okay,Light,8.1,Okay,Moderate,Yes,2.4,9.0,Low
Okay,Very Light,8.1,Energized,Social,Yes,2.2,6.7,Very Low
Low Mood,Heavy,5.2,Tired,None,No,5.7,4.1,High
Great,Very Light,8.2,Okay,Social,Yes,2.1,7.4,Very Low
Great,Very Light,7.8,Very Energized,Very Social,Yes,3.1,8.8,Very Low
Okay,Moderate,9.0,Very Energized,Social,No,3.2,5.4,Low
Good,Light,9.3,Very Energized,Very Social,Yes,2.9,6.4,Very Low
Good,Heavy,6.2,Okay,Minimal,No,4.7,6.7,Normal
Stressed,Very Heavy,5.2,Exhausted,Minimal,Yes,7.7,2.4,Very High
Good,Moderate,7.9,Very Energized,Moderate,Yes,3.2,9.5,Very Low
Okay,Moderate,6.9,Tired,None,No,8.8,3.2,Normal
Good,Light,8.1,Energized,Very Social,Yes,4.3,8.6,Very Low
Great,Very Light,8.3,Very Energized,Social,Yes,4.9,7.4,Very Low
Low Mood,Moderate,7.7,Tired,Social,No,4.4,5.2,Normal
Stressed,Moderate,5.1,Okay,None,No,5.6,3.4,High
Low Mood,Heavy,6.5,Tired,Minimal,Yes,8.5,4.0,Normal
Good,Moderate,8.8,Very Energized,Very Social,Yes,4.4,6.9,Very Low
Stressed,Very Heavy,5.1,Tired,None,No,8.1,2.2,Very High
Stressed,Heavy,4.1,Tired,None,No,8.4,2.7,Very High
Okay,Heavy,6.8,Okay,None,No,7.9,5.0,Normal
Good,Very Light,8.4,Very Energized,Moderate,Yes,3.3,5.6,Very Low
Okay,Light,6.6,Energized,Social,No,5.6,5.7,Low
Good,Very Light,7.4,Energized,Social,Yes,3.5,9.6,Very Low
Stressed,Heavy,5.8,Exhausted,None,No,6.5,4.8,High
Good,Moderate,6.5,Energized,Minimal,Yes,3.5,6.6,Low
Stressed,Very Heavy,6.2,Okay,Moderate,No,6.4,3.0,High
Good,Very Heavy,6.2,Energized,Moderate,No,3.8,7.7,Normal
Okay,Light,7.6,Energized,Minimal,No,4.8,7.6,Low
Okay,Very Light,8.1,Energized,Moderate,No,4.3,8.8,Low
Okay,Light,6.2,Okay,Social,Yes,4.6,7.2,Low
Low Mood,Moderate,5.7,Okay,None,No,8.0,5.1,Normal
Low Mood,Very Heavy,6.1,Exhausted,None,No,5.7,5.2,High
Good,Very Light,8.7,Very Energized,Social,Yes,3.1,7.0,Very Low
Great,Very Light,8.2,Energized,Very Social,Yes,1.6,10.0,Very Low
Okay,Light,8.7,Very Energized,Social,No,4.6,7.1,Low
Great,Very Light,8.0,Energized,Social,Yes,4.2,7.3,Very Low
Low Mood,Heavy,8.1,Okay,Moderate,Yes,5.6,6.3,Normal
Good,Moderate,7.3,Okay,Moderate,No,4.7,4.7,Low
Stressed,Heavy,5.4,Exhausted,Minimal,No,7.5,3.8,High
Low Mood,Heavy,4.6,Tired,Minimal,No,8.7,2.2,High
Low Mood,Light,7.4,Okay,Minimal,No,5.1,7.0,Normal
Good,Light,7.2,Energized,Minimal,No,3.3,4.3,Low
Okay,Very Heavy,7.0,Okay,Moderate,No,6.6,4.7,High
Okay,Heavy,7.7,Okay,Social,Yes,4.7,5.0,Normal
Low Mood,Moderate,8.3,Okay,Minimal,No,4.4,6.4,Normal
Low Mood,Very Heavy,5.0,Okay,Minimal,No,6.1,2.6,High
Great,Moderate,8.9,Very Energized,Very Social,No,4.6,9.0,Very Low
Good,Light,7.4,Tired,Minimal,Yes,6.0,4.9,Low
Stressed,Moderate,6.6,Exhausted,Moderate,Yes,8.6,4.3,High
Stressed,Very Heavy,5.8,Exhausted,Minimal,No,7.2,2.5,Very High
Great,Light,9.2,Energized,Moderate,No,4.4,7.1,Low
Great,Light,7.8,Okay,Moderate,No,5.0,5.8,Low
Stressed,Heavy,5.2,Exhausted,Minimal,Yes,7.6,1.8,High
Good,Light,7.0,Energized,Very Social,Yes,4.1,9.5,Very Low
Great,Moderate,7.5,Energized,Moderate,Yes,2.4,6.2,Very Low
Good,Heavy,8.1,Energized,Social,No,5.7,4.7,Low
Okay,Light,9.6,Energized,Social,Yes,2.1,10.0,Low
Good,Moderate,5.2,Tired,Moderate,Yes,5.6,4.1,Normal
Low Mood,Heavy,6.2,Energized,Moderate,Yes,4.9,6.7,Normal
Low Mood,Moderate,7.0,Tired,Minimal,No,8.5,3.6,Normal
Low Mood,Heavy,7.6,Tired,Social,Yes,5.1,5.1,Normal
Good,Very Light,7.2,Energized,Moderate,No,5.8,7.0,Low
Good,Heavy,7.9,Tired,Moderate,Yes,3.3,4.7,Low
Good,Very Light,7.4,Okay,Social,Yes,2.6,6.5,Very Low
Okay,Moderate,6.4,Okay,Moderate,No,6.9,4.7,Normal
Low Mood,Very Heavy,5.4,Tired,None,No,8.2,1.5,High
Low Mood,Heavy,6.3,Tired,Moderate,Yes,7.5,3.6,Normal
Good,Very Heavy,5.4,Tired,Moderate,No,5.6,5.6,Normal
Stressed,Very Heavy,5.9,Tired,None,Yes,6.2,5.2,High
Low Mood,Heavy,5.8,Exhausted,None,No,9.4,2.0,High
Low Mood,Moderate,8.4,Energized,Moderate,Yes,3.2,6.2,Normal
Good,Light,9.2,Energized,Moderate,Yes,4.5,9.9,Very Low
Good,Moderate,7.7,Very Energized,Social,Yes,4.8,9.1,Very Low
Good,Light,6.7,Energized,Minimal,Yes,4.6,4.7,Low
Good,Moderate,7.1,Tired,Moderate,Yes,5.9,7.2,Low
Low Mood,Light,7.5,Energized,Moderate,No,4.6,5.3,Low
Okay,Moderate,6.2,Okay,Moderate,No,3.4,4.9,Normal
Okay,Moderate,5.1,Exhausted,Minimal,No,8.4,1.4,High
Good,Very Light,8.5,Okay,Very Social,No,2.2,9.6,Low
Stressed,Very Heavy,4.2,Tired,None,No,9.1,2.8,Very High
Good,Light,6.0,Okay,Social,No,5.4,7.1,Low
Good,Very Light,9.0,Very Energized,Social,Yes,3.6,7.6,Very Low
Low Mood,Very Heavy,4.2,Tired,None,No,7.6,2.3,Very High
Okay,Light,7.7,Energized,Social,Yes,4.4,5.9,Low
Good,Moderate,6.3,Okay,Minimal,No,3.6,5.9,Normal
Great,Very Light,7.0,Energized,Social,Yes,4.4,9.3,Very Low
Okay,Moderate,7.0,Energized,Social,No,4.7,7.4,Low
Okay,Moderate,7.9,Energized,Very Social,Yes,2.9,9.4,Low
Good,Heavy,7.6,Tired,Minimal,Yes,5.8,4.9,Normal
Good,Light,8.9,Very Energized,Very Social,No,1.5,10.2,Very Low
Low Mood,Moderate,8.1,Energized,Moderate,No,3.1,7.4,Normal
Okay,Heavy,5.4,Okay,None,No,8.9,3.4,High
Good,Very Light,8.0,Energized,Social,Yes,2.7,10.4,Very Low
Okay,Light,9.2,Very Energized,Moderate,Yes,3.4,7.5,Low
Okay,Very Heavy,5.5,Exhausted,None,Yes,6.8,2.0,High
Low Mood,Heavy,6.4,Okay,Minimal,No,8.0,3.3,High
Stressed,Moderate,5.5,Exhausted,None,No,7.4,4.6,High
Low Mood,Heavy,6.2,Tired,Minimal,Yes,4.7,6.5,Normal
Good,Heavy,8.9,Very Energized,Very Social,Yes,2.8,5.7,Low
Okay,Heavy,8.2,Okay,Minimal,No,4.0,7.8,Normal
Okay,Very Heavy,5.3,Exhausted,None,No,5.7,3.2,High
Okay,Very Heavy,5.2,Tired,Moderate,No,5.4,2.2,High
Good,Very Light,8.3,Very Energized,Social,Yes,2.9,9.6,Very Low
Great,Moderate,8.4,Energized,Minimal,No,5.4,5.7,Low
Low Mood,Moderate,5.2,Okay,Minimal,No,7.7,4.5,Normal
Low Mood,Moderate,7.2,Tired,Social,No,4.3,4.5,Normal
Good,Very Light,7.0,Okay,Social,No,2.5,7.2,Low
Low Mood,Heavy,6.3,Okay,Moderate,No,7.6,2.7,High
Okay,Very Heavy,4.9,Exhausted,Minimal,No,7.7,1.8,High
Okay,Moderate,7.7,Okay,Social,Yes,3.3,5.8,Low
Low Mood,Moderate,8.3,Energized,Moderate,No,4.3,9.2,Normal
Low Mood,Moderate,6.0,Exhausted,Moderate,Yes,6.6,2.6,Normal
Great,Light,7.6,Very Energized,Very Social,Yes,2.3,9.2,Very Low
Great,Very Light,7.6,Very Energized,Social,Yes,1.0,8.5,Very Low
Okay,Heavy,8.0,Okay,Social,Yes,3.0,4.8,Normal
Stressed,Very Heavy,5.4,Exhausted,None,Yes,8.9,4.8,Very High
Good,Light,6.3,Tired,Minimal,Yes,4.7,4.1,Low
Okay,Light,7.5,Okay,Minimal,Yes,3.8,4.5,Low
Good,Moderate,8.3,Energized,Social,Yes,4.0,8.0,Very Low
Stressed,Very Heavy,4.7,Tired,None,Yes,9.2,3.4,High
Stressed,Very Heavy,5.1,Exhausted,Minimal,No,9.7,3.5,Very High
Low Mood,Very Heavy,4.3,Exhausted,None,No,8.2,3.1,Very High
Stressed,Heavy,6.1,Tired,None,No,8.8,4.5,High
Good,Moderate,6.8,Okay,None,No,7.0,3.4,Normal
Great,Very Light,7.1,Energized,Social,Yes,3.3,5.9,Very Low
Good,Very Light,9.2,Okay,Social,Yes,2.1,5.7,Very Low
Low Mood,Heavy,6.0,Exhausted,None,No,8.3,1.3,High
Low Mood,Light,9.4,Okay,Moderate,Yes,4.9,6.2,Low
Great,Light,8.3,Energized,Social,No,1.5,11.8,Very Low
Low Mood,Very Heavy,4.8,Exhausted,None,No,9.6,1.1,High
Low Mood,Very Heavy,5.3,Tired,None,No,7.1,4.0,Very High
Low Mood,Very Heavy,6.2,Exhausted,None,Yes,5.0,5.8,High
Low Mood,Heavy,5.3,Okay,Minimal,No,7.4,2.6,High
Okay,Moderate,6.6,Exhausted,None,Yes,5.3,4.9,Normal
Low Mood,Very Heavy,4.2,Tired,Minimal,No,9.1,1.7,Very High
Good,Light,8.3,Very Energized,Social,Yes,2.9,9.0,Very Low
Low Mood,Heavy,5.0,Exhausted,None,No,9.1,3.7,High
Okay,Light,7.1,Okay,Very Social,Yes,3.7,5.1,Low
Okay,Moderate,9.5,Very Energized,Moderate,Yes,2.1,8.5,Low
Stressed,Heavy,5.2,Exhausted,None,No,9.2,3.3,Very High
Great,Light,7.1,Very Energized,Moderate,Yes,3.6,6.5,Very Low
Low Mood,Heavy,4.5,Tired,None,No,7.5,2.1,High
Good,Light,7.0,Tired,Social,Yes,4.8,6.3,Low
Okay,Very Heavy,6.6,Exhausted,Moderate,No,7.5,4.7,High
Okay,Heavy,8.0,Energized,Minimal,No,3.9,6.4,Normal
Okay,Very Light,7.3,Energized,Social,Yes,4.8,8.4,Low
Good,Moderate,6.6,Tired,Social,No,3.3,7.7,Normal
Low Mood,Heavy,7.3,Energized,Moderate,Yes,5.9,5.7,Normal
Great,Very Light,7.1,Okay,Very Social,Yes,4.7,7.4,Very Low
Stressed,Very Heavy,5.0,Exhausted,Minimal,No,8.0,2.2,Very High
Good,Light,8.1,Very Energized,Social,Yes,3.2,7.6,Very Low
Good,Light,8.1,Tired,Minimal,Yes,5.9,4.4,Low
Okay,Moderate,5.3,Exhausted,Moderate,No,7.7,4.2,High
Good,Very Light,8.3,Very Energized,Social,No,4.2,8.5,Very Low
Great,Very Light,8.5,Okay,Social,Yes,3.1,8.1,Very Low
Great,Very Light,9.2,Energized,Very Social,Yes,3.0,7.2,Very Low
Great,Very Light,8.0,Very Energized,Very Social,Yes,3.5,10.0,Very Low
Great,Very Light,9.2,Okay,Social,Yes,2.7,8.9,Very Low
Low Mood,Moderate,6.6,Energized,Minimal,No,5.7,6.5,Normal
Low Mood,Moderate,6.7,Okay,Social,No,4.2,4.8,Normal
Good,Light,7.7,Energized,Social,No,5.5,6.9,Low
Okay,Moderate,6.6,Okay,Social,Yes,4.3,6.5,Normal
Stressed,Very Heavy,6.3,Tired,Moderate,No,7.2,4.0,High
Low Mood,Moderate,4.4,Exhausted,Minimal,Yes,8.8,3.3,High
Okay,Very Heavy,5.4,Exhausted,None,No,5.5,3.4,High
Low Mood,Moderate,7.9,Tired,Social,Yes,5.3,7.7,Normal
Stressed,Very Heavy,5.9,Tired,Minimal,No,9.9,4.0,High
Low Mood,Light,7.2,Tired,Social,Yes,4.2,6.9,Normal
Good,Moderate,7.5,Okay,Minimal,No,4.4,7.6,Normal
Great,Light,9.1,Very Energized,Very Social,Yes,4.0,11.6,Very Low
Okay,Heavy,5.1,Exhausted,None,No,6.2,2.7,High
Great,Very Light,9.4,Very Energized,Social,No,1.3,11.2,Very Low
Okay,Light,7.4,Energized,Moderate,Yes,4.6,6.3,Low
Stressed,Moderate,6.5,Exhausted,None,No,6.2,2.3,High
Stressed,Heavy,5.6,Tired,Moderate,No,8.6,4.3,High
Good,Moderate,7.6,Okay,Moderate,No,2.3,6.9,Low
Okay,Very Light,8.7,Okay,Social,Yes,2.7,6.3,Very Low
Great,Very Light,9.2,Very Energized,Social,Yes,3.1,6.0,Very Low
Great,Light,9.7,Energized,Very Social,No,2.5,10.8,Very Low
Good,Moderate,6.6,Tired,Social,Yes,4.5,7.8,Normal
Low Mood,Heavy,6.8,Tired,Social,No,4.2,5.0,High
Low Mood,Heavy,8.0,Okay,Minimal,No,5.7,6.7,Normal
Great,Moderate,8.1,Energized,Moderate,No,3.7,5.2,Very Low
Good,Light,9.8,Energized,Social,Yes,3.7,10.7,Very Low
Stressed,Moderate,6.8,Okay,None,No,8.7,5.3,Normal
Low Mood,Heavy,7.5,Okay,Minimal,Yes,3.7,4.2,Normal
Okay,Heavy,6.7,Okay,None,No,8.9,3.9,Normal
Low Mood,Heavy,5.2,Tired,Minimal,No,8.2,2.3,High
Good,Very Light,8.8,Very Energized,Very Social,No,3.0,8.0,Very Low
Good,Moderate,6.4,Tired,Social,Yes,4.5,7.8,Low
Stressed,Very Heavy,6.8,Tired,Minimal,No,6.9,2.1,High
Great,Moderate,7.5,Energized,Social,No,2.9,9.2,Very Low
Good,Very Light,9.0,Very Energized,Social,No,2.5,9.1,Very Low
Good,Light,7.2,Energized,Minimal,Yes,4.7,4.9,Low
Low Mood,Light,7.1,Energized,Moderate,No,3.1,7.5,Low
Great,Very Light,8.1,Very Energized,Social,Yes,1.9,8.7,Very Low
Stressed,Moderate,6.0,Exhausted,Moderate,No,6.9,2.7,High
Low Mood,Moderate,5.1,Exhausted,Moderate,No,5.2,4.4,Normal
Low Mood,Very Heavy,5.0,Tired,None,No,7.2,5.5,Very High
Okay,Moderate,7.2,Energized,Social,Yes,3.9,5.9,Low
Low Mood,Moderate,6.6,Tired,Moderate,Yes,5.1,3.4,Normal
Great,Moderate,8.6,Energized,Very Social,Yes,4.0,5.2,Very Low
Okay,Moderate,5.2,Okay,Moderate,No,6.8,3.3,Normal
Good,Light,9.8,Energized,Social,Yes,3.4,9.6,Very Low
Okay,Moderate,6.4,Okay,Social,No,4.8,6.9,Normal
Good,Moderate,6.4,Energized,Minimal,No,3.9,4.1,Low
Great,Light,8.7,Okay,Very Social,Yes,2.3,10.0,Very Low
Low Mood,Heavy,6.0,Tired,Minimal,No,7.9,3.1,High
Good,Heavy,6.4,Tired,Minimal,Yes,3.9,5.2,Normal
Okay,Moderate,6.1,Exhausted,Moderate,No,5.4,4.5,Normal
Stressed,Heavy,4.2,Exhausted,None,No,9.5,3.9,Very High
Good,Moderate,8.5,Tired,Social,No,5.4,8.0,Normal
Great,Very Light,8.0,Energized,Moderate,No,2.7,5.5,Very Low
Okay,Light,9.3,Very Energized,Social,Yes,2.6,9.2,Very Low
Stressed,Very Heavy,5.7,Exhausted,None,Yes,9.6,2.6,Very High
Good,Light,7.9,Tired,Minimal,Yes,5.3,5.0,Low
Low Mood,Heavy,6.2,Tired,Social,Yes,4.9,6.9,High
Stressed,Heavy,4.4,Exhausted,Minimal,No,8.7,4.0,Very High
Good,Light,9.0,Energized,Very Social,Yes,2.9,6.2,Very Low
Stressed,Heavy,4.1,Exhausted,Minimal,No,9.1,2.6,Very High
Good,Light,7.9,Okay,Very Social,Yes,3.6,5.1,Low
Okay,Moderate,7.5,Okay,Social,Yes,4.7,4.6,Low
Stressed,Very Heavy,5.9,Exhausted,None,No,8.7,3.9,Very High
Low Mood,Very Heavy,6.1,Okay,None,No,5.0,5.2,Normal
Good,Moderate,7.5,Okay,Very Social,Yes,2.7,8.3,Low
Good,Moderate,8.3,Tired,Social,Yes,4.9,8.0,Low
Low Mood,Heavy,8.3,Okay,Minimal,No,4.1,4.7,Normal
Stressed,Light,5.7,Exhausted,None,Yes,8.8,5.8,Normal
Great,Light,9.5,Very Energized,Very Social,Yes,3.9,9.9,Very Low
Low Mood,Very Heavy,5.1,Tired,None,Yes,6.0,5.7,High
Stressed,Heavy,5.5,Exhausted,Minimal,No,7.4,6.0,High
Stressed,Heavy,4.5,Tired,None,No,8.0,2.6,Very High
Low Mood,Heavy,6.1,Tired,Social,Yes,4.3,4.3,Normal
Good,Very Light,8.6,Energized,Moderate,Yes,2.2,9.3,Very Low
Low Mood,Very Heavy,4.4,Tired,Minimal,No,8.1,1.3,High
Low Mood,Very Heavy,6.6,Okay,Moderate,Yes,6.7,2.8,Normal
Good,Light,9.0,Okay,Moderate,Yes,4.6,8.4,Low
Good,Light,8.6,Very Energized,Social,Yes,2.0,8.6,Very Low
Low Mood,Moderate,5.5,Okay,None,No,8.5,5.4,High
Low Mood,Moderate,7.7,Tired,Minimal,Yes,3.6,4.2,Normal
Good,Moderate,7.3,Energized,Moderate,Yes,2.3,8.6,Low
Great,Light,7.5,Very Energized,Social,Yes,1.9,11.0,Very Low
Okay,Light,9.2,Okay,Very Social,Yes,2.8,8.8,Low
Okay,Heavy,6.5,Exhausted,None,Yes,8.7,2.1,High
Okay,Heavy,8.0,Energized,Moderate,Yes,2.2,9.6,Normal
Okay,Moderate,5.2,Okay,Moderate,Yes,8.5,4.1,Normal
Okay,Light,9.5,Energized,Social,No,3.7,5.3,Low
Great,Light,8.7,Very Energized,Social,Yes,1.4,10.2,Very Low
Good,Light,9.3,Very Energized,Very Social,Yes,3.4,11.7,Very Low
Okay,Light,7.6,Energized,Minimal,Yes,5.5,6.7,Very Low
Great,Very Light,8.4,Energized,Very Social,No,4.7,9.6,Very Low
Okay,Heavy,6.6,Okay,None,No,5.5,5.8,Normal
Okay,Light,8.0,Okay,Minimal,Yes,5.1,6.3,Low
Okay,Heavy,6.7,Okay,Minimal,No,3.8,4.7,Normal
Low Mood,Heavy,5.6,Exhausted,Minimal,No,8.9,2.8,High
Good,Moderate,6.7,Energized,Social,Yes,5.9,6.0,Low
Low Mood,Very Heavy,4.9,Tired,None,No,8.6,1.9,High
Good,Very Light,7.9,Okay,Social,Yes,4.7,9.0,Very Low
Low Mood,Very Heavy,6.6,Okay,Moderate,No,5.8,2.3,High
Okay,Heavy,8.3,Okay,Moderate,No,2.9,7.2,Normal
Good,Very Light,7.9,Okay,Very Social,Yes,2.3,8.6,Very Low
Good,Moderate,9.3,Very Energized,Very Social,Yes,4.7,7.6,Low
Low Mood,Very Heavy,4.6,Exhausted,None,No,7.4,1.9,Very High
Low Mood,Moderate,6.5,Exhausted,None,No,6.7,2.4,High
Okay,Heavy,5.3,Tired,Minimal,No,8.5,5.1,High
Low Mood,Moderate,7.8,Tired,Social,Yes,5.8,5.5,Normal
Good,Heavy,6.8,Okay,Moderate,No,4.4,4.1,Normal
Great,Light,9.2,Very Energized,Social,Yes,2.5,7.1,Very Low
Okay,Very Light,7.3,Energized,Very Social,Yes,4.1,9.9,Very Low
Good,Moderate,7.2,Energized,Minimal,Yes,4.7,5.5,Low
Good,Light,8.2,Very Energized,Very Social,Yes,2.3,8.5,Very Low
Stressed,Moderate,6.8,Exhausted,None,Yes,5.1,4.8,High
Low Mood,Very Heavy,6.2,Tired,Moderate,No,8.1,3.3,High
Low Mood,Moderate,6.6,Okay,Minimal,No,5.9,2.5,Normal
Low Mood,Light,7.4,Energized,Minimal,No,3.7,5.5,Normal
Okay,Moderate,8.9,Okay,Very Social,Yes,2.6,5.1,Low
Low Mood,Light,6.6,Energized,Social,Yes,5.0,7.4,Low
Stressed,Moderate,6.4,Exhausted,None,No,6.8,5.6,Very High
Stressed,Heavy,5.1,Tired,None,No,6.9,2.4,High
Good,Light,8.4,Energized,Social,Yes,2.5,7.8,Low
Low Mood,Light,7.8,Tired,Moderate,Yes,5.0,7.1,Normal
Good,Light,7.0,Tired,Moderate,No,4.9,5.2,Low
Good,Moderate,6.6,Okay,Moderate,Yes,3.2,4.8,Low
Low Mood,Very Heavy,6.3,Exhausted,Minimal,No,8.6,3.5,High
Low Mood,Moderate,7.4,Very Energized,Very Social,No,4.5,9.9,Low
Okay,Heavy,8.2,Tired,Moderate,Yes,3.4,5.8,Normal
Good,Light,7.5,Energized,Moderate,Yes,3.9,7.6,Low
Stressed,Moderate,6.1,Exhausted,None,Yes,9.0,3.6,High
Good,Very Light,8.8,Very Energized,Social,Yes,1.9,8.2,Very Low
Good,Light,9.8,Energized,Very Social,Yes,2.2,9.8,Very Low
Low Mood,Very Heavy,5.3,Exhausted,None,No,8.4,1.5,Very High
Stressed,Heavy,6.7,Okay,Moderate,No,6.9,4.8,High
Low Mood,Light,7.0,Tired,Social,Yes,6.0,7.8,Low
Good,Light,7.1,Okay,Very Social,Yes,4.4,6.7,Very Low
Stressed,Heavy,8.0,Okay,Social,No,3.4,7.6,Normal
Great,Light,8.1,Energized,Very Social,Yes,2.3,9.4,Very Low
Stressed,Heavy,6.3,Exhausted,None,Yes,9.0,5.4,High
Okay,Very Light,8.4,Energized,Very Social,Yes,2.6,7.3,Low
Good,Light,7.0,Tired,Moderate,No,5.6,5.8,Very Low
Low Mood,Moderate,5.2,Exhausted,Minimal,Yes,5.1,3.3,High
Stressed,Heavy,4.6,Exhausted,None,Yes,7.2,1.8,Very High
Great,Light,8.0,Energized,Social,Yes,1.5,9.7,Very Low
Low Mood,Heavy,6.1,Okay,None,Yes,7.1,2.5,Normal
Okay,Light,7.9,Okay,Moderate,Yes,4.8,5.6,Low
Stressed,Heavy,5.3,Tired,None,No,7.1,2.6,High
Okay,Moderate,6.5,Okay,Minimal,No,7.6,5.2,Normal
Great,Light,7.7,Energized,Social,No,3.3,10.0,Very Low
Okay,Very Heavy,6.6,Exhausted,Moderate,No,5.7,3.2,High
Good,Light,7.2,Energized,Very Social,Yes,2.4,8.0,Very Low
Okay,Moderate,5.6,Okay,Minimal,Yes,8.1,3.3,Normal
Low Mood,Very Heavy,4.7,Exhausted,Minimal,No,8.9,1.9,Very High
Great,Light,8.5,Energized,Very Social,Yes,3.1,8.7,Very Low
Great,Moderate,7.6,Energized,Social,No,3.9,8.2,Low
Great,Light,8.9,Energized,Very Social,Yes,4.0,7.8,Very Low
Low Mood,Very Heavy,5.4,Exhausted,Minimal,Yes,8.0,4.3,High
Okay,Light,8.6,Okay,Social,Yes,2.2,9.4,Low
Low Mood,Heavy,8.3,Tired,Social,Yes,5.9,4.2,Normal
Stressed,Very Heavy,6.2,Exhausted,Moderate,Yes,5.4,5.1,High
Okay,Light,8.9,Very Energized,Social,Yes,2.2,6.8,Low
Great,Very Light,8.8,Okay,Moderate,No,4.4,7.4,Very Low
Low Mood,Moderate,6.5,Exhausted,Moderate,Yes,8.9,3.4,Normal
Okay,Very Heavy,6.9,Exhausted,Moderate,No,6.4,5.6,High
Good,Moderate,8.2,Tired,Social,Yes,5.1,5.8,Low
Okay,Moderate,6.5,Exhausted,None,No,8.6,5.2,Normal
Great,Very Light,8.9,Very Energized,Very Social,Yes,3.1,9.2,Very Low
Great,Very Light,8.8,Okay,Social,Yes,4.4,9.6,Very Low
Okay,Very Heavy,5.3,Exhausted,Moderate,No,8.3,5.7,High
Okay,Light,7.6,Tired,Social,No,3.8,6.5,Low
Okay,Very Light,8.3,Very Energized,Very Social,No,2.4,5.6,Very Low
Good,Light,7.3,Okay,Social,Yes,4.1,8.3,Low
Good,Light,7.3,Very Energized,Moderate,Yes,2.8,6.7,Low
Low Mood,Heavy,4.3,Exhausted,None,No,8.3,3.8,Very High
Great,Light,7.7,Very Energized,Moderate,Yes,5.0,8.8,Very Low
Good,Light,9.6,Energized,Social,Yes,1.9,9.5,Very Low
Okay,Heavy,6.8,Tired,Minimal,Yes,4.5,6.9,Normal
Okay,Light,6.9,Okay,Social,No,3.6,6.6,Normal
Low Mood,Heavy,5.3,Exhausted,Minimal,No,7.9,3.3,High
Stressed,Moderate,5.3,Exhausted,Minimal,Yes,8.1,4.3,Normal
Okay,Light,9.0,Energized,Very Social,No,1.8,7.2,Low
Okay,Moderate,6.6,Energized,Moderate,Yes,5.8,5.8,Low
Low Mood,Very Heavy,5.8,Tired,None,No,6.7,5.6,High
Stressed,Very Heavy,5.6,Tired,None,Yes,8.9,1.1,Very High
Great,Light,9.1,Energized,Very Social,No,3.0,6.1,Very Low
Great,Light,7.5,Okay,Very Social,No,4.7,5.3,Very Low
Stressed,Very Heavy,5.8,Exhausted,None,No,9.3,3.9,Very High
Okay,Heavy,6.3,Tired,Moderate,Yes,4.5,4.5,Normal
Good,Very Light,8.5,Very Energized,Very Social,Yes,2.3,6.1,Very Low
Low Mood,Moderate,8.0,Tired,Social,Yes,5.8,4.1,Normal
Low Mood,Moderate,5.2,Exhausted,None,Yes,6.1,5.6,Normal
Okay,Light,8.1,Energized,Social,Yes,3.8,8.0,Low
Okay,Moderate,5.0,Tired,Minimal,Yes,8.9,2.6,Normal
Good,Moderate,6.5,Tired,Moderate,Yes,5.5,4.3,Normal
Good,Very Light,7.1,Energized,Moderate,Yes,4.2,9.4,Very Low
Stressed,Very Heavy,4.9,Tired,None,Yes,8.0,2.1,Very High
Good,Light,9.0,Very Energized,Social,Yes,4.6,7.4,Very Low
Low Mood,Heavy,6.9,Energized,Social,Yes,5.5,5.8,Normal
Good,Light,8.2,Energized,Very Social,Yes,3.2,9.9,Very Low
Great,Light,8.9,Very Energized,Very Social,No,3.8,8.8,Very Low
Stressed,Moderate,5.3,Tired,None,Yes,7.1,2.1,High
Low Mood,Heavy,7.9,Okay,Social,No,4.3,5.5,Normal
Low Mood,Light,6.1,Okay,Social,Yes,3.7,7.5,Normal
Stressed,Very Heavy,4.2,Exhausted,Minimal,Yes,9.5,1.1,Very High
Okay,Moderate,7.7,Energized,Moderate,No,4.2,6.8,Normal
Good,Moderate,9.5,Okay,Very Social,No,2.5,8.2,Low
Okay,Moderate,7.9,Energized,Minimal,No,5.2,5.7,Low
Stressed,Moderate,6.8,Okay,Minimal,Yes,7.9,4.5,Normal
Okay,Light,7.2,Energized,Social,Yes,4.4,6.4,Low
Great,Light,9.5,Okay,Very Social,No,4.4,8.2,Very Low
Okay,Moderate,7.9,Very Energized,Very Social,Yes,3.2,5.7,Low
Low Mood,Moderate,6.2,Tired,Moderate,No,8.0,2.3,Normal
Low Mood,Moderate,6.8,Exhausted,None,No,9.0,3.5,High
Low Mood,Heavy,4.2,Exhausted,None,No,7.1,2.8,High
Great,Light,7.5,Energized,Social,No,3.7,9.9,Very Low
Stressed,Very Heavy,6.3,Tired,Moderate,Yes,5.8,5.2,High
Stressed,Moderate,6.9,Energized,Moderate,Yes,3.4,5.9,Normal
Okay,Heavy,6.0,Exhausted,Moderate,No,5.7,2.3,High
Great,Light,9.7,Energized,Social,Yes,1.3,7.0,Very Low
Low Mood,Heavy,5.7,Tired,None,Yes,9.4,1.9,High
Good,Moderate,7.0,Okay,Very Social,Yes,3.2,8.4,Low
Okay,Moderate,7.7,Energized,Very Social,Yes,2.4,8.7,Low
Okay,Light,7.2,Energized,Social,Yes,4.1,5.4,Low
Stressed,Heavy,5.2,Tired,None,No,8.8,3.5,High
Low Mood,Moderate,5.9,Tired,None,No,7.5,4.5,High
Stressed,Very Heavy,5.2,Okay,Moderate,No,8.6,5.6,High
Okay,Very Heavy,6.0,Okay,Moderate,No,8.5,4.0,High
Okay,Heavy,8.1,Energized,Social,Yes,4.0,6.1,Low
Low Mood,Very Heavy,8.1,Tired,Minimal,No,5.5,4.2,Normal
Low Mood,Very Heavy,6.3,Okay,None,No,5.3,3.5,High
Low Mood,Moderate,5.6,Exhausted,Minimal,No,8.7,1.1,High
Low Mood,Moderate,7.8,Energized,Social,No,3.4,5.9,Low
Great,Light,7.5,Okay,Moderate,No,2.1,10.0,Low
Great,Very Light,9.4,Okay,Very Social,Yes,4.7,9.0,Very Low
Good,Light,8.6,Very Energized,Moderate,Yes,3.2,6.7,Very Low
Good,Very Light,8.6,Energized,Social,Yes,3.2,7.2,Very Low
Low Mood,Very Heavy,6.4,Tired,None,Yes,7.8,3.0,High
Low Mood,Moderate,6.5,Tired,Social,No,4.4,5.7,Normal
Good,Light,8.8,Energized,Social,Yes,1.8,8.8,Very Low
Great,Very Light,8.0,Energized,Social,Yes,2.6,10.7,Very Low
Low Mood,Light,6.8,Energized,Social,Yes,4.7,7.1,Low
Good,Moderate,8.1,Okay,Minimal,Yes,3.2,7.4,Low
Stressed,Heavy,4.1,Exhausted,Minimal,No,8.3,1.0,High
Good,Light,8.9,Very Energized,Social,Yes,4.0,5.8,Very Low
Low Mood,Moderate,6.7,Okay,None,No,7.3,4.7,High
Okay,Heavy,5.2,Okay,None,No,8.3,2.7,High
Great,Moderate,8.4,Okay,Moderate,No,2.1,6.0,Low
Stressed,Very Heavy,6.1,Okay,None,Yes,5.3,3.5,High
Good,Very Light,8.1,Energized,Moderate,Yes,3.0,7.8,Very Low
Okay,Heavy,7.9,Okay,Moderate,Yes,4.1,4.9,Normal
Great,Light,9.2,Okay,Social,No,4.7,9.0,Very Low
Okay,Light,9.2,Energized,Very Social,Yes,3.4,8.6,Low
Okay,Light,7.5,Okay,Minimal,Yes,4.8,6.5,Low
Good,Very Light,9.4,Energized,Social,Yes,1.3,10.7,Very Low
Okay,Moderate,6.2,Tired,Moderate,No,6.3,5.5,Normal
Great,Moderate,6.1,Tired,Social,No,4.6,5.2,Low
Low Mood,Moderate,5.9,Okay,None,No,8.2,3.0,Normal
Okay,Light,6.9,Energized,Moderate,No,4.2,5.2,Low
Low Mood,Very Heavy,4.1,Exhausted,Minimal,No,9.4,3.6,Very High
Good,Heavy,7.4,Energized,Minimal,Yes,5.6,6.4,Normal
Stressed,Very Heavy,4.2,Exhausted,None,No,7.0,1.5,Very High
Good,Light,9.8,Very Energized,Social,Yes,3.9,7.6,Very Low
Okay,Moderate,6.0,Exhausted,Moderate,No,5.2,3.6,High
Good,Light,8.4,Energized,Social,Yes,4.9,9.4,Low
Low Mood,Moderate,7.9,Okay,Social,No,5.4,4.7,Normal
Okay,Light,8.2,Okay,Social,No,3.7,4.2,Low
Low Mood,Heavy,7.6,Energized,Moderate,No,5.7,5.6,Normal
Good,Very Light,9.4,Energized,Social,No,4.0,11.3,Very Low
Stressed,Very Heavy,6.1,Tired,Minimal,No,5.2,5.6,Very High
Good,Very Light,8.2,Energized,Very Social,Yes,2.0,11.5,Very Low
Stressed,Moderate,6.8,Exhausted,Moderate,Yes,7.4,5.8,High
Okay,Light,6.4,Energized,Social,Yes,3.8,4.0,Low
Okay,Heavy,6.6,Tired,Moderate,No,7.8,4.6,Normal
Great,Moderate,9.5,Energized,Very Social,Yes,2.5,6.6,Very Low
Okay,Heavy,6.5,Exhausted,Moderate,No,8.4,3.0,High
Great,Light,7.7,Energized,Very Social,Yes,2.9,10.6,Very Low
Great,Very Light,7.4,Okay,Moderate,Yes,3.9,5.2,Very Low
Stressed,Heavy,4.8,Exhausted,Minimal,No,9.4,3.1,Very High
Great,Light,8.9,Very Energized,Social,Yes,3.3,8.3,Very Low
Stressed,Very Heavy,4.0,Tired,Minimal,No,10.0,3.0,Very High
Stressed,Very Heavy,6.3,Okay,None,Yes,7.6,5.2,High
Low Mood,Very Heavy,6.1,Tired,Moderate,No,7.1,5.3,High
Great,Moderate,9.1,Okay,Social,No,3.5,8.8,Low
Stressed,Heavy,6.4,Exhausted,Moderate,Yes,6.0,2.5,High
Great,Moderate,7.2,Okay,Very Social,No,2.1,9.1,Low
Great,Light,8.4,Very Energized,Moderate,No,2.0,7.8,Very Low
Low Mood,Heavy,6.9,Okay,Moderate,No,7.0,2.8,Normal
Okay,Moderate,5.7,Okay,None,Yes,5.5,4.4,Normal
Low Mood,Heavy,4.2,Exhausted,None,Yes,7.6,2.8,High
Low Mood,Heavy,7.5,Tired,Moderate,No,3.1,4.0,High
Stressed,Very Heavy,4.0,Exhausted,None,No,9.7,3.1,Very High
Low Mood,Very Heavy,6.4,Exhausted,Minimal,No,6.4,2.9,High
Good,Moderate,7.4,Very Energized,Very Social,Yes,4.2,7.6,Very Low
Okay,Moderate,8.2,Okay,Minimal,Yes,4.9,7.2,Normal
Okay,Moderate,6.0,Exhausted,Moderate,Yes,6.0,3.9,Normal
Okay,Light,8.7,Okay,Social,Yes,4.2,9.2,Low
Good,Very Light,8.6,Energized,Social,Yes,3.8,8.7,Very Low
Great,Light,9.0,Energized,Very Social,No,1.3,9.1,Low
Okay,Light,6.1,Okay,Minimal,Yes,3.9,7.8,Low
Good,Moderate,7.8,Okay,Minimal,Yes,5.5,4.3,Low
Good,Heavy,7.5,Energized,Social,Yes,4.5,7.8,Low
Okay,Heavy,8.3,Tired,Social,No,4.8,5.5,Normal
Stressed,Heavy,5.8,Tired,Minimal,Yes,8.2,5.8,High
Low Mood,Light,6.2,Tired,Minimal,No,4.5,5.8,High
Okay,Heavy,8.1,Energized,Minimal,No,3.7,5.0,Normal
Low Mood,Very Heavy,5.9,Tired,Minimal,No,10.0,2.2,High
Okay,Very Light,9.4,Very Energized,Social,Yes,2.0,5.4,Very Low
Low Mood,Light,7.3,Okay,Very Social,No,4.9,5.4,Normal
Great,Moderate,8.3,Energized,Moderate,Yes,2.6,7.9,Low
Okay,Moderate,8.5,Energized,Social,Yes,3.4,4.9,Low
Low Mood,Moderate,5.5,Tired,Minimal,No,5.4,2.7,High
Great,Moderate,7.4,Energized,Social,No,5.1,4.6,Very Low
Good,Very Light,9.1,Energized,Very Social,No,3.6,7.4,Very Low
Stressed,Very Heavy,6.1,Exhausted,None,Yes,5.3,5.4,Very High
Okay,Light,8.3,Tired,Social,Yes,5.5,7.1,Normal
Stressed,Heavy,5.3,Tired,Minimal,No,8.2,3.8,High
Okay,Heavy,8.5,Okay,Moderate,Yes,3.0,7.4,Normal
Okay,Light,7.4,Okay,Very Social,Yes,4.5,6.5,Low
Low Mood,Moderate,7.3,Okay,Minimal,No,4.6,4.5,Normal
Stressed,Heavy,7.7,Energized,Social,Yes,5.9,5.9,Normal
Okay,Light,6.1,Okay,Minimal,No,3.6,8.0,Normal
Okay,Moderate,8.4,Tired,Social,Yes,3.8,6.1,Low
Good,Very Light,8.1,Tired,Social,Yes,5.8,7.3,Low
Low Mood,Very Heavy,6.2,Okay,Minimal,No,7.3,4.8,High
Low Mood,Heavy,7.2,Energized,Minimal,No,4.5,4.7,Normal
Great,Very Light,9.5,Energized,Social,Yes,1.1,9.8,Very Low
Great,Light,9.4,Very Energized,Very Social,Yes,1.5,9.5,Very Low
Low Mood,Heavy,5.7,Tired,None,No,7.2,2.3,High
Okay,Very Heavy,5.4,Okay,Minimal,No,5.8,2.9,Normal
Okay,Moderate,5.9,Okay,Moderate,No,6.8,5.9,Normal
Good,Moderate,6.1,Okay,Moderate,Yes,3.4,5.4,Low
Stressed,Heavy,7.0,Okay,Minimal,No,7.0,5.3,High
Okay,Heavy,5.4,Exhausted,Minimal,No,8.8,1.4,High
Okay,Heavy,8.3,Energized,Social,No,3.5,7.2,Low
Okay,Moderate,7.5,Tired,Minimal,Yes,4.6,6.0,Normal
Okay,Moderate,6.1,Okay,Moderate,Yes,4.1,5.1,Normal
Okay,Heavy,5.2,Tired,Minimal,No,8.7,5.0,High
Okay,Light,7.3,Okay,Moderate,No,4.2,4.8,Low
Stressed,Very Heavy,5.4,Exhausted,Minimal,No,8.1,2.2,Very High
Great,Light,9.3,Okay,Moderate,Yes,2.6,8.0,Very Low
Good,Heavy,7.9,Energized,Moderate,No,5.9,7.0,Low
Okay,Light,8.6,Very Energized,Very Social,Yes,4.8,5.0,Low
Stressed,Heavy,5.9,Tired,Minimal,Yes,5.2,4.5,High
Low Mood,Heavy,7.4,Okay,Social,Yes,5.2,7.7,Normal
Great,Light,9.3,Very Energized,Social,Yes,1.5,9.0,Very Low
Okay,Light,8.6,Energized,Very Social,Yes,3.0,5.7,Very Low
Okay,Very Light,7.7,Okay,Minimal,Yes,5.1,5.9,Very Low
Good,Moderate,9.0,Very Energized,Social,Yes,2.8,9.3,Low
Good,Light,7.5,Okay,Very Social,No,2.5,8.8,Very Low
Good,Light,7.8,Energized,Very Social,Yes,1.6,8.3,Very Low
Great,Very Light,9.6,Very Energized,Very Social,Yes,1.5,7.2,Very Low
Okay,Heavy,5.8,Okay,Minimal,No,5.6,3.6,Normal
Low Mood,Light,6.9,Tired,Minimal,Yes,4.4,6.4,Normal
Okay,Moderate,7.1,Okay,Very Social,Yes,3.6,5.2,Normal
Stressed,Moderate,6.5,Okay,None,No,6.1,4.5,High
Okay,Moderate,6.9,Okay,Minimal,Yes,4.3,5.0,Low
Okay,Very Light,8.2,Tired,Moderate,Yes,5.0,5.3,Low
Low Mood,Very Heavy,6.1,Exhausted,Minimal,Yes,6.7,2.7,High
Low Mood,Very Heavy,4.4,Tired,Minimal,No,8.2,3.6,Very High
Stressed,Moderate,5.3,Exhausted,Minimal,Yes,5.8,5.2,High
Good,Light,9.9,Very Energized,Social,Yes,3.5,8.7,Very Low
Okay,Very Light,8.3,Very Energized,Very Social,Yes,2.3,7.1,Very Low
Okay,Light,7.1,Okay,Very Social,Yes,4.2,5.1,Low
Great,Light,7.5,Very Energized,Very Social,Yes,2.8,8.8,Very Low
Stressed,Heavy,6.3,Exhausted,None,No,6.9,3.7,High
Stressed,Heavy,4.5,Tired,None,No,8.6,3.4,High
Low Mood,Moderate,7.0,Tired,Moderate,No,4.9,5.1,Normal
Good,Moderate,8.4,Energized,Minimal,No,3.8,4.5,Low
Stressed,Very Heavy,6.0,Tired,None,No,9.9,2.9,High
Low Mood,Heavy,7.7,Okay,Social,No,3.9,6.4,Normal
Stressed,Heavy,4.7,Exhausted,Minimal,No,7.1,1.7,Very High
Okay,Very Heavy,6.1,Okay,Moderate,No,7.9,5.8,Normal
Good,Light,8.1,Energized,Very Social,Yes,2.4,7.7,Very Low
Stressed,Heavy,5.1,Tired,None,No,7.4,3.8,High
Great,Light,9.6,Very Energized,Social,Yes,1.7,9.4,Very Low
Good,Moderate,7.6,Tired,Social,No,5.0,4.5,Normal
Low Mood,Heavy,6.1,Tired,Minimal,No,7.7,5.1,High
Great,Light,9.4,Very Energized,Very Social,Yes,2.1,7.5,Very Low
Great,Very Light,9.9,Very Energized,Social,Yes,3.2,11.9,Very Low
Low Mood,Heavy,4.3,Tired,Minimal,Yes,9.4,3.7,High
Good,Very Light,7.6,Very Energized,Very Social,Yes,1.9,10.6,Very Low
Okay,Very Light,8.6,Okay,Very Social,No,4.2,9.0,Low
Stressed,Very Heavy,6.1,Exhausted,None,No,6.7,3.2,Very High
Stressed,Heavy,5.8,Okay,Moderate,Yes,8.6,5.1,High
Okay,Very Heavy,5.7,Tired,Minimal,No,9.7,3.6,High
Okay,Moderate,5.5,Okay,None,No,8.2,4.4,Normal
Stressed,Heavy,7.2,Tired,Minimal,Yes,4.4,6.5,High
Great,Light,7.3,Okay,Very Social,Yes,3.6,6.8,Very Low
Good,Very Light,9.1,Energized,Very Social,Yes,2.8,11.8,Very Low
Stressed,Moderate,4.2,Exhausted,Minimal,Yes,8.8,3.2,High
Okay,Moderate,8.4,Tired,Social,No,3.0,4.6,Normal
Good,Light,7.8,Energized,Social,Yes,4.1,7.0,Low
Stressed,Very Heavy,6.6,Tired,None,No,7.6,3.7,Very High
Good,Light,8.8,Energized,Very Social,Yes,2.3,9.6,Very Low
Stressed,Moderate,5.3,Okay,None,No,7.3,5.3,High
Great,Light,8.6,Energized,Social,No,3.2,7.6,Very Low
Low Mood,Moderate,6.2,Tired,Moderate,No,6.3,3.1,High
Low Mood,Moderate,5.4,Tired,Minimal,No,9.0,4.3,High
Okay,Very Heavy,6.0,Tired,None,No,5.7,4.4,High
Okay,Moderate,5.2,Okay,Moderate,No,8.9,4.3,Normal
Good,Moderate,6.0,Exhausted,Moderate,Yes,8.8,3.5,Normal
Low Mood,Heavy,5.1,Exhausted,Minimal,No,8.2,1.4,High
Stressed,Moderate,7.0,Tired,Minimal,No,7.2,2.7,High
Okay,Light,6.2,Okay,Minimal,No,5.5,4.6,Normal
Okay,Very Light,8.1,Energized,Very Social,Yes,3.5,5.7,Very Low
Great,Very Light,8.3,Energized,Very Social,Yes,3.0,10.8,Very Low
Okay,Moderate,9.3,Very Energized,Very Social,No,2.0,7.0,Low
Great,Light,7.7,Energized,Very Social,Yes,2.2,10.1,Very Low
Good,Light,8.5,Okay,Very Social,No,4.4,9.9,Low
Good,Very Light,7.7,Energized,Very Social,Yes,2.7,7.3,Very Low
Good,Light,7.7,Very Energized,Social,Yes,1.5,7.5,Very Low
Great,Light,9.2,Okay,Very Social,Yes,2.7,7.6,Very Low
Low Mood,Light,8.1,Energized,Minimal,Yes,4.7,7.4,Normal
Okay,Light,7.3,Energized,Minimal,Yes,4.4,7.9,Low
Okay,Light,9.1,Okay,Very Social,No,3.5,5.7,Low
Stressed,Heavy,5.5,Tired,Moderate,No,8.5,2.5,High
Okay,Very Light,7.1,Okay,Social,Yes,4.1,8.9,Low
Low Mood,Moderate,7.6,Tired,Moderate,No,4.8,7.2,Normal
Great,Light,8.0,Okay,Social,No,3.5,9.6,Low
Okay,Very Light,7.0,Okay,Very Social,No,4.0,7.4,Low
Okay,Heavy,6.3,Tired,Minimal,Yes,7.3,5.8,Normal
Great,Light,7.8,Very Energized,Very Social,No,1.0,7.6,Very Low
Okay,Light,8.2,Very Energized,Moderate,Yes,4.2,6.0,Low
Okay,Very Heavy,5.5,Exhausted,Moderate,Yes,8.2,3.4,Normal
Stressed,Heavy,6.7,Okay,Moderate,No,7.4,4.6,High
Okay,Very Heavy,5.9,Tired,Minimal,No,6.9,3.8,High
Okay,Very Heavy,6.7,Okay,None,No,6.8,5.8,Normal
Good,Light,8.0,Very Energized,Very Social,No,3.1,9.0,Very Low
Stressed,Very Heavy,6.4,Tired,Minimal,No,3.2,6.5,High
Okay,Moderate,7.8,Very Energized,Very Social,No,2.4,9.7,Low
Low Mood,Moderate,8.4,Tired,Minimal,Yes,5.2,6.2,Normal
Okay,Moderate,5.6,Exhausted,Moderate,No,6.5,4.1,High
Great,Very Light,7.3,Okay,Social,No,3.4,6.0,Very Low
Good,Very Light,8.4,Energized,Social,Yes,3.0,7.8,Very Low
Okay,Moderate,8.3,Energized,Very Social,Yes,2.3,8.5,Low
Good,Light,9.6,Very Energized,Social,No,2.8,11.7,Very Low
Low Mood,Light,6.5,Energized,Social,No,5.1,6.9,Low
Good,Light,9.5,Okay,Moderate,No,2.0,7.8,Low
Okay,Moderate,8.1,Very Energized,Moderate,Yes,3.1,7.4,Normal
Good,Light,7.4,Energized,Social,No,4.0,8.5,Low
Good,Light,8.0,Very Energized,Moderate,Yes,2.8,5.8,Very Low
Good,Heavy,7.5,Energized,Minimal,Yes,5.6,7.0,Low
Good,Light,7.6,Very Energized,Very Social,Yes,2.4,9.1,Very Low
Good,Light,8.8,Very Energized,Very Social,Yes,2.5,9.9,Low
Good,Very Light,9.1,Very Energized,Very Social,No,2.3,8.0,Very Low
Okay,Heavy,6.3,Tired,Minimal,No,7.4,5.7,Normal
Stressed,Very Heavy,6.0,Exhausted,None,No,8.6,3.8,Very High
Good,Light,8.4,Tired,Social,No,3.1,7.5,Low
Great,Very Light,7.8,Very Energized,Very Social,Yes,2.7,11.8,Very Low
Good,Very Light,8.0,Very Energized,Social,No,3.5,7.1,Very Low
Good,Light,8.2,Energized,Very Social,No,1.4,11.1,Very Low
Stressed,Very Heavy,4.2,Exhausted,Minimal,No,7.5,3.1,High
Stressed,Heavy,4.4,Tired,None,Yes,9.1,1.9,High
Okay,Very Heavy,5.7,Okay,None,Yes,6.7,4.4,Normal
Low Mood,Moderate,6.8,Okay,None,Yes,6.6,5.7,Normal
Great,Very Light,7.9,Energized,Social,No,4.7,6.8,Very Low
Good,Very Light,8.9,Very Energized,Moderate,Yes,3.2,6.3,Very Low
Great,Moderate,8.6,Very Energized,Moderate,No,3.2,9.7,Low
Great,Very Light,9.0,Very Energized,Social,Yes,2.9,10.4,Very Low
Low Mood,Very Heavy,6.5,Okay,Minimal,No,8.8,2.3,High
Great,Very Light,7.1,Okay,Very Social,Yes,3.0,5.2,Very Low
Great,Very Light,7.2,Very Energized,Social,No,3.6,7.0,Very Low
Okay,Heavy,5.3,Tired,Minimal,Yes,8.8,4.2,Normal
Okay,Light,8.3,Very Energized,Social,Yes,2.7,5.3,Very Low
Okay,Heavy,6.2,Okay,None,No,7.7,5.7,Normal
Good,Light,7.6,Tired,Social,Yes,5.7,7.1,Low
Okay,Light,7.0,Very Energized,Moderate,Yes,3.3,8.7,Low
Good,Moderate,7.0,Energized,Moderate,No,2.4,5.0,Low
Okay,Very Heavy,6.3,Exhausted,Moderate,Yes,8.5,3.5,High
Low Mood,Moderate,6.4,Okay,Minimal,No,5.8,7.6,Normal
Okay,Moderate,9.4,Very Energized,Very Social,Yes,2.8,8.2,Low
Low Mood,Moderate,8.3,Energized,Moderate,No,3.5,7.6,Normal
Okay,Light,7.0,Tired,Minimal,No,3.7,4.6,Normal
Okay,Light,6.1,Tired,Moderate,No,5.8,5.4,Low
Good,Very Light,9.1,Okay,Very Social,No,2.8,5.7,Very Low
Okay,Very Light,9.9,Very Energized,Social,Yes,1.3,11.6,Very Low
Okay,Heavy,8.1,Tired,Moderate,No,3.5,4.1,Normal
Low Mood,Very Heavy,5.4,Tired,None,No,8.4,2.9,High
Low Mood,Moderate,6.8,Okay,Minimal,No,6.9,3.5,Normal
Stressed,Heavy,5.8,Exhausted,Minimal,Yes,6.5,2.5,High
Okay,Moderate,8.4,Tired,Minimal,Yes,5.9,4.2,Normal
Stressed,Moderate,4.2,Tired,Minimal,No,8.7,3.6,High
Stressed,Very Heavy,5.4,Okay,Moderate,No,8.1,4.0,High
Low Mood,Very Heavy,4.3,Tired,Minimal,No,7.4,3.6,High
Stressed,Moderate,6.2,Okay,Moderate,Yes,5.8,4.9,Normal
Great,Moderate,7.4,Energized,Moderate,Yes,5.0,4.0,Low
Low Mood,Heavy,6.9,Energized,Minimal,No,4.4,5.4,Normal
Stressed,Very Heavy,4.1,Tired,Minimal,No,10.0,2.0,Very High
Okay,Heavy,6.2,Okay,Social,Yes,5.1,7.9,Normal
Good,Heavy,6.3,Okay,Minimal,No,4.4,4.5,Normal
Good,Very Light,7.9,Energized,Social,Yes,2.4,11.6,Very Low
Good,Moderate,6.9,Tired,Social,No,3.5,6.3,Normal
Low Mood,Very Heavy,5.4,Tired,Minimal,No,6.7,2.1,Very High
Stressed,Very Heavy,5.9,Exhausted,Minimal,No,8.0,3.7,Very High
Stressed,Light,7.1,Energized,Social,No,5.5,7.1,Normal
Okay,Very Heavy,6.7,Okay,Moderate,No,5.1,2.5,Normal
Okay,Heavy,8.3,Energized,Minimal,Yes,5.4,4.7,Normal
Okay,Moderate,7.0,Okay,Social,Yes,3.1,5.7,Normal
Low Mood,Very Heavy,5.5,Exhausted,Minimal,No,6.7,5.2,High
Good,Moderate,8.8,Okay,Social,Yes,3.3,7.0,Low
Good,Moderate,6.5,Okay,Social,Yes,3.8,5.5,Low
Good,Moderate,8.3,Very Energized,Very Social,Yes,4.4,8.1,Very Low
Low Mood,Very Heavy,4.4,Tired,Minimal,No,9.8,2.3,High
Low Mood,Moderate,5.9,Tired,None,Yes,7.6,3.1,Normal
Okay,Moderate,7.0,Energized,Minimal,No,5.9,7.7,Normal
Stressed,Heavy,6.4,Okay,Minimal,Yes,6.7,5.2,High
Low Mood,Heavy,6.5,Tired,Moderate,No,5.2,7.3,High
Okay,Very Light,7.5,Energized,Moderate,Yes,2.3,8.4,Very Low
Good,Moderate,7.8,Okay,Social,No,4.1,5.0,Normal
Good,Heavy,7.4,Okay,Social,No,4.9,7.7,Normal
Good,Very Light,7.5,Okay,Moderate,Yes,3.2,6.5,Very Low
Stressed,Moderate,5.3,Exhausted,Minimal,Yes,8.4,5.8,High
Low Mood,Very Heavy,4.4,Tired,None,Yes,8.4,1.2,High
Good,Light,8.5,Tired,Minimal,No,5.0,7.0,Low
Great,Light,9.2,Very Energized,Social,No,3.3,10.2,Very Low
Low Mood,Moderate,5.0,Tired,Minimal,Yes,7.8,2.8,Normal
Low Mood,Heavy,8.1,Energized,Moderate,No,3.4,7.7,Normal
Great,Very Light,7.3,Very Energized,Social,Yes,2.7,9.6,Very Low
Low Mood,Heavy,6.2,Tired,Minimal,No,5.7,4.1,High
Good,Heavy,5.8,Exhausted,None,Yes,5.9,4.4,Normal
Okay,Moderate,6.7,Okay,Minimal,Yes,7.5,5.1,Normal
Good,Light,7.7,Energized,Very Social,Yes,4.7,6.2,Low
Okay,Very Light,9.0,Energized,Social,Yes,4.5,6.7,Low
Good,Light,9.0,Okay,Social,Yes,3.9,7.5,Very Low
Low Mood,Very Heavy,5.0,Exhausted,None,No,8.8,2.3,Very High
Low Mood,Heavy,7.1,Energized,Social,Yes,4.7,6.8,Normal
Stressed,Very Heavy,5.9,Tired,None,No,7.6,1.9,Very High
Great,Very Light,9.4,Energized,Moderate,No,4.0,6.2,Very Low
Stressed,Heavy,5.9,Exhausted,Moderate,No,8.0,3.3,High
Stressed,Heavy,7.0,Exhausted,Moderate,Yes,6.6,3.4,High
Stressed,Heavy,6.5,Tired,None,Yes,7.8,2.4,High
Good,Very Light,7.1,Okay,Social,No,3.1,8.6,Very Low
Good,Very Light,9.6,Energized,Very Social,Yes,2.0,9.3,Very Low
Okay,Heavy,6.7,Tired,None,No,6.9,2.9,High
Okay,Light,8.3,Energized,Social,No,3.3,8.7,Low
Good,Light,7.1,Energized,Minimal,No,4.2,6.1,Low
Okay,Very Heavy,5.2,Exhausted,Moderate,No,5.8,4.4,High
Okay,Moderate,9.1,Okay,Social,Yes,4.8,7.1,Low
Okay,Light,8.3,Tired,Social,No,5.0,7.3,Low
Okay,Heavy,5.9,Tired,None,Yes,8.1,4.6,Normal
Good,Moderate,7.5,Okay,Very Social,Yes,3.1,8.2,Low
Low Mood,Moderate,5.2,Tired,Minimal,No,7.1,5.5,High
Stressed,Light,7.4,Tired,Minimal,No,5.8,4.0,Normal
Stressed,Light,5.7,Tired,Moderate,No,8.5,4.2,High
Good,Light,7.6,Energized,Social,Yes,4.7,5.4,Low
Okay,Heavy,5.8,Tired,Moderate,No,5.6,5.3,High
Good,Very Light,8.2,Very Energized,Social,Yes,2.7,9.4,Very Low
Okay,Moderate,8.9,Okay,Moderate,No,3.3,9.6,Normal
Good,Very Light,9.4,Very Energized,Moderate,Yes,2.9,8.8,Very Low
Great,Very Light,8.0,Okay,Very Social,No,2.8,7.0,Very Low
Okay,Heavy,6.8,Tired,None,No,5.3,3.3,Normal
Stressed,Light,5.9,Exhausted,Moderate,No,8.1,5.0,High
Low Mood,Moderate,7.5,Energized,Minimal,No,5.7,6.3,Normal
Great,Very Light,8.6,Energized,Social,Yes,1.9,10.9,Very Low
Low Mood,Moderate,5.0,Okay,Minimal,No,5.3,3.8,Normal
Stressed,Heavy,5.7,Tired,None,No,8.7,1.0,High
Okay,Moderate,9.3,Very Energized,Moderate,Yes,3.0,9.7,Low
Good,Moderate,7.6,Energized,Very Social,Yes,2.4,8.5,Very Low
Okay,Light,9.3,Very Energized,Very Social,No,3.3,6.5,Very Low
Low Mood,Very Heavy,4.8,Exhausted,None,No,7.2,3.5,High
Great,Very Light,8.8,Energized,Social,Yes,2.3,9.2,Very Low
Good,Heavy,6.3,Okay,Social,Yes,4.7,4.7,Normal
Good,Moderate,7.4,Okay,Very Social,Yes,4.2,7.3,Low
Stressed,Light,5.3,Tired,None,Yes,8.8,3.3,Normal
Stressed,Heavy,4.9,Exhausted,None,No,8.5,3.1,High
Stressed,Very Heavy,5.8,Okay,Moderate,No,7.0,4.8,High
Okay,Very Heavy,5.7,Tired,None,No,6.3,4.4,High
Okay,Moderate,6.1,Tired,Minimal,No,7.8,2.9,Normal
Low Mood,Moderate,6.2,Exhausted,Minimal,No,7.0,4.7,High
Good,Light,8.1,Energized,Moderate,Yes,4.4,5.1,Very Low
Okay,Moderate,6.2,Energized,Minimal,No,5.7,7.9,Low
Good,Very Light,8.5,Very Energized,Very Social,Yes,1.0,10.9,Very Low
Good,Moderate,9.2,Energized,Social,Yes,3.3,6.5,Low
Okay,Very Heavy,5.2,Tired,Minimal,Yes,6.0,3.1,High
Low Mood,Very Heavy,5.9,Exhausted,Minimal,No,9.6,1.0,High
Low Mood,Very Heavy,5.8,Exhausted,Minimal,No,7.4,2.3,High
Okay,Very Heavy,5.8,Tired,Minimal,No,7.9,3.7,High
Low Mood,Moderate,5.2,Okay,Moderate,Yes,8.1,5.3,Normal
Stressed,Moderate,5.5,Exhausted,Minimal,Yes,7.3,4.0,High
Good,Very Light,9.5,Energized,Very Social,Yes,2.6,9.0,Very Low
Okay,Very Light,8.4,Energized,Moderate,Yes,4.4,6.4,Very Low
Okay,Very Heavy,5.7,Exhausted,Minimal,Yes,5.2,3.7,High
Low Mood,Light,6.1,Okay,Moderate,Yes,4.7,4.8,Low
Stressed,Heavy,5.2,Exhausted,None,No,7.3,2.0,Very High
Good,Heavy,8.1,Energized,Minimal,No,5.7,5.7,Normal
Low Mood,Light,6.8,Tired,Moderate,No,8.5,4.9,Normal
Great,Light,9.0,Energized,Social,Yes,3.3,7.9,Very Low
Low Mood,Light,8.2,Tired,Social,Yes,5.8,7.1,Normal
Good,Very Light,9.4,Okay,Moderate,Yes,4.1,8.6,Very Low
Stressed,Very Heavy,5.3,Tired,None,No,7.6,2.2,High
Great,Light,9.3,Okay,Moderate,Yes,3.3,8.5,Very Low
Good,Moderate,7.8,Energized,Very Social,No,3.2,6.3,Low
Okay,Very Heavy,8.4,Energized,Social,No,5.0,7.2,Normal
Okay,Moderate,9.3,Energized,Very Social,Yes,2.5,6.4,Very Low
Low Mood,Moderate,6.9,Tired,Social,Yes,5.2,7.7,Normal
Good,Light,9.7,Very Energized,Very Social,No,2.7,10.8,Very Low
Good,Very Light,9.8,Very Energized,Very Social,Yes,3.0,11.7,Very Low
Low Mood,Moderate,5.3,Tired,None,No,5.3,4.5,Normal
Okay,Moderate,6.3,Exhausted,Minimal,No,6.9,2.8,Normal
Great,Light,8.7,Energized,Social,Yes,3.8,11.9,Very Low
Good,Very Light,7.9,Energized,Very Social,No,2.4,11.3,Very Low
Stressed,Very Heavy,5.9,Tired,Minimal,No,8.1,3.0,Very High
Stressed,Very Heavy,5.4,Exhausted,None,No,9.5,2.6,Very High
Okay,Moderate,8.3,Very Energized,Moderate,Yes,3.9,8.6,Low
Low Mood,Heavy,8.2,Tired,Moderate,Yes,5.1,5.5,Normal
Stressed,Heavy,4.1,Exhausted,None,No,9.9,1.4,Very High
Good,Very Light,8.9,Energized,Very Social,Yes,1.0,8.4,Very Low
Great,Very Light,8.3,Energized,Very Social,No,3.5,10.7,Very Low
Good,Very Light,9.7,Very Energized,Social,Yes,2.4,8.8,Very Low
Stressed,Heavy,7.8,Okay,Social,No,5.2,7.0,Normal
Low Mood,Heavy,5.9,Tired,Moderate,Yes,5.6,5.9,Normal
Good,Very Light,9.4,Very Energized,Very Social,No,3.3,8.3,Very Low
Stressed,Heavy,5.5,Exhausted,None,No,8.1,3.5,Very High
Good,Heavy,6.7,Tired,Social,Yes,4.1,4.3,Normal
Stressed,Heavy,5.7,Tired,Moderate,No,6.0,4.4,High
Good,Very Light,8.0,Very Energized,Moderate,No,3.1,6.2,Very Low
Good,Moderate,6.8,Tired,Social,No,4.8,5.9,Low
Okay,Heavy,6.6,Tired,Minimal,Yes,5.7,8.0,Normal
Good,Light,7.8,Very Energized,Moderate,Yes,3.5,8.5,Low
Low Mood,Heavy,5.6,Tired,Minimal,No,9.4,1.8,High
Good,Heavy,6.7,Energized,Minimal,Yes,4.9,6.8,Normal
Good,Heavy,7.2,Energized,Social,Yes,5.5,5.1,Low
Great,Very Light,9.2,Energized,Very Social,Yes,1.3,7.7,Very Low
Great,Very Light,7.3,Energized,Very Social,No,2.1,5.6,Very Low
Okay,Light,6.7,Tired,Minimal,No,5.8,5.7,Normal
Okay,Moderate,6.8,Tired,Moderate,No,6.5,3.0,Normal
Great,Very Light,7.4,Very Energized,Moderate,Yes,2.4,8.7,Very Low
Good,Light,8.4,Very Energized,Very Social,Yes,4.9,6.7,Very Low
Okay,Light,6.4,Tired,Minimal,No,5.9,7.0,Normal
Okay,Heavy,5.1,Tired,Minimal,Yes,8.5,4.3,High
Okay,Heavy,6.9,Exhausted,Moderate,No,6.8,4.4,High
Good,Very Light,7.9,Energized,Very Social,Yes,3.1,8.4,Very Low
Low Mood,Very Light,7.9,Energized,Social,Yes,4.6,4.1,Low
Okay,Very Light,8.9,Okay,Moderate,No,3.9,9.5,Low
Okay,Heavy,7.4,Energized,Moderate,No,4.4,5.0,Normal
Good,Heavy,7.8,Energized,Moderate,Yes,4.7,4.7,Low
Good,Heavy,6.1,Okay,Minimal,No,6.4,5.6,Normal
Good,Light,9.1,Very Energized,Social,Yes,3.3,7.8,Very Low
Stressed,Heavy,6.0,Exhausted,Moderate,Yes,7.0,4.5,High
Stressed,Heavy,4.3,Exhausted,Minimal,Yes,8.0,2.9,High
Low Mood,Heavy,7.2,Tired,Social,No,3.6,5.5,Normal
Good,Light,8.3,Energized,Social,Yes,4.0,12.0,Low
Okay,Light,6.1,Energized,Minimal,No,5.8,4.7,Low
Good,Very Light,8.3,Very Energized,Very Social,Yes,3.9,9.8,Very Low
Okay,Light,8.4,Okay,Moderate,Yes,3.3,8.1,Low
Okay,Moderate,5.1,Tired,Moderate,Yes,6.7,5.1,Normal
Okay,Very Light,7.8,Energized,Social,Yes,3.7,9.9,Very Low
Good,Heavy,6.2,Energized,Social,No,5.7,4.9,Normal
Stressed,Heavy,5.9,Exhausted,Minimal,Yes,6.2,3.7,High
Okay,Heavy,8.5,Okay,Moderate,Yes,3.2,4.5,Normal
Low Mood,Very Heavy,4.6,Exhausted,Minimal,No,8.1,1.3,Very High
Great,Very Light,7.3,Energized,Moderate,No,4.2,5.2,Very Low
Okay,Moderate,8.7,Energized,Social,Yes,2.0,8.4,Low
Low Mood,Light,5.3,Okay,None,No,7.9,4.5,Normal
Okay,Moderate,7.5,Energized,Minimal,Yes,3.1,6.1,Low
Great,Light,7.6,Okay,Moderate,No,4.9,5.9,Low
Good,Moderate,8.9,Very Energized,Social,Yes,4.1,6.9,Very Low
Low Mood,Very Heavy,4.3,Exhausted,Minimal,No,8.2,1.0,High
Okay,Light,7.7,Okay,Moderate,No,6.0,5.9,Normal
Stressed,Very Heavy,5.8,Exhausted,None,No,9.4,3.8,Very High
Good,Light,8.9,Energized,Very Social,Yes,3.9,6.3,Very Low
Low Mood,Moderate,6.3,Okay,Minimal,No,6.2,4.5,Normal
Good,Very Light,8.4,Energized,Very Social,Yes,1.9,7.4,Very Low
Okay,Very Heavy,5.2,Okay,Moderate,No,8.0,3.3,Normal
Okay,Moderate,6.5,Tired,Minimal,No,5.5,3.9,Normal
Stressed,Heavy,5.6,Exhausted,Minimal,No,9.0,1.7,Very High
Okay,Moderate,7.9,Very Energized,Moderate,Yes,2.3,6.8,Very Low
Okay,Moderate,9.5,Energized,Social,Yes,2.7,5.5,Low
Okay,Light,7.4,Okay,Minimal,No,5.9,6.3,Normal
Okay,Moderate,9.3,Very Energized,Very Social,No,3.6,8.0,Low
Low Mood,Very Heavy,5.4,Tired,None,No,8.0,3.1,High
Stressed,Heavy,4.1,Exhausted,None,No,8.7,2.0,Very High
Good,Very Light,7.7,Very Energized,Social,Yes,2.5,5.9,Very Low
Good,Very Light,8.2,Okay,Social,Yes,3.2,5.3,Low
Good,Very Light,9.0,Very Energized,Social,Yes,1.6,10.8,Very Low
Good,Very Light,7.4,Okay,Moderate,No,2.9,8.9,Low
Good,Very Light,9.2,Very Energized,Very Social,No,4.8,9.5,Very Low
Good,Moderate,8.2,Tired,Social,Yes,5.7,6.6,Low
Great,Light,7.4,Tired,Minimal,Yes,3.3,4.6,Low
Stressed,Very Heavy,6.9,Exhausted,Moderate,No,6.2,5.6,Very High
Okay,Very Heavy,6.1,Exhausted,None,No,8.0,2.1,High
Low Mood,Heavy,5.2,Tired,Moderate,No,6.7,4.0,High
Stressed,Very Heavy,5.6,Exhausted,None,No,9.7,2.6,Very High
Low Mood,Very Heavy,5.5,Tired,None,No,8.8,3.9,High
Low Mood,Very Heavy,5.1,Exhausted,Minimal,No,7.1,3.4,High
Great,Light,8.2,Energized,Social,No,3.6,10.3,Very Low
Stressed,Very Heavy,5.4,Exhausted,None,No,8.6,3.7,Very High
Okay,Light,8.0,Energized,Social,No,4.2,6.7,Low
Okay,Light,7.5,Okay,Social,Yes,4.6,5.6,Low
Good,Light,7.7,Okay,Minimal,No,5.5,6.3,Normal
Okay,Light,7.7,Okay,Moderate,No,4.7,5.9,Low
Stressed,Very Heavy,5.9,Tired,None,No,9.9,2.1,High
Low Mood,Heavy,5.3,Exhausted,Minimal,No,9.4,4.0,High
Low Mood,Light,6.6,Tired,Social,Yes,4.9,4.8,Normal
Good,Very Light,9.1,Energized,Very Social,Yes,1.7,8.2,Very Low
Stressed,Moderate,6.5,Tired,None,No,7.8,2.5,High
Great,Moderate,9.4,Okay,Moderate,Yes,2.3,8.6,Very Low
Okay,Very Light,7.0,Very Energized,Very Social,Yes,2.4,8.8,Very Low
Great,Very Light,7.7,Very Energized,Social,Yes,2.9,11.0,Very Low
Stressed,Heavy,5.2,Okay,Moderate,No,6.5,5.7,Normal
Low Mood,Light,8.3,Tired,Minimal,Yes,4.5,7.0,Low
Good,Very Light,7.7,Okay,Very Social,Yes,2.5,8.6,Very Low
Great,Moderate,7.8,Okay,Moderate,No,2.8,6.4,Low
Low Mood,Heavy,4.8,Exhausted,Minimal,Yes,9.3,1.9,High
Stressed,Heavy,6.9,Exhausted,Minimal,No,6.9,4.4,High
Great,Moderate,7.1,Energized,Moderate,Yes,4.5,6.0,Very Low
Good,Very Light,9.2,Energized,Social,Yes,1.8,7.7,Very Low
Good,Moderate,7.6,Very Energized,Social,Yes,4.2,5.5,Very Low
Okay,Moderate,7.4,Energized,Social,Yes,2.1,9.8,Low
Low Mood,Very Heavy,6.5,Tired,Minimal,No,8.1,5.9,High
Good,Very Light,7.2,Very Energized,Social,Yes,3.0,7.4,Very Low
Stressed,Moderate,6.2,Exhausted,Minimal,Yes,5.1,5.3,High
Low Mood,Light,8.8,Very Energized,Very Social,Yes,5.0,6.0,Low
Low Mood,Very Heavy,5.8,Tired,Minimal,No,8.3,2.9,High
Great,Light,9.8,Very Energized,Social,No,1.4,11.9,Very Low
Stressed,Very Heavy,5.2,Tired,Moderate,No,8.0,2.9,High
Okay,Light,6.7,Okay,Minimal,No,4.2,7.6,Normal
Great,Very Light,8.4,Okay,Very Social,Yes,2.2,8.9,Very Low
Okay,Heavy,5.8,Tired,None,Yes,5.7,4.3,Normal
Low Mood,Very Heavy,5.7,Tired,None,No,9.3,3.3,Very High
Okay,Heavy,8.0,Energized,Social,Yes,4.8,5.0,Normal
Good,Very Light,8.4,Okay,Social,Yes,3.9,7.7,Very Low
Good,Moderate,6.9,Energized,Social,No,4.6,6.9,Low
Okay,Very Light,9.0,Very Energized,Moderate,Yes,2.1,8.5,Low
Good,Light,6.4,Energized,Social,No,3.7,5.3,Low
Okay,Heavy,6.5,Energized,Minimal,No,4.5,4.1,Normal
Okay,Light,8.4,Okay,Minimal,Yes,5.4,7.9,Low
Low Mood,Very Heavy,4.1,Tired,None,No,7.8,3.8,High
Low Mood,Very Heavy,5.7,Okay,None,Yes,7.2,3.9,High
Low Mood,Very Heavy,5.0,Exhausted,None,No,9.6,1.7,High
Okay,Light,7.2,Okay,Moderate,No,5.7,6.2,Normal
Good,Light,6.7,Tired,Minimal,Yes,3.8,6.5,Low
Low Mood,Heavy,5.4,Tired,Minimal,No,9.6,2.2,High
Okay,Light,7.3,Energized,Social,Yes,4.4,4.4,Low
Low Mood,Very Heavy,4.3,Tired,None,No,8.8,1.5,Very High
Good,Moderate,8.6,Very Energized,Moderate,Yes,2.4,7.4,Very Low
Okay,Light,8.0,Energized,Moderate,Yes,4.7,5.8,Very Low
Stressed,Very Heavy,4.9,Exhausted,Minimal,No,7.3,1.5,Very High
Okay,Light,8.4,Energized,Social,Yes,3.8,4.4,Low
Good,Very Light,8.9,Very Energized,Very Social,Yes,3.2,8.1,Very Low
Stressed,Moderate,6.9,Tired,Minimal,No,6.4,2.1,High
Good,Very Light,7.7,Very Energized,Social,No,1.5,8.4,Very Low
Good,Moderate,6.2,Tired,Moderate,Yes,3.1,7.6,Low
Okay,Light,6.1,Energized,Social,No,4.4,6.8,Low
Low Mood,Moderate,6.6,Tired,None,No,5.4,2.3,High
Good,Very Heavy,6.3,Exhausted,Moderate,Yes,8.2,5.4,Normal
Good,Very Light,8.0,Okay,Social,No,4.7,9.1,Low
Good,Very Light,9.5,Energized,Social,Yes,3.7,7.6,Very Low
Low Mood,Very Heavy,6.6,Okay,Moderate,Yes,8.1,2.5,Normal
Good,Heavy,7.1,Very Energized,Social,No,4.0,7.5,Low
Good,Moderate,9.2,Very Energized,Social,Yes,2.5,6.4,Very Low
Stressed,Very Heavy,4.7,Tired,Minimal,No,7.4,2.1,Very High
Good,Light,7.8,Very Energized,Social,No,1.1,10.7,Low
Okay,Moderate,6.5,Exhausted,None,No,7.8,3.4,Normal
Okay,Very Heavy,5.7,Exhausted,Minimal,No,8.2,5.2,High
Great,Very Light,9.0,Energized,Moderate,Yes,3.2,7.4,Very Low
Okay,Light,7.2,Energized,Moderate,No,3.5,5.0,Normal
Great,Very Light,8.9,Energized,Moderate,Yes,3.3,7.6,Very Low
Good,Light,6.4,Okay,Minimal,No,5.9,6.9,Normal
Low Mood,Heavy,6.3,Exhausted,None,No,5.1,3.6,High
Great,Very Light,9.5,Very Energized,Social,Yes,2.0,8.1,Very Low
Okay,Very Heavy,5.5,Exhausted,Minimal,Yes,9.5,1.8,High
Good,Light,9.1,Energized,Social,Yes,3.9,9.1,Very Low
Good,Light,8.5,Very Energized,Very Social,Yes,3.2,10.7,Very Low
Low Mood,Moderate,6.4,Tired,Moderate,No,8.4,4.8,Normal
Low Mood,Heavy,6.5,Okay,Minimal,Yes,5.4,5.5,Normal
Low Mood,Heavy,5.6,Exhausted,Moderate,No,8.6,2.4,High
Stressed,Heavy,4.2,Tired,None,No,7.6,1.7,Very High
Great,Very Light,8.7,Very Energized,Social,Yes,2.1,8.3,Very Low
Stressed,Heavy,5.3,Exhausted,Moderate,No,6.6,3.5,High
Low Mood,Moderate,6.2,Energized,Minimal,No,4.3,6.3,Normal
Okay,Moderate,6.3,Okay,Moderate,Yes,5.0,4.8,Low
Good,Moderate,8.0,Energized,Very Social,Yes,3.0,9.0,Very Low
Low Mood,Very Heavy,6.3,Tired,None,No,6.9,2.4,High
Okay,Light,8.8,Very Energized,Moderate,Yes,2.4,6.0,Very Low
Okay,Moderate,7.3,Okay,Minimal,Yes,4.5,7.0,Low
Stressed,Moderate,6.4,Okay,None,No,6.3,3.6,High
Good,Light,7.1,Energized,Social,Yes,2.8,6.7,Very Low
Good,Moderate,7.3,Tired,Minimal,Yes,4.5,7.1,Low
Okay,Light,9.3,Very Energized,Very Social,Yes,2.9,5.5,Very Low
Great,Very Light,8.5,Energized,Very Social,No,2.7,11.8,Very Low
Stressed,Moderate,6.1,Tired,None,Yes,6.0,5.0,High
Great,Heavy,6.1,Tired,Moderate,Yes,3.4,6.2,Normal
Low Mood,Heavy,6.4,Tired,Minimal,Yes,5.5,4.4,Normal
Low Mood,Heavy,5.7,Tired,Moderate,Yes,7.2,2.4,Normal
Stressed,Moderate,6.0,Tired,Moderate,No,7.8,3.5,High
Good,Heavy,7.6,Okay,Minimal,Yes,4.7,6.2,Low
Low Mood,Heavy,5.4,Exhausted,Minimal,No,6.5,5.4,High
Okay,Heavy,5.7,Exhausted,Moderate,No,6.1,3.4,Normal
Low Mood,Light,7.9,Okay,Minimal,No,5.7,7.3,Normal
Okay,Moderate,5.7,Okay,Moderate,No,6.0,4.6,Normal
Great,Light,9.3,Energized,Very Social,No,4.2,6.6,Very Low
Low Mood,Very Heavy,5.9,Tired,None,No,7.4,3.4,High
Okay,Moderate,6.7,Tired,Minimal,No,3.3,7.6,Normal
Okay,Very Heavy,4.1,Tired,None,No,7.8,3.0,High
Low Mood,Very Heavy,4.7,Exhausted,None,No,9.7,2.3,High
Good,Very Light,9.3,Very Energized,Social,Yes,1.8,7.8,Very Low
Low Mood,Light,6.9,Energized,Social,Yes,4.3,4.7,Low
Good,Light,7.3,Okay,Moderate,No,4.3,5.3,Low
Okay,Moderate,7.3,Very Energized,Moderate,Yes,3.5,5.6,Low
Stressed,Heavy,8.2,Tired,Moderate,Yes,5.4,5.2,Normal
Okay,Moderate,6.5,Tired,Minimal,Yes,3.2,6.9,Normal
Okay,Heavy,5.2,Tired,Minimal,No,6.2,3.0,High
Good,Very Heavy,6.2,Energized,Social,Yes,4.3,6.4,Normal
Good,Heavy,8.2,Okay,Moderate,Yes,5.4,7.7,Low
Low Mood,Very Heavy,5.2,Exhausted,None,No,7.1,1.8,High
Good,Light,8.2,Very Energized,Moderate,No,5.0,7.6,Very Low
Great,Very Light,8.2,Energized,Very Social,Yes,2.6,8.9,Very Low
Great,Moderate,9.2,Okay,Moderate,Yes,4.8,8.9,Low
Okay,Light,7.5,Energized,Social,Yes,5.0,5.0,Very Low
Good,Very Light,8.7,Energized,Social,Yes,3.2,10.3,Very Low
Okay,Moderate,5.4,Okay,Moderate,No,5.3,3.8,Normal
Okay,Moderate,7.6,Energized,Social,Yes,5.2,7.9,Low
Stressed,Heavy,6.8,Tired,Minimal,No,7.3,4.3,High
Low Mood,Very Heavy,6.2,Exhausted,None,No,5.1,2.4,High
Stressed,Moderate,5.7,Okay,Minimal,Yes,6.1,5.5,Normal
Okay,Moderate,8.4,Okay,Minimal,Yes,4.7,7.0,Low
Stressed,Light,6.1,Okay,Minimal,No,6.9,3.9,High
Low Mood,Moderate,6.3,Tired,Minimal,No,5.1,5.1,Normal
Good,Light,7.8,Energized,Very Social,No,1.0,11.1,Very Low
Stressed,Moderate,6.7,Okay,Moderate,No,6.8,2.3,High
Okay,Very Heavy,5.8,Tired,None,No,9.4,3.4,High
Great,Light,8.4,Very Energized,Social,Yes,1.6,7.1,Very Low
Good,Light,7.3,Very Energized,Very Social,No,2.3,5.7,Low
Good,Light,9.1,Energized,Very Social,Yes,1.1,9.9,Very Low
Good,Moderate,5.1,Tired,Moderate,No,5.0,5.1,Normal
Low Mood,Heavy,5.1,Okay,None,No,8.1,3.2,High
Okay,Very Light,8.3,Energized,Social,Yes,2.5,5.1,Very Low
Low Mood,Very Heavy,6.9,Exhausted,Minimal,No,8.1,5.2,High
Stressed,Very Heavy,6.3,Okay,Minimal,Yes,7.7,2.8,High
Good,Light,6.1,Tired,Social,No,4.8,6.6,Low
Okay,Light,8.2,Energized,Minimal,No,4.6,7.7,Low
Good,Very Light,7.8,Very Energized,Very Social,Yes,3.2,7.3,Very Low
Low Mood,Very Heavy,5.6,Tired,Minimal,No,9.4,3.6,High
Okay,Very Light,8.5,Okay,Very Social,No,3.9,9.5,Low
Okay,Heavy,6.9,Okay,Minimal,Yes,5.4,6.7,Normal
Okay,Light,7.6,Tired,Minimal,No,3.8,5.1,Normal
Okay,Heavy,5.5,Tired,None,No,6.3,3.4,Normal
Stressed,Heavy,7.4,Tired,Moderate,No,4.3,5.1,High
Okay,Heavy,7.3,Tired,Moderate,No,5.1,6.7,Normal
Good,Very Light,9.3,Energized,Social,No,3.4,8.5,Very Low
Good,Moderate,7.9,Energized,Moderate,No,5.0,6.3,Low
Good,Light,9.1,Energized,Social,Yes,1.4,7.9,Very Low
Great,Light,9.8,Very Energized,Very Social,Yes,1.0,7.4,Very Low
Stressed,Very Heavy,5.4,Exhausted,None,No,8.9,2.7,Very High
Okay,Light,8.5,Okay,Social,No,5.0,7.5,Normal
Low Mood,Very Heavy,5.3,Exhausted,Minimal,No,6.4,6.0,High
Good,Moderate,6.7,Tired,Minimal,No,5.4,5.4,Normal
Good,Very Light,8.3,Very Energized,Very Social,Yes,1.4,8.6,Very Low
Okay,Light,7.4,Very Energized,Very Social,Yes,4.0,9.1,Very Low
Great,Very Light,7.9,Okay,Very Social,Yes,4.6,8.6,Very Low
Okay,Heavy,7.2,Energized,Minimal,Yes,4.4,7.5,Normal
Okay,Light,8.0,Energized,Minimal,No,5.7,4.4,Low
Okay,Light,7.5,Okay,Moderate,Yes,5.5,4.3,Low
Low Mood,Moderate,6.7,Exhausted,None,Yes,5.3,3.1,High
Great,Very Light,9.6,Very Energized,Very Social,Yes,1.1,9.9,Very Low
Okay,Light,9.0,Very Energized,Social,No,3.4,11.9,Low
Okay,Light,8.4,Energized,Social,Yes,5.5,5.3,Low
Stressed,Moderate,6.3,Exhausted,Moderate,Yes,6.4,3.1,High
Low Mood,Heavy,6.3,Okay,Minimal,Yes,3.2,7.4,Normal
Low Mood,Heavy,4.9,Tired,None,Yes,8.9,2.2,High
Okay,Moderate,8.5,Okay,Moderate,No,3.4,5.0,Normal
Low Mood,Moderate,7.9,Okay,Moderate,Yes,4.3,5.4,Normal
Good,Light,7.7,Tired,Moderate,Yes,3.8,4.5,Low
Low Mood,Moderate,5.8,Exhausted,Minimal,No,5.1,4.0,High
Good,Very Light,9.2,Very Energized,Very Social,Yes,3.1,11.6,Very Low
Okay,Light,6.2,Energized,Moderate,Yes,5.7,7.7,Low
Good,Light,6.3,Tired,Moderate,No,4.5,7.8,Normal
Stressed,Heavy,5.5,Okay,Minimal,No,7.0,4.0,High
Stressed,Very Heavy,6.2,Tired,None,No,5.8,3.0,High
Great,Moderate,7.1,Energized,Very Social,Yes,2.1,5.4,Very Low
Stressed,Moderate,8.3,Energized,Moderate,No,3.6,5.2,Normal
Stressed,Very Heavy,6.3,Tired,None,No,7.5,4.7,High
Okay,Heavy,6.4,Okay,Minimal,No,7.8,5.1,Normal
Okay,Heavy,5.2,Okay,Moderate,Yes,6.5,2.1,Normal
Stressed,Heavy,5.1,Exhausted,Minimal,No,7.0,4.1,Very High
Stressed,Heavy,4.2,Tired,Minimal,No,9.2,1.1,High
Great,Very Light,8.7,Very Energized,Social,Yes,3.1,10.5,Very Low
Stressed,Very Heavy,6.0,Tired,None,Yes,8.8,4.3,High
Okay,Very Light,7.2,Okay,Moderate,Yes,3.7,6.9,Low
Stressed,Heavy,6.1,Exhausted,None,Yes,6.1,5.3,High
Okay,Moderate,8.4,Energized,Social,No,3.3,4.5,Normal
Stressed,Very Heavy,4.7,Exhausted,Minimal,No,7.5,3.4,Very High
Stressed,Heavy,6.5,Okay,Moderate,No,8.5,4.0,High
Okay,Light,6.6,Okay,Moderate,No,4.5,5.6,Normal
Good,Moderate,7.5,Very Energized,Social,No,2.2,5.8,Low
Okay,Moderate,7.3,Energized,Minimal,Yes,5.3,6.0,Normal
Okay,Light,8.2,Energized,Very Social,No,4.2,7.3,Low
Good,Moderate,8.8,Energized,Moderate,Yes,3.7,8.4,Very Low
Stressed,Heavy,6.8,Okay,Moderate,No,6.5,5.0,Normal
Okay,Moderate,6.1,Energized,Social,No,3.5,5.0,Normal
Low Mood,Heavy,4.6,Exhausted,None,No,8.7,3.2,High
Low Mood,Moderate,5.3,Tired,Minimal,Yes,8.1,4.2,High
Okay,Moderate,7.9,Energized,Very Social,No,4.3,9.6,Low
Stressed,Heavy,5.2,Okay,Moderate,No,8.6,3.3,High
Great,Light,9.1,Very Energized,Very Social,Yes,2.3,5.0,Very Low
Great,Light,9.0,Energized,Moderate,No,2.2,7.5,Very Low
Low Mood,Moderate,8.0,Energized,Social,No,5.8,4.7,Normal
Great,Light,9.2,Very Energized,Social,No,3.0,11.2,Very Low
Okay,Very Heavy,6.0,Okay,Moderate,Yes,9.0,2.7,High
Good,Light,8.5,Okay,Moderate,Yes,4.6,5.4,Low
Okay,Moderate,7.9,Energized,Social,Yes,2.7,9.0,Low
Low Mood,Very Heavy,5.6,Exhausted,Minimal,No,9.9,1.8,Very High
Great,Light,8.5,Energized,Very Social,Yes,3.3,9.0,Very Low
Low Mood,Moderate,7.5,Energized,Social,Yes,4.3,6.5,Low
Okay,Moderate,6.5,Tired,Minimal,Yes,4.5,7.3,Normal
Great,Very Light,9.2,Very Energized,Very Social,Yes,2.4,5.7,Very Low
Low Mood,Heavy,6.8,Energized,Minimal,No,3.6,6.5,Normal
Stressed,Moderate,4.8,Exhausted,None,No,9.1,2.7,Very High
Great,Very Light,8.0,Very Energized,Social,Yes,1.4,8.7,Very Low
Great,Very Light,8.9,Very Energized,Social,Yes,4.2,5.1,Very Low
Stressed,Heavy,4.8,Tired,Minimal,No,9.8,1.5,High
Stressed,Very Heavy,6.9,Tired,Minimal,No,6.5,5.6,High
Low Mood,Moderate,6.4,Tired,Moderate,No,3.8,5.0,Normal
Good,Light,7.0,Energized,Social,Yes,5.5,5.2,Very Low
Low Mood,Heavy,5.9,Exhausted,None,No,9.2,2.3,High
Stressed,Heavy,5.3,Exhausted,Moderate,Yes,7.1,2.9,High
Stressed,Heavy,4.2,Tired,None,No,8.9,2.8,High
Okay,Light,9.3,Very Energized,Moderate,No,2.9,9.8,Low
Good,Light,8.8,Okay,Moderate,Yes,4.9,7.5,Low
Low Mood,Heavy,8.2,Okay,Social,Yes,3.0,4.4,Normal
Okay,Moderate,6.1,Okay,Moderate,No,6.7,2.0,Normal
Stressed,Very Heavy,6.1,Okay,Moderate,Yes,8.1,2.3,High
Stressed,Heavy,6.8,Exhausted,None,No,7.6,5.9,High
Good,Heavy,6.2,Tired,Minimal,No,5.6,6.4,Normal
Stressed,Very Heavy,5.2,Tired,Minimal,No,6.1,5.0,Very High
Stressed,Very Heavy,6.2,Exhausted,Moderate,Yes,5.3,3.4,High
Great,Very Light,7.7,Energized,Social,No,3.4,9.6,Very Low
Low Mood,Heavy,4.5,Tired,None,No,9.2,1.8,Very High
Stressed,Moderate,6.7,Tired,Moderate,No,7.5,3.6,High
Great,Light,8.1,Okay,Social,No,3.7,6.2,Very Low
Okay,Moderate,8.5,Okay,Social,No,3.7,4.0,Low
Low Mood,Very Heavy,6.8,Okay,None,Yes,5.7,5.8,Normal
Great,Light,8.4,Energized,Social,Yes,3.8,9.7,Very Low
Great,Very Light,8.1,Okay,Social,No,3.7,6.2,Very Low
Good,Light,7.5,Energized,Minimal,No,5.6,7.9,Low
Low Mood,Moderate,7.5,Okay,Minimal,Yes,5.2,7.5,Normal
Great,Moderate,6.1,Tired,Minimal,No,3.7,5.4,Normal
Great,Moderate,8.3,Okay,Social,Yes,3.1,5.5,Very Low
Low Mood,Heavy,7.7,Energized,Social,Yes,5.0,6.0,Normal
Good,Moderate,8.4,Energized,Minimal,Yes,5.3,7.6,Very Low
Okay,Moderate,9.4,Okay,Very Social,Yes,4.0,5.8,Low
Good,Light,9.2,Okay,Social,Yes,3.0,5.4,Low
Good,Light,6.7,Energized,Moderate,Yes,5.1,4.4,Low
Good,Very Light,7.9,Energized,Very Social,Yes,2.0,9.4,Very Low
Okay,Light,7.1,Tired,Social,Yes,5.8,7.7,Low
Good,Moderate,6.4,Energized,Moderate,No,3.4,4.5,Low
Low Mood,Heavy,4.4,Exhausted,Minimal,Yes,8.7,2.3,High
Good,Moderate,8.5,Tired,Moderate,No,3.3,6.9,Normal
Low Mood,Moderate,7.8,Energized,Minimal,Yes,5.0,5.2,Normal
Low Mood,Very Heavy,6.0,Tired,Minimal,No,9.6,3.0,High
Low Mood,Heavy,6.2,Okay,Minimal,No,6.7,4.3,High
Stressed,Moderate,5.5,Tired,Minimal,No,8.2,5.6,High
Good,Moderate,8.6,Okay,Very Social,No,3.2,6.3,Low
Low Mood,Moderate,5.3,Exhausted,Minimal,No,7.5,5.3,High
Stressed,Heavy,4.8,Exhausted,Minimal,Yes,9.2,1.0,High
Okay,Very Light,8.8,Energized,Very Social,No,2.0,7.7,Low
Good,Light,8.3,Very Energized,Social,Yes,2.0,7.5,Very Low
Great,Light,7.3,Okay,Moderate,Yes,3.8,8.3,Very Low
Stressed,Heavy,5.1,Tired,None,No,9.2,3.2,High
Stressed,Heavy,6.7,Okay,Moderate,No,6.9,5.2,Normal
Stressed,Moderate,5.0,Okay,None,No,7.0,5.6,High
Good,Light,8.3,Energized,Very Social,Yes,1.0,8.1,Very Low
Low Mood,Very Heavy,6.9,Exhausted,Moderate,No,7.5,5.4,High
Okay,Moderate,6.7,Energized,Social,Yes,4.5,7.3,Low
Okay,Very Light,9.4,Very Energized,Social,Yes,3.8,8.2,Very Low
Low Mood,Moderate,6.0,Exhausted,None,Yes,7.4,2.5,Normal
Low Mood,Moderate,8.2,Tired,Social,No,3.5,4.4,Normal
Good,Very Heavy,6.2,Tired,Moderate,Yes,5.3,4.8,Normal
Stressed,Heavy,6.4,Okay,Minimal,Yes,6.8,4.2,Normal
Good,Moderate,6.8,Tired,Social,No,5.7,4.8,Low
Okay,Heavy,5.1,Okay,Minimal,Yes,6.0,5.7,Normal
Low Mood,Light,7.7,Okay,Minimal,Yes,3.6,6.5,Normal
Low Mood,Moderate,8.1,Okay,Moderate,No,5.0,6.3,Normal
Low Mood,Light,6.4,Energized,Minimal,Yes,3.4,4.8,Low
Good,Light,8.9,Very Energized,Very Social,Yes,3.1,8.4,Very Low
Great,Very Light,8.2,Okay,Moderate,Yes,5.0,7.1,Very Low
Great,Light,9.3,Okay,Very Social,Yes,3.8,8.8,Very Low
Good,Light,9.9,Very Energized,Social,Yes,3.1,8.0,Very Low
Low Mood,Heavy,6.6,Okay,Social,Yes,4.0,4.2,Normal
Stressed,Heavy,5.1,Tired,None,No,7.6,1.3,High
Stressed,Very Heavy,5.9,Exhausted,Minimal,No,7.8,1.6,Very High
Stressed,Moderate,6.6,Tired,Moderate,Yes,7.9,3.6,Normal
Low Mood,Very Heavy,4.0,Exhausted,None,No,8.7,2.5,Very High
Great,Light,9.1,Okay,Very Social,Yes,3.0,6.6,Very Low
Good,Light,7.5,Okay,Social,Yes,5.6,4.1,Low
Good,Light,8.2,Okay,Social,Yes,3.3,4.9,Low
Stressed,Heavy,6.5,Okay,Moderate,No,5.0,2.9,High
Okay,Moderate,8.4,Okay,Social,Yes,3.2,10.0,Low
Low Mood,Very Heavy,6.1,Tired,Minimal,No,6.9,4.7,High
Okay,Light,8.5,Okay,Social,No,4.4,7.2,Low
Okay,Light,8.6,Okay,Social,Yes,4.8,6.2,Low
Good,Light,8.5,Okay,Social,No,3.4,8.5,Low
Low Mood,Very Heavy,5.5,Exhausted,Moderate,No,5.4,5.1,High
Great,Light,9.3,Energized,Social,Yes,2.3,8.0,Very Low
Okay,Light,7.2,Okay,Social,Yes,5.9,4.7,Low
Great,Very Light,8.9,Very Energized,Very Social,Yes,1.8,11.2,Very Low
Low Mood,Very Heavy,5.4,Exhausted,None,No,7.5,3.7,Very High
Low Mood,Very Heavy,6.2,Exhausted,Minimal,Yes,8.1,5.7,High
Low Mood,Heavy,5.3,Exhausted,Minimal,Yes,8.2,3.6,High
Good,Moderate,8.0,Tired,Minimal,No,4.3,6.7,Normal
Stressed,Heavy,5.8,Tired,Minimal,Yes,6.7,5.6,High
Good,Moderate,6.6,Energized,Minimal,No,3.4,7.3,Low
Good,Light,8.0,Energized,Social,Yes,1.4,12.0,Very Low
Low Mood,Heavy,6.2,Okay,Social,Yes,5.8,4.0,Normal
Low Mood,Heavy,5.6,Okay,Moderate,No,6.0,5.3,Normal
Great,Very Light,9.4,Energized,Social,Yes,2.2,10.9,Very Low
Low Mood,Very Heavy,5.7,Tired,None,No,9.4,3.5,High
Great,Very Light,9.3,Energized,Very Social,Yes,3.1,10.2,Very Low
Stressed,Heavy,5.2,Okay,Moderate,No,5.5,4.7,High
Good,Very Light,9.0,Energized,Social,Yes,4.0,7.5,Very Low
Stressed,Very Heavy,6.3,Exhausted,None,Yes,8.0,5.2,High
Low Mood,Heavy,8.1,Energized,Minimal,Yes,5.2,4.7,Normal
Good,Moderate,7.4,Okay,Moderate,No,4.0,6.2,Low
Low Mood,Light,6.4,Okay,Social,No,4.2,6.6,Normal
Okay,Very Heavy,5.2,Tired,None,No,7.3,2.9,High
Low Mood,Very Heavy,5.5,Exhausted,None,No,8.7,3.6,Very High
Stressed,Light,6.3,Okay,Social,No,4.2,6.7,Normal
Great,Light,8.9,Very Energized,Very Social,Yes,4.7,8.9,Very Low
Good,Moderate,6.0,Okay,Moderate,Yes,5.7,3.7,Low
Okay,Very Light,7.3,Energized,Very Social,No,2.9,5.5,Low
Okay,Moderate,7.3,Energized,Moderate,Yes,4.4,4.3,Low
Great,Moderate,8.8,Energized,Moderate,Yes,3.3,8.1,Very Low
Great,Very Light,8.8,Very Energized,Moderate,No,5.0,8.0,Very Low
Good,Light,8.9,Very Energized,Social,Yes,2.8,10.6,Very Low
Low Mood,Heavy,5.7,Okay,None,No,5.3,5.5,High
Okay,Moderate,8.3,Energized,Moderate,No,3.5,5.2,Normal
Low Mood,Heavy,5.4,Tired,Minimal,No,8.2,2.4,High
Low Mood,Heavy,7.6,Energized,Minimal,Yes,5.2,5.5,Normal
Great,Very Light,8.3,Energized,Social,No,3.8,7.1,Low
Good,Very Light,8.5,Very Energized,Social,Yes,3.5,6.6,Very Low
Okay,Moderate,8.0,Tired,Minimal,Yes,6.0,7.5,Low
Okay,Light,7.1,Okay,Social,No,4.8,4.1,Normal
Okay,Moderate,8.6,Okay,Very Social,No,3.5,5.6,Low
Okay,Moderate,7.2,Energized,Minimal,Yes,4.9,6.4,Low
Okay,Heavy,7.4,Okay,Moderate,Yes,5.8,4.0,Normal
Okay,Moderate,6.6,Tired,Social,Yes,5.0,5.4,Normal
Low Mood,Heavy,6.8,Exhausted,None,No,7.7,5.3,High
Good,Light,9.9,Energized,Very Social,Yes,3.5,7.3,Very Low
Good,Moderate,8.4,Very Energized,Social,No,2.3,8.9,Low
Low Mood,Moderate,6.9,Tired,Minimal,Yes,5.3,5.4,Normal
Stressed,Moderate,5.2,Okay,Moderate,No,5.7,2.6,High
Okay,Light,6.1,Okay,Minimal,No,3.1,6.3,Low
Good,Very Light,7.7,Energized,Very Social,Yes,3.7,9.8,Very Low
Stressed,Very Heavy,4.2,Exhausted,Minimal,No,7.4,1.7,Very High
Low Mood,Light,6.6,Energized,Moderate,No,3.4,4.2,Normal
Great,Light,7.5,Energized,Social,Yes,1.8,11.2,Very Low
Low Mood,Moderate,6.7,Okay,Minimal,Yes,5.2,6.0,Normal
Good,Moderate,7.4,Energized,Moderate,Yes,3.3,7.6,Low
Great,Very Light,8.3,Very Energized,Very Social,Yes,3.0,6.7,Very Low
Okay,Light,7.8,Okay,Social,Yes,3.3,7.7,Normal
Okay,Light,6.1,Tired,Moderate,No,4.1,4.1,Normal
Low Mood,Heavy,5.8,Tired,None,No,7.5,4.4,High
Okay,Moderate,8.5,Tired,Social,Yes,5.5,7.6,Normal
Good,Light,9.0,Very Energized,Very Social,Yes,1.1,10.7,Very Low
Great,Heavy,7.4,Tired,Moderate,No,3.9,5.6,Normal
Low Mood,Light,6.7,Okay,Moderate,No,5.5,7.7,Low
Good,Heavy,8.4,Tired,Minimal,Yes,5.4,6.7,Normal
Okay,Heavy,6.0,Tired,None,No,5.3,3.2,High
Low Mood,Very Heavy,6.3,Okay,None,No,8.0,4.2,High
Great,Very Light,7.4,Very Energized,Moderate,No,4.5,10.0,Very Low
Great,Very Light,9.4,Very Energized,Very Social,Yes,3.2,5.1,Very Low
Great,Very Light,8.2,Very Energized,Social,Yes,3.9,8.1,Very Low
Stressed,Heavy,6.9,Exhausted,None,Yes,6.7,4.5,High
Low Mood,Very Heavy,6.2,Tired,None,No,8.1,3.0,High
Great,Light,9.6,Energized,Social,Yes,1.9,10.5,Very Low
Great,Light,8.1,Very Energized,Very Social,No,3.5,8.9,Very Low
Low Mood,Moderate,7.7,Energized,Moderate,Yes,4.4,6.2,Normal
Good,Moderate,6.9,Energized,Minimal,No,4.9,6.7,Low
Low Mood,Heavy,7.2,Tired,Minimal,Yes,4.3,4.5,Normal
Okay,Light,8.7,Okay,Moderate,No,2.3,6.8,Low
Low Mood,Very Heavy,5.6,Exhausted,None,No,8.0,3.9,Very High
Low Mood,Heavy,6.6,Tired,Minimal,No,4.2,5.0,High
Great,Moderate,7.0,Very Energized,Moderate,Yes,3.0,6.0,Very Low
Great,Very Light,7.9,Very Energized,Social,No,4.3,8.3,Very Low
Great,Very Light,9.1,Very Energized,Social,No,2.7,10.2,Very Low
Good,Moderate,7.4,Very Energized,Moderate,Yes,4.8,5.1,Low
Okay,Heavy,7.1,Tired,Moderate,No,5.7,4.0,Normal
Low Mood,Very Heavy,5.0,Tired,None,No,8.7,1.0,High
Low Mood,Heavy,6.3,Energized,Moderate,Yes,5.8,4.9,Normal
Great,Light,6.4,Okay,Minimal,No,3.5,7.7,Very Low
Stressed,Very Heavy,5.8,Okay,Minimal,Yes,6.0,3.9,High
Stressed,Moderate,5.1,Okay,Minimal,Yes,7.5,2.8,High
Okay,Light,8.4,Okay,Social,Yes,4.8,8.0,Low
Low Mood,Moderate,5.6,Tired,Moderate,No,7.8,4.7,Normal
Stressed,Heavy,5.2,Exhausted,None,No,8.8,5.3,Very High
Good,Very Light,8.8,Okay,Social,Yes,2.7,8.9,Very Low
Okay,Moderate,8.6,Very Energized,Very Social,Yes,3.1,6.5,Low
Good,Very Light,8.5,Very Energized,Very Social,Yes,3.1,8.2,Very Low
Stressed,Very Heavy,6.7,Tired,Minimal,No,5.4,3.0,High
Great,Light,8.0,Okay,Moderate,Yes,3.0,5.0,Very Low
Good,Heavy,8.0,Tired,Social,No,4.0,7.4,Normal
Stressed,Heavy,4.1,Tired,Minimal,No,9.9,1.6,Very High
Low Mood,Heavy,6.2,Energized,Social,Yes,5.5,4.4,Normal
Great,Moderate,9.6,Very Energized,Social,Yes,2.2,11.4,Very Low
Good,Very Light,7.1,Energized,Very Social,Yes,4.2,6.7,Low
Great,Very Light,7.3,Energized,Very Social,Yes,3.4,7.2,Very Low
Great,Light,9.1,Very Energized,Social,Yes,1.7,10.4,Very Low
Good,Light,6.9,Energized,Minimal,No,5.3,6.4,Low
Stressed,Very Heavy,4.6,Exhausted,None,No,7.4,1.6,Very High
Stressed,Very Heavy,5.2,Tired,None,No,7.7,1.3,Very High
Okay,Heavy,6.5,Tired,Minimal,Yes,5.4,7.9,Normal
Stressed,Heavy,5.8,Okay,Moderate,No,7.7,5.5,High
Great,Moderate,9.2,Very Energized,Social,No,3.0,11.6,Very Low
Okay,Moderate,6.7,Energized,Minimal,No,5.6,6.8,Normal
Stressed,Very Heavy,6.0,Exhausted,None,No,8.5,3.8,Very High
Okay,Heavy,4.4,Tired,None,No,8.1,2.8,High
Great,Light,9.3,Very Energized,Social,No,2.0,7.7,Very Low
Great,Light,8.7,Very Energized,Very Social,Yes,2.2,9.5,Very Low
Stressed,Very Heavy,5.2,Okay,Moderate,No,5.9,3.4,High
Stressed,Moderate,6.4,Exhausted,None,Yes,6.6,2.3,High
Good,Very Light,9.9,Very Energized,Very Social,Yes,3.3,9.2,Very Low
Low Mood,Light,6.3,Energized,Minimal,Yes,3.6,4.8,Normal
Okay,Very Heavy,5.5,Tired,None,No,5.5,3.1,High
Great,Light,9.3,Energized,Social,Yes,3.3,7.2,Very Low
Okay,Moderate,7.4,Okay,Minimal,Yes,5.9,7.4,Normal
Low Mood,Heavy,5.3,Exhausted,Minimal,No,7.1,3.4,High
Good,Moderate,6.3,Okay,Minimal,Yes,4.4,7.1,Normal
Great,Light,9.4,Energized,Moderate,Yes,4.0,6.0,Very Low
Okay,Light,8.5,Energized,Moderate,Yes,2.2,8.8,Low
Low Mood,Heavy,5.8,Exhausted,Minimal,No,8.5,3.8,High
Okay,Moderate,6.7,Okay,Moderate,Yes,8.1,5.9,Normal
Great,Light,9.1,Very Energized,Social,No,2.1,9.3,Very Low
Low Mood,Heavy,7.3,Okay,Minimal,Yes,5.2,6.9,Normal
Stressed,Very Heavy,5.7,Exhausted,Minimal,No,6.3,3.6,Very High
Okay,Very Heavy,4.7,Tired,None,Yes,7.1,1.7,High
Okay,Moderate,7.3,Okay,Minimal,Yes,3.6,5.9,Normal
Low Mood,Light,7.8,Tired,Moderate,No,6.0,6.9,Normal
Low Mood,Moderate,6.1,Exhausted,Moderate,No,5.7,4.7,Normal
Great,Very Light,10.0,Energized,Very Social,Yes,3.0,7.4,Very Low
Great,Light,9.2,Energized,Social,Yes,3.8,10.4,Very Low
Okay,Heavy,7.7,Energized,Minimal,Yes,4.1,4.8,Low
Good,Moderate,8.0,Okay,Social,Yes,5.6,4.5,Low
Great,Very Light,7.3,Energized,Social,Yes,2.1,5.3,Low
Okay,Light,8.2,Energized,Minimal,No,4.0,6.3,Low
Low Mood,Moderate,8.3,Tired,Minimal,Yes,4.6,6.4,Normal
Stressed,Heavy,5.4,Exhausted,Minimal,Yes,7.6,3.7,High
Good,Moderate,7.6,Energized,Moderate,No,4.5,8.2,Low
Low Mood,Light,8.4,Okay,Minimal,Yes,4.1,4.2,Normal
Good,Light,7.8,Energized,Moderate,Yes,4.2,5.1,Very Low
Low Mood,Moderate,6.3,Tired,Minimal,No,5.9,3.5,High
Low Mood,Light,6.3,Tired,Minimal,No,5.7,6.6,Normal
Great,Light,7.8,Energized,Social,Yes,2.0,7.1,Very Low
Okay,Moderate,6.4,Energized,Social,No,5.9,4.1,Low
Low Mood,Light,8.1,Okay,Social,Yes,5.9,5.4,Low
Stressed,Very Heavy,6.8,Tired,Moderate,Yes,5.9,2.9,High
Okay,Heavy,6.7,Okay,None,No,8.2,4.7,Normal
Okay,Light,7.1,Very Energized,Social,Yes,3.3,7.1,Low
Good,Moderate,9.2,Very Energized,Social,Yes,2.7,9.6,Very Low
Great,Very Light,8.3,Very Energized,Very Social,Yes,3.4,9.4,Very Low
Low Mood,Very Heavy,6.0,Tired,None,Yes,8.0,4.0,High
Low Mood,Heavy,6.8,Exhausted,Moderate,No,5.1,3.6,High
Low Mood,Heavy,5.4,Okay,Minimal,Yes,8.9,2.5,High
Stressed,Light,8.5,Okay,Social,No,4.7,5.2,Normal
Okay,Heavy,8.4,Tired,Minimal,No,3.9,5.1,Normal
Low Mood,Heavy,5.9,Okay,Minimal,No,5.2,2.8,High
Okay,Light,9.3,Very Energized,Very Social,No,4.9,7.7,Low
Low Mood,Very Heavy,6.7,Okay,None,Yes,8.9,5.6,Normal
Okay,Very Light,7.7,Energized,Moderate,Yes,5.4,5.3,Very Low
Okay,Heavy,8.2,Tired,Social,Yes,4.6,4.1,Normal
Okay,Light,9.3,Okay,Social,Yes,4.3,5.1,Low
Stressed,Heavy,6.1,Tired,None,No,6.3,4.9,High
Great,Very Light,7.3,Very Energized,Moderate,Yes,4.0,5.2,Very Low
Low Mood,Very Heavy,6.8,Tired,None,Yes,7.1,5.3,High
Low Mood,Moderate,5.1,Okay,Minimal,No,6.2,3.7,Normal
Good,Heavy,8.1,Tired,Social,No,3.2,4.2,Low
Stressed,Heavy,5.4,Exhausted,Minimal,No,9.2,3.8,High
Great,Moderate,7.8,Very Energized,Moderate,Yes,2.5,9.8,Very Low
Good,Light,8.6,Very Energized,Social,No,3.6,6.9,Low
Low Mood,Moderate,8.1,Okay,Minimal,No,3.5,7.3,Normal
Low Mood,Very Heavy,4.2,Exhausted,Minimal,No,9.4,2.4,Very High
Good,Very Light,8.4,Very Energized,Very Social,Yes,1.5,11.3,Very Low
Okay,Very Heavy,5.7,Okay,Moderate,No,7.1,4.1,Normal
Stressed,Moderate,5.1,Okay,None,Yes,5.0,2.9,Normal
Low Mood,Very Heavy,5.4,Tired,Moderate,No,8.2,4.0,High
Low Mood,Heavy,7.7,Tired,Minimal,Yes,5.5,7.3,Normal
Great,Very Light,8.7,Energized,Very Social,Yes,3.8,5.6,Very Low
Okay,Light,8.8,Energized,Very Social,Yes,3.6,7.2,Very Low
Okay,Moderate,6.0,Tired,Social,Yes,5.0,5.0,Normal
Okay,Light,8.4,Okay,Very Social,Yes,2.4,8.1,Low
Okay,Moderate,7.4,Tired,Moderate,Yes,3.7,6.8,Low
Great,Very Light,8.2,Energized,Very Social,Yes,2.3,9.9,Very Low
Stressed,Very Heavy,5.0,Exhausted,Minimal,No,8.0,3.4,Very High
Good,Heavy,6.8,Tired,Moderate,Yes,4.2,7.1,Low
Good,Very Light,8.5,Energized,Moderate,No,3.3,6.3,Low
Stressed,Heavy,6.0,Okay,Moderate,Yes,5.6,4.7,Normal
Low Mood,Very Heavy,5.5,Exhausted,None,No,9.6,3.1,High
Good,Moderate,7.2,Energized,Social,No,3.2,9.3,Low
Low Mood,Very Heavy,5.1,Tired,None,Yes,9.8,3.4,High
Good,Very Light,8.6,Energized,Very Social,Yes,3.0,7.3,Very Low
Good,Light,7.7,Very Energized,Social,Yes,1.4,7.6,Very Low
Stressed,Moderate,6.6,Exhausted,Minimal,Yes,6.6,2.6,High
Great,Light,8.8,Very Energized,Social,No,2.2,7.7,Very Low
Good,Heavy,7.6,Okay,Very Social,Yes,3.5,9.1,Low
Good,Heavy,6.1,Tired,Social,Yes,5.3,4.9,Normal
Great,Very Light,8.9,Very Energized,Very Social,Yes,3.1,7.4,Very Low
Good,Moderate,6.4,Energized,Social,No,5.9,6.9,Low
Good,Very Light,9.2,Very Energized,Social,No,2.8,10.1,Very Low
Stressed,Moderate,5.0,Exhausted,Moderate,Yes,8.9,3.3,High
Stressed,Very Heavy,4.0,Exhausted,Minimal,No,9.6,3.4,Very High
Good,Moderate,7.9,Okay,Social,No,4.4,4.0,Normal
Okay,Moderate,8.9,Okay,Very Social,Yes,4.9,7.5,Low
Okay,Light,8.3,Very Energized,Very Social,Yes,4.8,8.1,Very Low
Okay,Very Light,8.0,Very Energized,Social,Yes,2.2,10.8,Very Low
Good,Light,7.7,Energized,Moderate,No,2.5,6.6,Low
Low Mood,Moderate,5.5,Tired,None,No,9.1,3.5,High
Okay,Very Heavy,6.0,Exhausted,Moderate,No,5.3,2.9,High
Great,Moderate,9.1,Energized,Very Social,Yes,3.9,7.5,Very Low
Great,Very Light,9.5,Energized,Social,Yes,3.7,9.1,Very Low
Stressed,Very Heavy,4.4,Exhausted,None,No,9.7,1.5,Very High
Okay,Heavy,7.5,Tired,Moderate,Yes,4.4,7.2,Normal
Low Mood,Moderate,7.4,Okay,Social,No,3.4,7.6,Normal
Good,Very Light,7.8,Energized,Very Social,Yes,2.5,7.3,Very Low
Stressed,Moderate,5.9,Exhausted,Minimal,No,7.1,2.6,High
Low Mood,Moderate,7.1,Tired,Minimal,No,4.2,4.3,Normal
Low Mood,Light,7.3,Tired,Minimal,Yes,3.5,4.1,Normal
Low Mood,Light,7.5,Energized,Minimal,No,4.6,4.3,Low
Okay,Heavy,6.7,Tired,Moderate,Yes,5.7,6.1,Low
Good,Light,6.4,Tired,Minimal,No,3.6,4.0,Normal
Good,Light,8.3,Okay,Social,Yes,4.1,5.7,Low
Good,Light,8.0,Very Energized,Very Social,Yes,2.0,10.4,Very Low
Great,Very Light,7.8,Energized,Social,Yes,2.1,8.8,Very Low
Great,Light,8.4,Very Energized,Moderate,No,2.5,9.0,Very Low
Good,Moderate,8.7,Okay,Social,Yes,3.6,5.4,Low
Okay,Moderate,6.5,Tired,Moderate,No,6.8,4.7,Normal
Okay,Light,6.5,Tired,Moderate,Yes,3.3,6.4,Normal
Stressed,Moderate,5.0,Tired,Minimal,No,7.4,1.1,High
Stressed,Moderate,5.1,Tired,Moderate,No,5.3,2.3,High
Okay,Heavy,6.4,Tired,Minimal,No,5.8,3.1,High
Low Mood,Moderate,7.8,Okay,Social,No,5.8,5.5,Normal
Okay,Light,7.9,Tired,Moderate,No,5.4,4.7,Normal
Low Mood,Light,8.4,Okay,Social,No,4.0,6.0,Low
Great,Light,8.3,Very Energized,Social,No,2.8,7.1,Very Low
Great,Light,9.0,Very Energized,Very Social,Yes,1.3,7.7,Very Low
Okay,Heavy,7.9,Tired,Social,Yes,3.8,5.7,Normal
Good,Light,7.6,Very Energized,Social,Yes,3.6,10.8,Very Low
Great,Light,6.6,Energized,Moderate,No,5.4,4.4,Very Low
Great,Very Light,9.3,Very Energized,Very Social,Yes,3.1,8.1,Very Low
Low Mood,Very Heavy,5.7,Exhausted,None,No,5.2,4.6,Very High
Low Mood,Very Heavy,4.7,Exhausted,None,No,9.7,2.7,Very High
Okay,Moderate,6.1,Tired,Moderate,Yes,6.7,4.1,Normal
Good,Very Light,8.7,Energized,Social,Yes,5.0,6.0,Very Low
Okay,Moderate,7.4,Okay,Very Social,Yes,4.6,9.2,Normal
Good,Light,7.2,Okay,Very Social,Yes,4.4,5.2,Low
Great,Heavy,8.3,Okay,Social,Yes,5.9,6.7,Low
Good,Very Light,9.8,Energized,Very Social,Yes,1.9,11.1,Very Low
Stressed,Moderate,6.6,Exhausted,Moderate,Yes,8.3,2.3,High
Great,Light,7.9,Very Energized,Social,Yes,3.4,8.9,Very Low
Low Mood,Moderate,7.9,Energized,Social,No,5.8,7.1,Normal
Good,Light,7.8,Very Energized,Social,Yes,3.1,9.0,Very Low
Okay,Light,9.2,Okay,Moderate,Yes,3.8,9.8,Low
Low Mood,Moderate,8.5,Energized,Social,Yes,5.2,6.6,Low
Stressed,Very Heavy,6.7,Tired,None,No,5.6,3.8,Very High
Okay,Light,8.1,Energized,Social,Yes,3.4,4.2,Low
Good,Very Light,8.9,Very Energized,Social,Yes,2.9,7.2,Very Low
Stressed,Heavy,6.0,Exhausted,Moderate,No,5.1,4.1,High
Good,Very Light,7.7,Energized,Social,No,3.7,9.9,Very Low
Stressed,Heavy,5.9,Okay,None,No,8.2,4.9,High
Good,Moderate,6.8,Tired,Minimal,No,5.8,4.6,Normal
Stressed,Very Heavy,5.2,Exhausted,Moderate,Yes,5.1,6.0,High
Low Mood,Heavy,4.9,Exhausted,None,No,7.4,2.5,High
Low Mood,Heavy,4.2,Tired,None,No,9.4,2.5,High
Okay,Light,7.0,Tired,Minimal,No,5.1,5.9,Normal
Okay,Very Heavy,5.3,Tired,Minimal,No,8.7,2.0,High
Okay,Light,8.6,Energized,Very Social,No,1.6,9.4,Low
Low Mood,Heavy,5.8,Tired,None,Yes,8.8,1.8,Normal
Stressed,Moderate,5.1,Tired,Moderate,No,6.9,5.9,High
Good,Very Light,8.2,Energized,Very Social,Yes,4.0,9.9,Very Low
Okay,Very Light,8.8,Energized,Very Social,Yes,3.0,11.2,Very Low
Great,Light,7.7,Okay,Social,Yes,2.8,10.0,Very Low
Good,Moderate,7.3,Tired,Minimal,No,5.3,7.7,Normal
Low Mood,Heavy,6.9,Tired,Minimal,Yes,6.8,5.7,Normal
Low Mood,Heavy,4.1,Exhausted,Minimal,No,9.2,1.8,High
Stressed,Heavy,5.0,Exhausted,Moderate,No,8.4,2.5,High
Great,Moderate,8.0,Energized,Social,Yes,2.3,6.6,Very Low
Low Mood,Heavy,5.7,Tired,Minimal,No,7.6,2.8,High
Low Mood,Light,8.1,Okay,Social,Yes,5.3,4.8,Low
Great,Very Light,7.1,Energized,Social,Yes,4.4,5.9,Very Low
Great,Moderate,8.1,Energized,Moderate,No,4.5,8.9,Low
Low Mood,Moderate,8.4,Tired,Minimal,Yes,3.8,8.0,Normal
Stressed,Very Heavy,6.5,Okay,None,Yes,7.9,2.3,High
Great,Moderate,8.5,Energized,Very Social,No,2.1,7.6,Low
Stressed,Moderate,6.2,Okay,Minimal,No,6.4,5.7,High
Stressed,Heavy,4.9,Exhausted,Minimal,No,8.9,1.8,High
Low Mood,Moderate,6.2,Tired,None,No,6.6,5.1,High
Okay,Very Heavy,5.4,Exhausted,None,No,7.9,4.5,High
Stressed,Very Heavy,6.3,Okay,Minimal,No,7.4,3.4,High
Okay,Moderate,6.2,Energized,Social,No,4.5,4.6,Low
Low Mood,Heavy,4.1,Tired,Minimal,No,8.2,1.4,Very High
Good,Light,9.1,Energized,Very Social,Yes,3.9,8.0,Very Low
Great,Very Light,8.8,Energized,Very Social,No,4.0,9.3,Very Low
Good,Moderate,6.2,Okay,Minimal,Yes,3.1,6.2,Low
Great,Light,10.0,Very Energized,Very Social,Yes,3.6,10.3,Very Low
Good,Very Light,9.1,Okay,Moderate,Yes,3.4,9.0,Low
Great,Moderate,9.3,Okay,Social,Yes,4.2,6.2,Low
Low Mood,Very Heavy,5.9,Okay,Moderate,No,5.9,2.6,High
Low Mood,Heavy,7.0,Tired,Moderate,No,3.2,7.1,Normal
Low Mood,Light,8.4,Okay,Social,Yes,4.8,4.4,Normal
Good,Moderate,6.9,Tired,Moderate,No,4.7,4.3,Normal
Okay,Very Light,7.1,Okay,Social,No,2.8,6.2,Low
Stressed,Moderate,6.4,Exhausted,Moderate,Yes,7.9,4.1,Normal
Great,Light,9.6,Energized,Very Social,No,1.3,8.9,Very Low
Okay,Very Light,8.4,Okay,Social,No,2.1,6.1,Low
Great,Light,8.7,Energized,Social,Yes,3.3,10.4,Very Low
Stressed,Very Heavy,6.8,Exhausted,None,No,7.0,2.6,Very High
Low Mood,Heavy,7.2,Okay,Minimal,No,3.3,6.2,Normal
Great,Very Light,7.6,Energized,Social,No,1.6,9.4,Very Low
Stressed,Heavy,6.3,Tired,Minimal,Yes,8.6,6.0,High
Good,Heavy,7.6,Tired,Moderate,Yes,3.2,7.7,Low
Low Mood,Very Heavy,4.3,Exhausted,Minimal,No,8.0,3.3,Very High
Okay,Light,9.2,Energized,Very Social,Yes,3.2,7.4,Very Low
Okay,Light,7.8,Very Energized,Moderate,Yes,4.3,8.5,Low
Good,Light,9.3,Okay,Very Social,Yes,3.9,9.1,Low
Stressed,Very Heavy,4.3,Tired,None,No,9.4,3.4,Very High
Good,Light,7.1,Okay,Moderate,Yes,4.6,5.3,Low
Okay,Very Heavy,6.5,Tired,Minimal,No,6.8,4.9,High
Okay,Very Heavy,6.1,Tired,None,Yes,6.7,2.4,High
Low Mood,Heavy,5.9,Exhausted,Minimal,No,8.6,1.2,High
Good,Very Light,9.4,Very Energized,Very Social,Yes,2.6,6.7,Very Low
Good,Moderate,8.0,Very Energized,Very Social,Yes,3.9,7.0,Very Low
Low Mood,Very Heavy,7.3,Okay,Moderate,No,3.5,6.1,High
Okay,Very Heavy,5.4,Tired,Minimal,No,5.8,4.7,High
Good,Very Light,9.7,Energized,Social,No,2.5,12.0,Low
Okay,Light,6.9,Tired,Moderate,No,5.8,7.5,Normal
Good,Moderate,7.4,Tired,Moderate,No,3.0,4.4,Normal
Okay,Light,6.7,Energized,Social,Yes,3.2,6.7,Low
Great,Very Light,8.8,Very Energized,Very Social,Yes,2.4,10.0,Very Low
Low Mood,Very Heavy,5.9,Exhausted,Minimal,No,5.2,2.1,High
Low Mood,Moderate,8.1,Tired,Moderate,Yes,3.3,8.0,Normal
Okay,Heavy,7.3,Energized,Social,Yes,4.5,4.1,Normal
Okay,Light,7.5,Energized,Social,No,4.0,7.5,Low
Low Mood,Very Heavy,5.3,Okay,None,No,6.7,5.6,High
Low Mood,Moderate,6.1,Energized,Minimal,Yes,4.9,6.1,Normal
Stressed,Very Heavy,6.8,Exhausted,None,No,7.0,3.3,Very High
Okay,Light,7.3,Energized,Minimal,No,5.5,4.6,Normal
Good,Very Light,8.8,Very Energized,Social,Yes,3.2,8.6,Very Low
Low Mood,Moderate,7.0,Tired,Minimal,Yes,3.1,5.6,Normal
Okay,Moderate,9.0,Energized,Moderate,Yes,3.4,8.4,Low
Okay,Light,7.4,Energized,Moderate,Yes,2.8,5.9,Low
Good,Light,7.7,Energized,Social,Yes,3.6,10.6,Very Low
Low Mood,Heavy,7.5,Tired,Social,No,4.8,4.3,High
Low Mood,Very Heavy,5.9,Okay,None,No,5.5,5.2,High
Stressed,Heavy,5.1,Tired,Minimal,No,8.5,2.9,High
Stressed,Very Heavy,5.2,Tired,None,No,9.5,1.7,Very High
Great,Moderate,8.1,Okay,Minimal,No,3.9,7.2,Low
Good,Moderate,6.4,Tired,None,No,5.5,5.6,Normal
Okay,Moderate,6.2,Exhausted,None,No,7.6,2.6,Normal
Low Mood,Heavy,8.3,Okay,Minimal,Yes,3.6,6.3,Normal
Stressed,Light,6.4,Tired,Social,Yes,4.7,7.8,Normal
Good,Heavy,8.3,Energized,Minimal,Yes,3.9,5.6,Low
Great,Very Light,8.1,Okay,Social,Yes,2.4,9.1,Very Low
Great,Moderate,7.8,Okay,Social,Yes,2.2,7.2,Low
Okay,Heavy,5.4,Okay,None,Yes,5.8,5.4,Normal
Great,Very Light,7.6,Energized,Very Social,Yes,2.6,11.9,Very Low
Great,Light,7.3,Okay,Moderate,No,5.5,7.6,Low
Low Mood,Heavy,4.0,Tired,None,No,7.3,2.3,High
Good,Very Light,7.7,Energized,Very Social,Yes,2.1,8.1,Very Low
Great,Very Light,8.3,Energized,Social,Yes,2.6,8.7,Very Low
Stressed,Heavy,5.2,Exhausted,None,No,5.2,2.8,Very High
Stressed,Moderate,6.0,Tired,Moderate,Yes,5.3,5.0,High
Stressed,Heavy,5.3,Tired,Minimal,Yes,8.0,2.9,High
Low Mood,Heavy,6.6,Tired,Minimal,No,4.1,4.7,Normal
Low Mood,Moderate,8.3,Tired,Minimal,No,4.6,7.3,Normal
Okay,Light,6.4,Tired,Social,Yes,3.9,5.1,Low
Low Mood,Heavy,5.7,Exhausted,Minimal,No,7.7,5.6,High
Good,Light,7.9,Tired,Social,Yes,3.6,4.2,Low
Stressed,Moderate,5.9,Tired,Moderate,No,6.6,5.6,Normal
Low Mood,Very Heavy,5.2,Exhausted,None,No,7.4,1.8,High
Stressed,Very Heavy,4.1,Tired,Minimal,No,7.8,2.5,Very High
Okay,Very Light,7.1,Okay,Moderate,Yes,3.1,5.2,Low
Stressed,Heavy,5.5,Okay,Minimal,Yes,6.8,5.0,Normal
Low Mood,Heavy,6.5,Okay,Moderate,No,6.6,2.8,Normal
Good,Heavy,7.3,Tired,Minimal,No,5.3,7.8,Normal
Okay,Heavy,8.0,Energized,Social,No,4.7,7.2,Normal
Good,Moderate,8.2,Tired,Minimal,No,4.9,7.8,Low
Good,Light,8.4,Very Energized,Very Social,No,2.9,6.4,Very Low
Low Mood,Moderate,6.0,Exhausted,Minimal,No,6.6,5.6,High
Great,Moderate,8.7,Energized,Very Social,Yes,4.2,5.6,Very Low
Great,Light,8.6,Energized,Social,No,3.8,10.2,Low
Low Mood,Light,7.0,Okay,None,No,8.1,2.5,Normal
Great,Very Light,8.1,Very Energized,Social,Yes,2.8,7.5,Very Low
Low Mood,Light,6.5,Energized,Moderate,Yes,4.1,7.6,Low
Okay,Moderate,7.5,Okay,Minimal,No,5.7,7.1,Low
Low Mood,Moderate,5.7,Exhausted,Minimal,Yes,7.4,6.0,Normal
Stressed,Moderate,6.2,Exhausted,Minimal,Yes,6.6,3.3,High
Low Mood,Very Heavy,5.0,Exhausted,Minimal,No,7.9,1.5,Very High
Good,Light,7.9,Okay,Minimal,No,3.4,6.5,Low
Good,Very Light,7.7,Energized,Very Social,No,2.8,9.6,Very Low
Good,Light,9.1,Energized,Very Social,Yes,3.6,9.1,Very Low
Low Mood,Light,6.4,Energized,Minimal,Yes,5.5,7.4,Normal
Good,Light,8.7,Okay,Very Social,Yes,4.2,5.6,Very Low
Okay,Moderate,6.0,Okay,None,Yes,7.3,5.5,Normal
Stressed,Heavy,6.7,Exhausted,Minimal,No,5.7,4.2,Very High
Good,Light,9.4,Okay,Moderate,Yes,2.8,6.6,Low
Stressed,Very Heavy,6.6,Tired,None,No,8.7,2.3,High
Great,Light,7.7,Okay,Social,No,4.1,6.6,Very Low
Good,Light,8.0,Very Energized,Social,Yes,2.7,9.4,Very Low
Good,Moderate,7.7,Energized,Social,Yes,4.8,6.2,Low
Low Mood,Very Heavy,5.7,Tired,Minimal,No,7.4,3.4,High
Low Mood,Very Heavy,6.2,Tired,Moderate,No,6.0,5.5,High
Low Mood,Light,6.2,Tired,Minimal,No,4.1,4.4,Normal
Good,Heavy,8.3,Energized,Moderate,Yes,3.6,7.5,Low
Low Mood,Heavy,4.8,Exhausted,None,No,9.8,3.8,High
Okay,Heavy,8.4,Okay,Minimal,Yes,4.0,5.9,Normal
Okay,Light,7.3,Tired,Moderate,No,3.7,6.5,Normal
Okay,Very Light,9.0,Energized,Moderate,No,2.4,7.2,Low
Okay,Heavy,7.2,Okay,Moderate,No,5.8,6.4,Normal
Okay,Light,6.8,Tired,Minimal,No,3.0,7.4,Normal
Stressed,Heavy,5.8,Exhausted,None,Yes,5.6,4.1,High
Low Mood,Moderate,5.9,Okay,None,No,8.9,5.4,Normal
Low Mood,Heavy,6.0,Okay,None,No,7.5,5.3,Normal
Great,Light,7.9,Very Energized,Social,Yes,1.4,7.6,Very Low
Low Mood,Heavy,5.8,Tired,Moderate,No,8.0,2.2,High
Good,Heavy,6.1,Energized,Minimal,Yes,5.9,4.8,Low
Low Mood,Very Heavy,6.6,Okay,Minimal,Yes,8.8,5.9,Normal
Good,Moderate,7.6,Energized,Very Social,Yes,2.1,9.7,Low
Good,Light,8.4,Very Energized,Social,Yes,2.4,8.6,Very Low
Good,Light,6.9,Tired,Moderate,Yes,4.8,5.6,Low
Good,Light,7.9,Energized,Very Social,Yes,1.2,8.1,Very Low
Low Mood,Heavy,6.4,Energized,Moderate,Yes,3.6,4.1,Normal
Okay,Heavy,8.0,Energized,Minimal,Yes,4.6,5.3,Normal
Okay,Moderate,8.0,Very Energized,Social,Yes,3.2,7.1,Low
Okay,Very Heavy,7.0,Exhausted,None,No,8.8,2.1,High
Low Mood,Moderate,7.1,Tired,Social,No,4.7,5.2,High
Low Mood,Heavy,4.2,Exhausted,Minimal,No,7.0,3.5,High
Good,Moderate,6.1,Energized,Moderate,No,3.2,4.7,Low
Stressed,Heavy,4.1,Exhausted,None,No,9.9,1.8,Very High
Okay,Heavy,6.0,Okay,Minimal,Yes,6.4,3.3,Normal
Low Mood,Light,7.9,Tired,Social,Yes,5.0,5.7,Normal
Good,Light,8.9,Very Energized,Very Social,Yes,2.4,11.2,Very Low
Good,Light,8.7,Very Energized,Social,No,2.5,10.3,Low
Good,Light,8.8,Very Energized,Social,Yes,1.1,11.7,Very Low
Low Mood,Heavy,4.8,Exhausted,Minimal,No,8.3,1.6,High
Good,Moderate,8.8,Okay,Social,No,3.7,6.8,Low
Okay,Light,6.9,Energized,Moderate,No,3.5,5.0,Low
Great,Very Light,9.1,Very Energized,Very Social,Yes,3.0,10.9,Very Low
Okay,Moderate,7.0,Tired,Moderate,Yes,5.0,7.7,Normal
Low Mood,Moderate,6.9,Tired,Social,Yes,5.7,6.2,Normal
Okay,Moderate,8.6,Okay,Very Social,No,2.2,9.7,Low
Low Mood,Very Heavy,5.5,Exhausted,Minimal,No,9.9,2.2,Very High
Low Mood,Heavy,6.7,Okay,Social,Yes,3.7,8.0,Normal
Okay,Very Heavy,5.1,Okay,None,No,5.2,5.0,High
Low Mood,Moderate,5.8,Tired,Minimal,No,7.3,3.1,High
Good,Very Light,8.8,Okay,Social,Yes,3.4,5.5,Very Low
Low Mood,Heavy,7.3,Energized,Minimal,Yes,4.5,5.4,Normal
Okay,Heavy,6.3,Energized,Minimal,Yes,3.6,7.2,Low
Okay,Light,7.9,Very Energized,Moderate,Yes,2.9,8.7,Low
Okay,Very Light,6.0,Energized,Minimal,Yes,3.5,5.4,Normal
Good,Light,9.2,Energized,Moderate,Yes,2.5,6.0,Low
Low Mood,Very Heavy,6.0,Okay,Minimal,Yes,6.6,5.6,High
Stressed,Heavy,6.5,Tired,Minimal,Yes,6.5,2.0,High
Okay,Heavy,7.2,Okay,Minimal,Yes,3.3,4.8,Normal
Good,Moderate,7.7,Okay,Social,No,5.1,5.9,Low
Low Mood,Heavy,4.3,Exhausted,None,No,7.4,3.8,Very High
Good,Moderate,8.1,Energized,Moderate,Yes,4.6,5.8,Very Low
Low Mood,Moderate,6.6,Okay,Social,Yes,5.3,8.0,Normal
Okay,Very Heavy,6.0,Tired,None,No,8.1,2.4,Normal
Stressed,Very Heavy,5.5,Exhausted,None,Yes,7.5,3.9,Very High
Good,Light,7.9,Energized,Minimal,Yes,5.1,5.1,Very Low
Okay,Very Heavy,5.2,Okay,Minimal,No,8.8,2.7,Normal
Good,Heavy,7.9,Tired,Minimal,Yes,5.7,6.8,Normal
Stressed,Very Heavy,4.5,Tired,Minimal,No,8.1,1.4,Very High
Stressed,Very Heavy,4.5,Tired,None,No,8.8,3.7,Very High
Great,Very Light,8.0,Energized,Social,Yes,1.5,8.9,Very Low
Stressed,Very Heavy,5.8,Okay,Moderate,No,7.3,2.7,High
Stressed,Very Heavy,4.7,Exhausted,None,Yes,8.5,2.0,Very High
Good,Heavy,8.1,Energized,Moderate,Yes,4.5,6.2,Low
Low Mood,Heavy,6.9,Energized,Moderate,No,4.5,7.6,Normal
Low Mood,Very Heavy,5.3,Exhausted,Minimal,Yes,6.9,3.3,High
Okay,Heavy,6.4,Exhausted,Minimal,No,7.9,3.0,High
Okay,Light,7.9,Tired,Minimal,No,5.5,5.1,Normal
Stressed,Heavy,5.0,Tired,None,No,7.1,2.3,High
Low Mood,Heavy,8.0,Tired,Social,Yes,5.4,7.2,Normal
Stressed,Moderate,5.8,Tired,None,No,8.7,4.3,High
Good,Heavy,7.7,Energized,Moderate,No,3.1,6.4,Low
Low Mood,Heavy,6.4,Okay,None,No,8.8,5.6,High
Good,Light,8.7,Energized,Very Social,Yes,2.9,6.1,Very Low
Low Mood,Light,6.5,Energized,Social,Yes,3.6,5.2,Normal
Good,Heavy,6.4,Tired,Minimal,Yes,5.1,6.5,Normal
Low Mood,Moderate,6.0,Okay,Moderate,Yes,7.4,2.5,Normal
Stressed,Heavy,5.0,Tired,Minimal,Yes,9.0,1.7,High
Low Mood,Very Heavy,5.0,Exhausted,Minimal,No,7.6,2.3,Very High
Good,Light,9.0,Okay,Moderate,Yes,3.9,9.2,Very Low
Good,Moderate,7.8,Energized,Very Social,Yes,4.3,5.3,Very Low
Okay,Heavy,6.8,Okay,Moderate,No,5.3,6.5,Normal
Okay,Moderate,8.8,Very Energized,Very Social,Yes,3.4,6.6,Low
Good,Very Light,7.0,Very Energized,Moderate,Yes,3.8,8.2,Very Low
Stressed,Very Heavy,5.7,Exhausted,None,No,7.8,1.0,Very High
Good,Moderate,7.9,Okay,Social,No,5.8,6.7,Low
Low Mood,Moderate,6.6,Tired,Social,No,4.7,4.7,Normal
Great,Moderate,6.4,Okay,Minimal,No,5.1,7.4,Normal
Low Mood,Heavy,6.9,Energized,Minimal,No,4.4,6.1,Normal
Good,Light,7.9,Energized,Very Social,No,3.4,6.8,Very Low
Okay,Very Heavy,5.1,Okay,Minimal,No,6.2,4.9,Normal
Low Mood,Very Light,7.9,Very Energized,Social,Yes,4.7,7.6,Low
Okay,Heavy,7.8,Tired,Minimal,No,5.4,4.6,Normal
Stressed,Moderate,5.2,Exhausted,Minimal,No,8.5,5.9,High
Stressed,Very Heavy,4.9,Exhausted,Minimal,Yes,9.5,2.9,Very High
Low Mood,Heavy,7.2,Energized,Moderate,Yes,4.5,5.7,Normal
Low Mood,Heavy,5.2,Tired,None,No,7.9,2.3,High
Good,Very Light,8.1,Energized,Social,Yes,4.1,5.1,Very Low
Okay,Moderate,7.5,Energized,Minimal,No,4.5,5.1,Low
Good,Very Light,8.4,Very Energized,Social,Yes,4.0,9.5,Very Low
Great,Light,8.4,Very Energized,Moderate,Yes,3.6,6.5,Very Low
Good,Moderate,8.1,Okay,Very Social,Yes,4.3,7.5,Low
Okay,Very Light,8.5,Okay,Social,Yes,2.3,9.2,Very Low
Good,Light,9.8,Energized,Social,Yes,1.1,8.0,Very Low
Low Mood,Very Heavy,6.6,Okay,Minimal,No,6.5,2.6,High
Low Mood,Light,8.3,Tired,Minimal,No,5.0,4.1,Normal
Stressed,Very Heavy,5.4,Tired,Moderate,No,6.2,3.8,High
Great,Light,9.0,Okay,Moderate,No,2.1,8.1,Low
Okay,Light,6.3,Tired,None,No,7.2,3.6,Normal
Low Mood,Heavy,8.1,Okay,Social,Yes,3.1,7.4,Normal
Low Mood,Heavy,6.1,Tired,None,No,8.1,4.1,High
Low Mood,Light,6.0,Tired,Minimal,Yes,5.8,7.0,Normal
Low Mood,Moderate,6.4,Tired,Minimal,No,6.5,2.9,Normal
Okay,Heavy,6.2,Exhausted,Moderate,Yes,8.2,4.9,Normal
Great,Light,9.4,Very Energized,Very Social,Yes,2.7,12.0,Very Low
Good,Very Light,9.8,Energized,Social,No,1.1,7.5,Very Low
Stressed,Moderate,5.3,Tired,Minimal,No,6.9,3.8,High
Great,Very Light,7.0,Energized,Moderate,Yes,3.8,9.6,Very Low
Stressed,Very Heavy,5.7,Exhausted,None,No,8.6,5.3,High
Great,Light,8.1,Energized,Social,Yes,3.5,7.2,Very Low
Stressed,Heavy,4.3,Tired,None,No,7.7,1.9,High
Okay,Very Heavy,5.3,Tired,Moderate,No,5.1,3.8,High
Stressed,Very Heavy,5.9,Exhausted,None,No,7.4,3.7,Very High
Good,Moderate,6.4,Tired,Moderate,Yes,4.2,4.6,Low
Great,Light,9.0,Very Energized,Very Social,Yes,3.9,10.7,Very Low
Okay,Moderate,9.2,Okay,Very Social,Yes,4.5,6.5,Low
Low Mood,Moderate,8.5,Tired,Social,Yes,4.2,7.3,Normal
Great,Very Light,9.6,Very Energized,Very Social,Yes,3.7,9.2,Very Low
Good,Light,7.8,Energized,Social,Yes,5.0,4.4,Very Low
Low Mood,Heavy,6.9,Exhausted,Moderate,No,5.3,5.5,Normal
Low Mood,Very Heavy,5.2,Tired,Moderate,No,8.8,3.8,High
Good,Moderate,8.0,Okay,Moderate,No,5.7,4.5,Low
Low Mood,Heavy,7.0,Tired,Social,Yes,5.3,6.5,Normal
Low Mood,Light,6.1,Energized,Minimal,Yes,5.4,6.4,Normal
Low Mood,Heavy,4.3,Tired,Minimal,No,9.8,3.1,High
Good,Light,7.5,Energized,Social,Yes,3.4,6.6,Low
Low Mood,Light,8.0,Tired,Moderate,No,3.6,5.0,Normal
Great,Light,9.3,Energized,Social,Yes,3.2,5.9,Very Low
Good,Moderate,8.3,Okay,Social,Yes,2.6,8.5,Low
Good,Moderate,9.2,Very Energized,Social,No,2.9,6.6,Low
Good,Light,8.9,Energized,Very Social,Yes,2.8,6.7,Low
Okay,Very Heavy,5.8,Tired,Moderate,No,8.9,2.8,High
Okay,Very Light,8.4,Okay,Social,No,4.3,5.0,Low
Great,Light,8.8,Energized,Moderate,Yes,4.8,5.7,Very Low
Great,Light,8.9,Very Energized,Very Social,No,3.4,8.6,Very Low
Great,Very Light,8.5,Very Energized,Very Social,Yes,3.5,8.1,Very Low
Good,Moderate,8.3,Okay,Social,Yes,2.9,7.3,Low
Good,Moderate,7.7,Energized,Very Social,Yes,2.1,8.6,Very Low
Good,Light,7.8,Tired,Moderate,No,4.3,7.8,Normal
Stressed,Heavy,5.7,Okay,Moderate,Yes,7.6,2.3,High
Okay,Moderate,8.0,Okay,Minimal,No,4.1,4.5,Normal
Low Mood,Very Heavy,4.0,Tired,Minimal,No,7.4,2.2,Very High
Good,Light,8.0,Tired,Moderate,No,4.9,5.9,Low
Okay,Very Light,8.6,Okay,Social,Yes,4.8,5.1,Low
Stressed,Very Heavy,6.7,Exhausted,Moderate,Yes,5.3,5.6,High
Stressed,Heavy,6.7,Tired,Social,Yes,3.4,7.0,High
Good,Very Light,7.9,Energized,Very Social,Yes,3.9,7.7,Very Low
Great,Light,7.5,Very Energized,Moderate,Yes,3.5,5.4,Very Low
Okay,Heavy,7.0,Tired,Social,No,4.9,6.0,Normal
Okay,Moderate,7.0,Very Energized,Social,No,4.6,5.3,Low
Okay,Very Light,7.2,Energized,Moderate,Yes,3.1,9.1,Low
Low Mood,Light,8.4,Energized,Social,No,4.9,6.0,Low
Stressed,Very Heavy,6.4,Exhausted,Minimal,No,6.4,4.0,Very High
Okay,Moderate,7.8,Tired,Social,No,5.8,5.6,Normal
Okay,Heavy,6.0,Okay,None,No,6.3,3.4,Normal
Great,Very Light,7.7,Very Energized,Moderate,Yes,3.8,6.2,Very Low
Great,Very Light,7.1,Very Energized,Very Social,Yes,3.6,7.5,Very Low
Great,Very Light,7.9,Energized,Very Social,Yes,1.9,9.0,Very Low
Good,Light,7.5,Very Energized,Very Social,Yes,4.9,7.7,Very Low
Okay,Light,6.5,Tired,Moderate,Yes,4.2,6.8,Low
Good,Very Light,7.2,Very Energized,Social,Yes,3.1,5.2,Very Low
Great,Light,9.4,Very Energized,Very Social,Yes,3.6,6.9,Very Low
Okay,Light,8.5,Tired,Social,Yes,4.4,7.5,Low
Low Mood,Light,6.5,Tired,Moderate,No,5.2,5.1,Normal
Low Mood,Heavy,6.6,Okay,Minimal,Yes,3.8,5.9,Normal
Good,Moderate,7.2,Energized,Social,Yes,4.9,7.8,Low
Low Mood,Heavy,4.4,Tired,Minimal,No,7.7,3.7,High
Low Mood,Light,6.1,Okay,Moderate,No,4.6,6.5,Normal
Good,Very Light,8.1,Very Energized,Social,Yes,3.4,11.7,Very Low
Okay,Light,8.1,Okay,Very Social,No,3.6,7.2,Low
Okay,Moderate,7.4,Okay,Moderate,No,3.2,7.3,Low
Low Mood,Moderate,6.2,Okay,Moderate,Yes,4.5,6.6,Normal
Stressed,Very Heavy,5.2,Tired,None,No,7.6,2.6,Very High
Okay,Heavy,7.9,Energized,Moderate,Yes,4.3,5.8,Low
Good,Very Light,7.2,Energized,Moderate,Yes,2.8,9.1,Very Low
Good,Light,9.5,Energized,Social,Yes,2.8,8.6,Low
Okay,Very Heavy,5.7,Exhausted,None,No,8.5,4.3,High
Okay,Moderate,8.8,Very Energized,Moderate,Yes,4.9,6.9,Low
Okay,Light,8.4,Energized,Minimal,No,4.6,6.3,Normal
Low Mood,Very Heavy,7.3,Okay,Moderate,Yes,5.2,6.0,Normal
Low Mood,Light,8.0,Energized,Minimal,No,5.2,4.4,Low
Okay,Very Light,7.9,Energized,Very Social,Yes,2.4,6.8,Very Low
Low Mood,Heavy,8.1,Okay,Moderate,No,4.2,4.6,Normal
Great,Moderate,7.7,Okay,Social,Yes,4.2,5.4,Low
Okay,Very Light,9.0,Energized,Social,Yes,4.5,5.1,Very Low
Great,Light,9.5,Energized,Very Social,Yes,1.2,10.8,Very Low
Good,Light,8.8,Energized,Social,Yes,2.8,7.3,Very Low
Stressed,Very Heavy,5.5,Exhausted,Moderate,No,6.7,3.8,Very High
Low Mood,Heavy,7.0,Tired,Social,No,5.7,7.3,Normal
Good,Very Light,8.9,Okay,Moderate,No,2.1,6.9,Low
Great,Moderate,7.7,Very Energized,Very Social,No,4.5,8.8,Very Low
Okay,Light,7.4,Energized,Social,No,5.1,5.8,Low
Low Mood,Heavy,8.4,Energized,Moderate,No,3.9,6.6,Normal
Great,Very Light,7.1,Okay,Moderate,Yes,4.1,7.2,Very Low
Okay,Very Heavy,5.2,Okay,None,No,8.8,4.8,High
Good,Heavy,6.5,Tired,None,No,8.0,4.9,Normal
Low Mood,Light,8.4,Energized,Minimal,Yes,4.7,7.5,Normal
Great,Heavy,6.2,Okay,Social,No,5.0,5.1,Low
Great,Very Light,9.0,Energized,Social,Yes,4.3,5.7,Very Low
Okay,Moderate,9.3,Energized,Moderate,Yes,2.7,8.0,Normal
Okay,Heavy,6.3,Tired,Social,Yes,3.0,5.2,Normal
Good,Very Light,8.0,Very Energized,Moderate,Yes,2.8,5.1,Very Low
Okay,Moderate,7.8,Energized,Moderate,No,4.1,5.7,Low
Low Mood,Moderate,5.5,Okay,Moderate,Yes,8.8,4.0,Normal
Good,Very Light,9.1,Energized,Moderate,No,4.4,6.6,Low
Okay,Moderate,7.5,Very Energized,Social,Yes,3.4,9.5,Low
Low Mood,Very Heavy,5.0,Exhausted,Minimal,Yes,8.3,3.7,High
Low Mood,Heavy,5.2,Okay,Moderate,No,5.5,4.6,Normal
Okay,Light,7.4,Okay,Minimal,No,4.4,5.7,Normal
Stressed,Heavy,5.7,Exhausted,None,No,8.4,2.2,High
Low Mood,Heavy,6.0,Exhausted,None,Yes,8.4,3.1,High
Low Mood,Heavy,4.8,Tired,None,No,8.7,1.5,High
Great,Light,8.0,Energized,Social,No,1.2,8.0,Very Low
Okay,Moderate,7.8,Energized,Social,No,3.1,6.9,Low
Great,Very Light,7.3,Very Energized,Moderate,Yes,4.3,6.6,Very Low
Okay,Moderate,6.9,Exhausted,Moderate,No,7.0,3.9,High
Good,Heavy,6.6,Energized,Minimal,No,3.4,7.4,Normal
Good,Very Light,7.3,Okay,Social,No,4.0,9.8,Low
Great,Very Light,7.4,Very Energized,Very Social,Yes,4.4,7.7,Very Low
Great,Light,8.5,Okay,Very Social,Yes,3.2,6.3,Very Low
Good,Light,9.7,Very Energized,Social,Yes,3.3,10.5,Very Low
Okay,Heavy,5.1,Tired,Minimal,Yes,8.1,5.4,High
Stressed,Moderate,6.5,Tired,Moderate,Yes,6.0,2.2,High
Great,Very Light,7.3,Okay,Very Social,Yes,4.2,8.8,Very Low
Low Mood,Light,6.1,Okay,Moderate,No,5.1,5.4,Normal
Stressed,Light,8.4,Okay,Moderate,Yes,3.4,6.0,Normal
Okay,Very Heavy,4.7,Tired,None,No,7.6,2.8,Very High
Stressed,Heavy,4.4,Tired,None,No,9.8,3.7,High
Good,Light,8.4,Very Energized,Very Social,Yes,3.4,7.5,Very Low
Good,Light,7.3,Okay,Minimal,Yes,3.2,4.1,Low
Stressed,Moderate,6.4,Exhausted,Moderate,No,8.8,3.1,High
Good,Very Light,8.3,Okay,Social,No,4.6,8.7,Low
Okay,Light,7.1,Tired,Minimal,No,3.6,4.1,Low
Okay,Light,8.5,Very Energized,Very Social,Yes,4.5,5.8,Low
Stressed,Very Heavy,5.4,Exhausted,None,No,8.5,1.2,Very High
Okay,Very Heavy,5.1,Exhausted,Minimal,No,7.3,5.2,High
Okay,Moderate,8.8,Energized,Very Social,Yes,3.1,9.0,Low
Stressed,Very Heavy,5.6,Exhausted,None,No,8.7,3.0,Very High
Low Mood,Heavy,6.3,Okay,None,No,6.9,2.2,High
Great,Moderate,6.8,Okay,Minimal,Yes,3.4,4.4,Low
Great,Light,9.1,Very Energized,Moderate,No,2.1,6.0,Very Low
Good,Light,8.4,Okay,Social,Yes,4.0,4.4,Low
Okay,Very Heavy,5.6,Tired,Minimal,No,8.6,2.2,High
Low Mood,Very Heavy,5.7,Exhausted,Moderate,No,6.0,4.2,Very High
Okay,Light,7.9,Energized,Minimal,Yes,4.1,7.4,Low
Good,Moderate,9.3,Okay,Moderate,Yes,2.5,6.5,Low
Okay,Moderate,7.9,Energized,Minimal,Yes,4.5,5.2,Low
Good,Light,8.5,Very Energized,Very Social,Yes,2.3,6.1,Very Low
Great,Moderate,7.7,Energized,Very Social,Yes,4.0,7.4,Very Low
Stressed,Light,5.5,Okay,Minimal,No,7.5,3.1,High
Stressed,Moderate,5.4,Exhausted,Moderate,No,6.1,2.2,High
Good,Light,8.5,Okay,Social,Yes,3.8,7.0,Very Low
Good,Heavy,6.4,Okay,Minimal,Yes,4.9,7.5,Normal
Good,Heavy,8.2,Tired,Minimal,Yes,5.4,4.3,Normal
Low Mood,Heavy,6.5,Exhausted,None,Yes,7.4,4.2,High
Stressed,Heavy,6.8,Exhausted,Moderate,No,5.3,3.0,High
Stressed,Very Heavy,5.3,Okay,Moderate,No,7.5,3.9,High
Low Mood,Heavy,8.1,Okay,Social,No,4.9,5.6,Normal
Low Mood,Light,7.7,Energized,Moderate,No,5.4,7.6,Low
Good,Light,9.5,Energized,Very Social,Yes,3.2,11.2,Very Low
Stressed,Moderate,6.8,Tired,Minimal,Yes,7.1,2.0,High
Stressed,Moderate,5.3,Exhausted,None,No,8.1,4.9,High
Great,Light,9.1,Okay,Social,Yes,3.3,6.6,Very Low
Low Mood,Moderate,6.7,Tired,Moderate,No,4.2,7.0,Normal
Great,Light,7.3,Okay,Very Social,Yes,3.1,5.5,Very Low
Okay,Light,7.7,Energized,Very Social,Yes,3.0,10.3,Very Low
Stressed,Light,6.4,Energized,Minimal,Yes,5.8,7.0,Normal
Okay,Moderate,8.2,Energized,Very Social,Yes,2.6,7.6,Low
Stressed,Heavy,5.9,Okay,None,No,7.7,2.0,High
Okay,Heavy,6.1,Energized,Moderate,No,5.0,6.2,Normal
Okay,Very Light,7.5,Energized,Social,No,2.6,6.3,Low
Okay,Very Light,8.0,Okay,Moderate,Yes,2.9,8.9,Low
Good,Very Light,8.9,Very Energized,Social,Yes,1.8,11.3,Very Low
Great,Moderate,7.1,Okay,Moderate,Yes,2.3,7.4,Low
Okay,Moderate,8.8,Very Energized,Moderate,Yes,2.5,6.7,Low
Okay,Heavy,5.6,Okay,Minimal,Yes,6.2,2.8,Normal
Low Mood,Light,7.8,Energized,Minimal,Yes,3.2,5.1,Low
Low Mood,Very Heavy,5.7,Exhausted,None,No,9.2,3.0,High
Good,Moderate,6.2,Tired,Social,No,3.2,4.4,Low
Great,Very Light,9.5,Very Energized,Social,No,3.5,9.5,Very Low
Low Mood,Light,6.9,Tired,Social,No,4.1,4.1,Normal
Okay,Heavy,6.7,Energized,Minimal,No,3.6,5.9,Normal
Good,Very Light,8.0,Okay,Social,No,3.6,8.1,Very Low
Good,Very Light,8.1,Energized,Social,No,1.1,9.8,Very Low
Good,Moderate,7.2,Energized,Moderate,No,3.2,6.8,Low
Good,Heavy,8.9,Okay,Moderate,No,3.7,6.9,Normal
Low Mood,Very Heavy,5.1,Exhausted,None,No,9.9,3.5,Very High
Great,Very Light,8.2,Very Energized,Social,No,3.7,7.5,Very Low
Okay,Moderate,7.3,Energized,Moderate,Yes,3.3,7.8,Low
Great,Very Light,8.3,Energized,Social,No,1.1,11.1,Very Low
Stressed,Heavy,5.4,Tired,None,No,9.2,2.0,High
Stressed,Very Heavy,5.0,Exhausted,Minimal,No,7.9,2.6,Very High
Okay,Heavy,5.7,Tired,None,No,5.2,4.6,High
Okay,Moderate,5.1,Tired,Moderate,Yes,6.4,4.0,Normal
Good,Moderate,7.4,Tired,Minimal,Yes,4.3,4.9,Normal
Low Mood,Heavy,5.2,Tired,Minimal,No,8.2,2.8,High
Low Mood,Moderate,6.5,Tired,Moderate,Yes,4.7,6.5,Normal
Good,Very Light,9.9,Very Energized,Social,Yes,2.7,11.0,Very Low
Low Mood,Moderate,5.5,Tired,None,No,5.1,2.8,High
Good,Light,8.9,Okay,Very Social,Yes,3.0,7.2,Low
Good,Very Light,7.1,Energized,Social,No,5.0,7.6,Low
Low Mood,Very Heavy,5.7,Tired,Minimal,No,5.9,5.1,High
Stressed,Heavy,5.8,Okay,None,No,6.0,3.6,High
Okay,Very Light,9.7,Energized,Social,Yes,3.4,7.6,Very Low
Great,Light,8.6,Very Energized,Social,Yes,1.4,9.6,Very Low
Okay,Light,8.2,Energized,Moderate,Yes,2.7,6.6,Low
Okay,Light,8.6,Very Energized,Social,Yes,4.0,6.7,Low
Okay,Heavy,6.4,Tired,Moderate,Yes,5.5,4.4,Normal
Low Mood,Light,7.7,Okay,Moderate,Yes,5.4,6.4,Low
Okay,Light,7.6,Very Energized,Social,Yes,3.4,9.0,Low
Great,Very Light,7.7,Very Energized,Social,Yes,3.9,10.2,Very Low
Great,Light,9.0,Very Energized,Very Social,Yes,4.0,8.8,Very Low
Low Mood,Moderate,5.3,Exhausted,None,No,6.6,3.3,High
Okay,Heavy,7.0,Okay,None,No,5.9,3.2,Normal
Good,Moderate,6.5,Okay,Moderate,No,5.8,6.0,Low
Stressed,Very Heavy,5.3,Exhausted,Minimal,Yes,6.8,2.9,High
Good,Moderate,8.6,Okay,Social,Yes,2.4,5.6,Low
Low Mood,Very Heavy,6.4,Energized,Social,Yes,5.2,7.2,Normal
Good,Moderate,6.2,Tired,None,No,8.3,3.0,Normal
Low Mood,Heavy,4.7,Exhausted,Minimal,Yes,7.2,3.7,High
Okay,Moderate,5.1,Exhausted,Minimal,No,5.2,3.0,Normal
Okay,Light,7.5,Tired,Minimal,No,4.7,4.6,Normal
Great,Light,9.6,Energized,Social,Yes,2.8,9.5,Very Low
Okay,Light,8.3,Energized,Social,Yes,3.7,7.9,Low
Okay,Very Light,8.7,Okay,Moderate,Yes,3.2,9.8,Low
Okay,Heavy,7.5,Energized,Minimal,Yes,3.3,5.3,Low
Okay,Moderate,6.5,Okay,Moderate,Yes,6.0,7.3,Normal
Okay,Light,7.2,Tired,Social,Yes,4.7,5.4,Low
Low Mood,Heavy,5.3,Okay,Minimal,No,6.9,5.9,High
Low Mood,Heavy,7.3,Energized,Minimal,Yes,5.8,4.4,Normal
Low Mood,Moderate,6.3,Tired,Social,Yes,5.9,6.8,Normal
Okay,Light,8.2,Energized,Very Social,Yes,3.0,8.5,Low
Stressed,Very Heavy,5.9,Tired,Minimal,No,8.1,1.5,Very High
Stressed,Very Heavy,5.8,Tired,Moderate,No,7.2,3.6,Very High
Low Mood,Light,7.0,Energized,Moderate,Yes,3.6,6.1,Low
Stressed,Light,6.6,Tired,Social,Yes,5.3,6.4,Normal
Low Mood,Heavy,4.0,Tired,None,Yes,7.2,1.8,Normal
Great,Moderate,9.1,Very Energized,Very Social,Yes,4.9,7.7,Very Low
Okay,Moderate,5.9,Tired,Minimal,Yes,8.8,3.1,Normal
Great,Moderate,8.7,Energized,Very Social,No,2.3,8.7,Very Low
Okay,Very Light,6.2,Okay,Moderate,Yes,3.7,7.2,Low
Okay,Very Light,8.8,Very Energized,Social,Yes,4.3,5.7,Very Low
Good,Moderate,8.4,Very Energized,Social,Yes,2.8,6.0,Very Low
Okay,Moderate,7.8,Okay,Very Social,Yes,3.3,7.9,Low
Okay,Heavy,8.0,Tired,Moderate,Yes,4.1,7.7,Normal
Good,Very Light,9.0,Energized,Social,Yes,1.4,7.7,Very Low
Okay,Heavy,7.1,Tired,Social,Yes,3.6,5.1,Normal
Okay,Light,6.7,Tired,Social,No,4.2,7.4,Normal
Low Mood,Heavy,8.3,Energized,Minimal,Yes,3.8,7.9,Normal
Low Mood,Light,6.9,Tired,Social,Yes,4.8,4.6,Low
Good,Moderate,7.1,Energized,Social,Yes,2.4,7.8,Low
Great,Very Light,7.5,Okay,Very Social,No,4.5,7.2,Very Low
Stressed,Heavy,4.5,Exhausted,None,No,8.3,2.2,Very High
Stressed,Very Heavy,6.6,Okay,Moderate,No,5.4,4.1,High
Good,Light,9.0,Okay,Very Social,Yes,3.4,6.6,Very Low
Great,Light,9.0,Energized,Very Social,Yes,4.8,6.8,Very Low
Okay,Very Light,9.1,Energized,Moderate,Yes,4.4,5.3,Low
Good,Moderate,7.4,Okay,Minimal,Yes,3.4,7.8,Low
Good,Heavy,7.4,Energized,Moderate,Yes,5.7,4.9,Low
Low Mood,Very Heavy,6.8,Exhausted,Minimal,Yes,7.6,5.3,Very High
Great,Very Light,8.9,Very Energized,Social,No,3.1,9.4,Very Low
Good,Moderate,6.3,Tired,Minimal,No,4.4,5.4,Normal
Low Mood,Light,7.4,Okay,Moderate,Yes,3.5,5.6,Normal
Low Mood,Very Heavy,6.8,Tired,Moderate,No,5.1,2.9,High
Low Mood,Moderate,6.3,Tired,Moderate,No,7.9,2.6,High
Great,Light,8.2,Okay,Very Social,Yes,4.3,8.9,Very Low
Low Mood,Very Heavy,5.2,Tired,Minimal,Yes,6.9,5.7,High
Low Mood,Heavy,6.8,Tired,Social,Yes,3.6,4.3,High
Okay,Very Heavy,5.1,Tired,Moderate,No,7.0,4.1,High
Okay,Moderate,6.1,Okay,Minimal,No,4.9,4.9,Low
Low Mood,Light,6.2,Energized,Moderate,No,5.3,5.2,Low
Great,Very Light,8.2,Energized,Very Social,Yes,3.4,7.8,Very Low
Okay,Moderate,7.3,Tired,Social,No,5.0,4.7,Normal
Low Mood,Heavy,5.5,Exhausted,Minimal,No,7.8,2.3,High
Okay,Very Heavy,6.0,Okay,None,Yes,7.5,5.9,Normal
Okay,Moderate,6.1,Tired,Moderate,No,5.0,5.0,Normal
Great,Very Light,8.1,Energized,Very Social,Yes,1.2,11.6,Very Low
Okay,Heavy,5.7,Okay,None,No,8.0,3.4,High
Okay,Moderate,9.4,Very Energized,Moderate,Yes,2.5,6.3,Very Low
Good,Heavy,6.5,Tired,Minimal,No,3.7,7.7,Normal
Low Mood,Heavy,5.2,Exhausted,None,No,7.6,2.6,High
Stressed,Very Heavy,5.5,Tired,Minimal,No,7.6,5.8,High
Great,Light,8.2,Very Energized,Very Social,Yes,2.6,5.0,Very Low
Okay,Moderate,7.0,Energized,Very Social,Yes,4.7,6.3,Low
Okay,Light,6.5,Tired,Social,Yes,3.8,7.9,Low
Low Mood,Very Heavy,4.3,Exhausted,Minimal,Yes,7.2,1.7,Very High
Low Mood,Heavy,7.8,Energized,Moderate,Yes,5.7,5.8,Normal
Good,Light,8.9,Very Energized,Very Social,Yes,4.3,6.3,Very Low
Stressed,Very Heavy,6.0,Okay,None,Yes,6.6,3.2,High
Okay,Light,6.3,Exhausted,Moderate,No,7.5,5.5,Normal
Low Mood,Moderate,6.5,Exhausted,Moderate,Yes,7.6,5.1,Normal
Okay,Very Heavy,6.8,Exhausted,None,No,6.1,4.0,High
Okay,Heavy,7.3,Okay,Minimal,No,3.8,7.4,Normal
Low Mood,Very Heavy,5.9,Exhausted,None,Yes,7.1,3.5,High
Stressed,Heavy,5.8,Tired,Minimal,No,8.2,2.7,High
Good,Very Light,8.0,Energized,Very Social,Yes,1.6,11.1,Very Low
Great,Light,7.8,Energized,Moderate,No,3.5,7.3,Very Low
Okay,Heavy,7.8,Okay,Social,No,4.9,7.1,Normal
Good,Very Light,6.2,Tired,Moderate,Yes,4.0,7.2,Low
Okay,Very Light,9.2,Very Energized,Social,Yes,1.6,8.9,Very Low
Okay,Heavy,6.8,Exhausted,Minimal,Yes,6.0,5.8,Normal
Low Mood,Very Heavy,4.4,Tired,None,Yes,7.8,1.5,High
Okay,Very Light,8.8,Okay,Very Social,No,2.2,6.5,Low
Okay,Moderate,5.4,Exhausted,Minimal,No,5.6,4.7,Normal
Stressed,Very Heavy,6.9,Exhausted,None,Yes,5.6,5.0,Very High
Low Mood,Very Heavy,6.7,Okay,None,No,6.5,2.6,High
Stressed,Very Heavy,5.6,Exhausted,None,No,8.2,3.6,Very High
Good,Moderate,9.4,Okay,Moderate,Yes,4.6,7.8,Low
Stressed,Heavy,5.3,Okay,Minimal,No,6.4,4.3,High
Low Mood,Heavy,5.4,Tired,Minimal,No,10.0,3.7,High
Great,Light,9.9,Energized,Social,Yes,2.3,12.0,Very Low
Okay,Very Light,8.2,Very Energized,Very Social,Yes,4.7,6.6,Very Low
Good,Heavy,8.3,Energized,Moderate,Yes,4.7,6.1,Low
Great,Light,9.6,Energized,Social,Yes,1.6,10.3,Very Low
Okay,Light,7.3,Okay,Minimal,No,5.5,6.8,Low
Great,Light,9.0,Very Energized,Social,Yes,3.1,9.0,Very Low
Okay,Heavy,5.9,Exhausted,None,No,7.5,4.2,High
Low Mood,Very Heavy,6.0,Okay,Moderate,Yes,3.9,5.4,Normal
Okay,Moderate,7.3,Energized,Moderate,No,3.9,4.6,Low
Low Mood,Heavy,6.4,Tired,Social,No,5.6,5.3,High
Great,Light,9.2,Energized,Very Social,Yes,2.0,8.8,Very Low
Low Mood,Moderate,6.8,Tired,Moderate,No,5.5,5.0,Normal
Great,Light,9.2,Energized,Social,Yes,1.4,9.2,Very Low
Good,Heavy,7.3,Energized,Moderate,Yes,5.4,7.2,Low
Good,Light,8.4,Very Energized,Moderate,Yes,5.0,6.3,Very Low
Good,Moderate,8.3,Okay,Social,No,3.6,5.7,Low
Okay,Light,7.8,Energized,Very Social,Yes,3.8,6.1,Low
Great,Moderate,9.1,Very Energized,Social,No,2.9,10.2,Low
Low Mood,Heavy,6.1,Tired,Moderate,No,5.7,2.2,High
Great,Light,9.0,Very Energized,Very Social,Yes,3.6,9.9,Very Low
Okay,Light,6.9,Energized,Minimal,No,5.0,7.6,Normal
Great,Very Light,7.7,Energized,Very Social,No,4.8,6.0,Very Low
Low Mood,Moderate,7.1,Tired,Minimal,No,4.1,7.7,Normal
Okay,Light,8.2,Okay,Social,No,3.7,7.6,Low
Okay,Heavy,7.6,Energized,Moderate,No,5.9,6.2,Normal
Great,Very Light,8.7,Energized,Social,Yes,3.1,8.3,Very Low
Good,Heavy,8.3,Energized,Social,Yes,4.4,7.2,Low
Good,Light,9.5,Okay,Moderate,No,3.4,7.9,Low
Good,Heavy,6.4,Tired,Social,No,3.8,4.1,Normal
Good,Light,9.0,Okay,Moderate,Yes,3.7,9.6,Very Low
Good,Moderate,9.0,Very Energized,Social,Yes,3.0,10.0,Low
Stressed,Heavy,5.4,Exhausted,Minimal,Yes,8.8,5.1,High
Great,Light,7.8,Energized,Very Social,Yes,3.8,9.3,Very Low
Okay,Light,7.9,Tired,Social,No,6.0,6.3,Normal
Stressed,Heavy,5.0,Exhausted,Moderate,Yes,7.7,4.7,High
Low Mood,Heavy,4.2,Exhausted,None,No,8.8,3.5,High
Good,Moderate,8.6,Very Energized,Social,Yes,2.2,5.9,Low
Okay,Moderate,7.2,Okay,Minimal,Yes,3.2,4.8,Low
Okay,Moderate,5.3,Tired,Minimal,No,6.2,3.2,High
Good,Heavy,6.7,Tired,Minimal,No,4.3,4.1,Normal
Great,Very Light,8.1,Energized,Social,Yes,2.8,6.0,Very Low
Stressed,Heavy,5.1,Tired,Minimal,No,7.5,3.3,High
Low Mood,Very Heavy,5.1,Tired,None,No,8.5,1.1,High
Great,Light,8.6,Energized,Moderate,Yes,2.9,8.5,Very Low
Good,Light,6.3,Okay,Moderate,Yes,4.7,6.2,Low
Stressed,Heavy,4.9,Tired,Minimal,No,8.3,1.5,Very High
Stressed,Heavy,6.0,Exhausted,Moderate,No,8.6,5.3,High
Good,Light,7.1,Okay,Moderate,Yes,3.4,7.8,Very Low
Low Mood,Moderate,8.2,Okay,Moderate,Yes,3.2,5.5,Normal
Okay,Heavy,7.8,Tired,Minimal,Yes,3.9,4.1,Normal
Low Mood,Heavy,6.2,Tired,Moderate,Yes,3.4,6.0,Normal
Good,Light,9.0,Very Energized,Very Social,Yes,2.7,9.6,Very Low
Stressed,Moderate,5.7,Tired,None,Yes,7.3,5.5,High
Stressed,Very Heavy,5.7,Tired,Minimal,No,8.2,2.6,High
Good,Heavy,7.1,Energized,Minimal,No,3.9,7.8,Low
Okay,Moderate,7.5,Energized,Very Social,Yes,4.4,8.9,Low
Low Mood,Light,6.4,Okay,Minimal,Yes,4.6,7.4,Normal
Great,Very Light,7.6,Energized,Very Social,Yes,2.7,9.9,Very Low
Okay,Moderate,5.6,Exhausted,None,No,5.3,6.0,Normal
Stressed,Moderate,6.3,Exhausted,Moderate,No,8.7,5.2,High
Low Mood,Heavy,6.1,Exhausted,None,No,5.8,3.0,High
Okay,Heavy,6.1,Tired,Minimal,Yes,3.1,6.4,Normal
Okay,Heavy,5.1,Tired,Minimal,No,5.7,5.7,High
Stressed,Very Heavy,6.4,Exhausted,None,No,6.1,4.7,Very High
Okay,Moderate,6.0,Tired,Minimal,No,6.0,5.5,Normal
Low Mood,Moderate,8.3,Tired,Social,Yes,3.4,6.6,Normal
Great,Light,8.7,Okay,Very Social,No,4.9,7.9,Low
Good,Moderate,8.0,Energized,Very Social,Yes,3.4,9.7,Very Low
Stressed,Very Heavy,5.5,Tired,Minimal,No,8.7,2.1,Very High
Low Mood,Heavy,6.6,Okay,Minimal,Yes,5.6,7.1,Normal
Low Mood,Light,6.6,Energized,Social,No,4.7,6.0,Low
Stressed,Heavy,4.2,Tired,Minimal,No,7.5,1.2,High
Okay,Very Light,7.5,Energized,Moderate,No,3.6,6.8,Very Low
Stressed,Very Heavy,5.0,Tired,None,No,9.8,2.3,Very High
Good,Light,8.0,Very Energized,Social,No,3.1,10.2,Very Low
Okay,Light,8.3,Okay,Moderate,Yes,2.6,8.2,Low
Stressed,Heavy,6.0,Tired,Minimal,No,6.4,4.3,High
Okay,Heavy,8.4,Energized,Social,Yes,3.4,6.0,Low
Good,Light,9.3,Very Energized,Very Social,No,2.9,5.5,Very Low
Good,Moderate,8.3,Very Energized,Moderate,Yes,2.7,6.7,Very Low
Good,Light,7.9,Energized,Very Social,Yes,2.3,10.0,Very Low
Great,Moderate,7.3,Okay,Moderate,Yes,2.3,5.1,Low
Great,Heavy,7.8,Energized,Social,No,4.0,4.8,Low
Low Mood,Heavy,6.6,Okay,Social,Yes,5.2,7.9,Normal
Good,Moderate,7.7,Very Energized,Moderate,Yes,4.6,8.1,Low
Okay,Very Heavy,6.2,Okay,Moderate,No,6.3,5.2,Normal
Good,Light,9.7,Energized,Very Social,Yes,3.1,9.6,Very Low
Low Mood,Heavy,6.3,Energized,Minimal,No,5.3,6.3,High
Stressed,Heavy,6.8,Tired,None,No,5.6,4.0,Very High
Good,Light,9.1,Energized,Very Social,No,5.0,7.2,Low
Great,Light,8.4,Tired,Minimal,No,5.9,4.3,Low
Good,Light,8.8,Energized,Social,Yes,3.2,10.2,Very Low
Good,Moderate,8.3,Energized,Moderate,No,4.3,5.0,Very Low
Okay,Heavy,5.6,Okay,None,No,7.9,4.4,Normal
Good,Light,8.7,Okay,Social,Yes,4.2,8.8,Low
Low Mood,Very Heavy,6.1,Exhausted,None,No,5.6,2.7,High
Good,Heavy,6.7,Okay,Moderate,No,4.6,7.6,Normal
Great,Light,9.1,Very Energized,Social,Yes,2.3,8.8,Very Low
Good,Very Light,9.3,Energized,Very Social,Yes,3.1,11.2,Very Low
Low Mood,Very Heavy,4.3,Exhausted,Minimal,No,7.3,2.8,Very High
Stressed,Heavy,5.2,Okay,None,No,7.7,5.4,High
Low Mood,Light,7.4,Okay,Minimal,Yes,3.4,7.2,Normal
Stressed,Light,6.5,Okay,Moderate,Yes,3.1,5.0,Normal
Good,Very Light,8.9,Energized,Moderate,Yes,3.8,6.7,Very Low
Good,Light,7.2,Tired,Minimal,No,4.4,7.7,Low
Low Mood,Moderate,7.5,Okay,Social,No,5.9,7.4,Low
Okay,Very Light,7.1,Very Energized,Social,Yes,4.5,6.4,Very Low
Great,Light,8.3,Okay,Social,Yes,4.7,5.7,Low
Okay,Very Heavy,8.3,Okay,Social,Yes,5.9,5.2,Normal
Okay,Heavy,5.5,Tired,Minimal,No,7.6,2.9,High
Okay,Very Light,7.2,Okay,Moderate,Yes,4.8,7.6,Very Low
Okay,Heavy,6.5,Exhausted,Moderate,No,7.4,3.4,High
Great,Light,8.3,Energized,Social,Yes,3.6,10.6,Very Low
Stressed,Very Heavy,5.8,Okay,Moderate,No,7.4,3.0,High
Okay,Heavy,6.8,Okay,Social,No,5.4,4.4,Normal
Low Mood,Heavy,5.5,Tired,None,No,7.1,1.7,High
Great,Moderate,9.4,Okay,Moderate,Yes,2.9,9.4,Low
Great,Very Light,8.7,Very Energized,Very Social,Yes,1.9,8.3,Very Low
Okay,Very Heavy,6.1,Okay,Minimal,Yes,8.8,5.5,Normal
Stressed,Heavy,4.5,Exhausted,Minimal,No,7.2,1.3,Very High
Great,Moderate,8.4,Okay,Moderate,No,4.0,8.9,Low
Good,Moderate,7.8,Okay,Social,Yes,3.7,5.2,Low
Okay,Very Heavy,6.0,Okay,None,No,6.6,4.4,Normal
Low Mood,Moderate,7.0,Tired,None,No,6.6,3.5,Normal
Stressed,Heavy,5.7,Tired,Minimal,No,8.2,2.1,High
Low Mood,Heavy,4.6,Exhausted,Minimal,No,9.6,3.7,High
Okay,Heavy,6.6,Tired,Social,No,5.8,5.0,Normal
Great,Very Light,9.7,Very Energized,Very Social,Yes,2.5,8.4,Very Low
Great,Moderate,9.6,Energized,Very Social,Yes,1.4,8.0,Very Low
Okay,Very Light,8.2,Very Energized,Social,Yes,4.4,6.5,Very Low
Good,Very Light,7.1,Okay,Moderate,Yes,2.9,9.3,Very Low
Good,Light,9.2,Okay,Very Social,No,2.2,7.3,Low
Okay,Light,7.2,Tired,Moderate,No,5.3,5.3,Normal
Low Mood,Heavy,6.6,Tired,Moderate,No,8.1,3.5,High
Low Mood,Heavy,5.8,Tired,None,Yes,8.5,2.7,High
Good,Light,6.9,Tired,Moderate,No,3.8,7.4,Normal
Great,Very Light,7.7,Very Energized,Social,Yes,2.1,11.2,Very Low
Low Mood,Light,8.3,Okay,Social,Yes,5.0,4.9,Normal
Stressed,Very Heavy,5.8,Okay,Minimal,No,8.7,4.0,High
Okay,Light,8.1,Very Energized,Moderate,Yes,3.7,5.6,Low
Stressed,Very Heavy,4.3,Tired,None,No,9.8,3.8,Very High
Stressed,Heavy,4.7,Tired,Minimal,No,9.3,1.8,Very High
Stressed,Heavy,6.8,Exhausted,Minimal,No,8.4,2.2,High
Good,Very Light,7.0,Energized,Very Social,Yes,2.1,5.2,Very Low
Stressed,Heavy,6.8,Tired,Minimal,No,7.3,4.1,High
Good,Light,6.2,Energized,Social,Yes,3.7,5.1,Low
Okay,Heavy,8.2,Okay,Minimal,No,5.7,4.5,Normal
Low Mood,Moderate,7.5,Tired,Moderate,Yes,5.9,5.1,Normal
Good,Light,6.6,Okay,Moderate,Yes,4.7,5.6,Very Low
Good,Very Light,7.6,Very Energized,Very Social,Yes,1.8,7.1,Very Low
Low Mood,Very Heavy,6.3,Tired,Minimal,Yes,7.8,5.6,High
Good,Very Light,9.9,Energized,Social,Yes,3.6,10.0,Very Low
Good,Light,7.6,Energized,Social,Yes,2.9,10.4,Very Low
Great,Very Light,7.0,Okay,Moderate,Yes,5.0,7.8,Very Low
Low Mood,Moderate,6.3,Energized,Moderate,Yes,5.4,4.3,Low
Okay,Very Heavy,6.7,Tired,Moderate,Yes,6.1,5.5,Normal
Great,Light,9.0,Very Energized,Social,Yes,4.4,6.4,Very Low
Low Mood,Heavy,6.8,Exhausted,None,No,6.1,5.1,High
Great,Very Light,7.7,Energized,Very Social,Yes,2.1,6.5,Very Low
Good,Heavy,5.2,Tired,None,No,6.3,2.6,Normal
Low Mood,Heavy,5.9,Tired,None,No,8.3,2.1,High
Great,Very Light,9.4,Very Energized,Moderate,Yes,3.0,8.5,Very Low
Good,Light,7.6,Energized,Social,Yes,3.7,9.0,Very Low
Stressed,Heavy,5.0,Tired,None,No,9.5,3.1,Very High
Good,Heavy,8.2,Energized,Social,Yes,5.7,5.6,Low
Good,Light,7.0,Very Energized,Moderate,Yes,3.9,9.5,Very Low
Stressed,Very Heavy,6.6,Okay,None,No,8.8,4.5,High
Low Mood,Light,6.3,Okay,Moderate,Yes,5.0,5.1,Low
Great,Very Light,9.3,Okay,Very Social,Yes,3.7,9.1,Very Low
Great,Light,6.1,Energized,Moderate,Yes,3.9,7.1,Very Low
Okay,Heavy,7.2,Energized,Minimal,Yes,5.2,6.6,Normal
Okay,Heavy,8.1,Tired,Moderate,No,5.7,5.7,High
Great,Very Light,7.7,Energized,Moderate,No,2.6,7.7,Very Low
Okay,Moderate,9.3,Energized,Moderate,No,4.5,8.2,Normal
Good,Light,6.9,Tired,Moderate,No,3.8,6.1,Low
Okay,Heavy,8.0,Tired,Social,No,5.7,4.8,Normal
Great,Light,9.9,Energized,Very Social,Yes,1.6,9.8,Very Low
Great,Moderate,9.5,Very Energized,Social,Yes,3.3,6.2,Very Low
Okay,Very Heavy,6.4,Okay,None,Yes,5.4,2.5,High
Low Mood,Heavy,5.7,Tired,None,No,8.9,1.2,High
Okay,Moderate,7.8,Energized,Social,Yes,3.6,7.9,Low
Stressed,Moderate,5.1,Okay,Minimal,Yes,8.3,2.9,High
Low Mood,Moderate,6.6,Tired,Moderate,Yes,4.6,5.0,Normal
Stressed,Moderate,6.6,Exhausted,Minimal,No,8.8,3.6,High
Low Mood,Light,8.2,Energized,Moderate,Yes,3.1,4.0,Low
Okay,Very Heavy,5.6,Okay,Moderate,No,8.0,4.6,Normal
Okay,Moderate,6.6,Energized,Moderate,No,3.0,7.7,Normal
Good,Light,7.1,Okay,Social,Yes,4.6,5.5,Low
Okay,Light,8.5,Energized,Very Social,Yes,3.4,7.0,Very Low
Stressed,Heavy,6.6,Okay,None,Yes,6.8,3.7,High
Stressed,Very Heavy,6.6,Exhausted,Minimal,No,8.8,2.1,Very High
Okay,Light,6.4,Okay,Social,Yes,4.6,6.6,Low
Low Mood,Heavy,6.1,Tired,Moderate,No,8.0,4.4,Normal
Stressed,Very Heavy,5.0,Okay,Minimal,Yes,7.4,2.8,High
Stressed,Very Heavy,5.1,Tired,Minimal,No,8.4,2.6,Very High
Great,Very Light,8.8,Very Energized,Very Social,Yes,3.8,8.9,Very Low
Okay,Very Heavy,6.2,Tired,None,No,8.4,3.2,High
Okay,Moderate,8.3,Okay,Social,No,3.3,7.6,Normal
Low Mood,Heavy,7.8,Tired,Moderate,Yes,4.2,7.6,Normal
Good,Light,7.0,Okay,Social,No,5.5,6.9,Low
Great,Light,10.0,Very Energized,Very Social,Yes,3.2,8.4,Very Low
Good,Light,7.3,Okay,Social,No,4.3,8.3,Low
Great,Light,8.1,Energized,Very Social,No,1.0,11.8,Very Low
Okay,Heavy,5.4,Tired,None,No,6.8,4.3,High
Great,Very Light,9.4,Very Energized,Very Social,No,3.3,11.6,Very Low
Okay,Moderate,6.1,Tired,Moderate,Yes,8.6,3.2,Normal
Good,Moderate,6.3,Tired,Moderate,Yes,4.6,6.8,Low
Good,Moderate,7.0,Energized,Minimal,No,4.0,8.0,Low
Good,Heavy,8.3,Okay,Moderate,Yes,3.1,5.9,Normal
Good,Light,7.9,Okay,Social,Yes,5.3,6.6,Low
Great,Very Light,8.7,Energized,Social,Yes,3.5,11.9,Very Low
Good,Moderate,8.6,Energized,Very Social,Yes,4.9,6.6,Low
Great,Light,8.9,Very Energized,Social,Yes,3.9,7.7,Very Low
Stressed,Very Heavy,5.3,Exhausted,None,No,9.0,2.6,Very High
Okay,Heavy,7.7,Energized,Social,No,4.2,4.9,Normal
Great,Very Light,8.4,Energized,Very Social,Yes,1.1,8.0,Very Low
Okay,Heavy,5.7,Okay,Minimal,Yes,8.1,2.2,Normal
Okay,Very Heavy,5.3,Tired,Moderate,Yes,6.9,5.5,Normal
Stressed,Very Heavy,4.3,Exhausted,Minimal,No,8.9,2.2,Very High
Low Mood,Moderate,7.9,Tired,Moderate,No,4.6,6.5,Normal
Okay,Moderate,8.8,Very Energized,Very Social,Yes,2.3,5.2,Low
Okay,Heavy,4.2,Tired,None,Yes,9.2,1.5,High
Good,Moderate,6.5,Okay,Moderate,Yes,3.7,4.4,Low
Good,Very Light,8.4,Very Energized,Social,Yes,2.5,10.8,Very Low
Okay,Light,6.7,Energized,Minimal,Yes,3.3,4.5,Low
Good,Light,8.7,Very Energized,Very Social,Yes,5.0,6.6,Very Low
Okay,Light,9.1,Very Energized,Very Social,No,3.0,8.7,Low
Okay,Heavy,6.5,Tired,None,Yes,6.2,3.3,High
Low Mood,Moderate,6.9,Energized,Minimal,No,3.7,7.3,Normal
Okay,Very Heavy,6.2,Exhausted,Moderate,No,5.9,4.3,High
Okay,Moderate,5.2,Exhausted,None,No,7.4,3.4,Normal
Stressed,Very Heavy,5.4,Exhausted,None,No,5.9,2.1,Very High
Low Mood,Moderate,6.8,Exhausted,None,Yes,7.5,3.0,Normal
Great,Light,8.0,Very Energized,Very Social,Yes,1.5,9.4,Very Low
Okay,Heavy,5.9,Okay,Minimal,No,7.4,3.3,High
Low Mood,Moderate,6.5,Tired,Minimal,No,7.1,5.2,Normal
Stressed,Very Heavy,6.1,Okay,Moderate,No,6.3,5.4,High
Good,Light,7.7,Very Energized,Social,Yes,1.5,8.8,Very Low
Great,Very Light,9.9,Energized,Social,Yes,2.9,9.0,Very Low
Good,Moderate,8.2,Tired,Social,Yes,5.9,5.9,Low
Okay,Very Heavy,6.7,Tired,Minimal,No,7.9,4.6,High
Okay,Moderate,8.4,Okay,Moderate,Yes,6.0,4.9,Low
Okay,Heavy,5.7,Okay,Minimal,No,5.3,4.5,Normal
Low Mood,Heavy,5.3,Exhausted,Minimal,Yes,7.2,1.2,Normal
Great,Very Light,8.9,Energized,Social,No,1.6,10.4,Very Low
Great,Very Light,10.0,Energized,Very Social,Yes,3.2,11.0,Very Low
Good,Light,7.4,Energized,Moderate,No,5.1,5.3,Low
Good,Very Light,9.5,Very Energized,Social,Yes,3.6,8.0,Very Low
Okay,Moderate,7.2,Energized,Social,Yes,3.0,6.4,Low
Okay,Very Heavy,5.6,Exhausted,Moderate,No,7.3,4.6,High
Low Mood,Moderate,7.4,Okay,Minimal,No,4.7,7.1,Normal
Great,Moderate,7.8,Okay,Social,Yes,3.4,8.6,Low
Stressed,Moderate,6.6,Exhausted,Moderate,Yes,7.1,2.2,High
Okay,Heavy,6.5,Tired,Social,Yes,4.5,4.4,Normal
Stressed,Moderate,5.9,Okay,Minimal,Yes,6.7,5.2,Normal
Low Mood,Very Heavy,7.7,Okay,Minimal,Yes,4.9,4.1,High
Low Mood,Very Heavy,4.2,Tired,Minimal,No,7.2,3.1,High
Okay,Moderate,6.8,Energized,Social,Yes,4.0,4.5,Low
Okay,Moderate,8.1,Okay,Moderate,Yes,2.4,9.0,Low
Stressed,Heavy,5.5,Exhausted,Moderate,No,6.9,3.2,High
Stressed,Heavy,6.1,Exhausted,Minimal,No,8.7,3.2,Very High
Okay,Moderate,7.5,Energized,Social,Yes,4.2,5.3,Low
Stressed,Heavy,5.4,Exhausted,Minimal,No,9.4,2.5,Very High
Okay,Very Light,9.2,Very Energized,Moderate,Yes,4.3,6.0,Very Low
Great,Light,9.5,Okay,Moderate,Yes,2.3,9.3,Very Low
Stressed,Heavy,5.0,Tired,None,No,7.6,3.1,High
Stressed,Heavy,5.4,Tired,None,No,9.0,2.8,Very High
Okay,Very Light,8.4,Okay,Social,Yes,4.2,6.7,Low
Okay,Moderate,6.8,Okay,Minimal,Yes,4.3,7.1,Normal
Low Mood,Light,6.0,Energized,Minimal,No,4.2,7.7,Normal
Stressed,Light,6.8,Tired,Moderate,No,8.0,2.8,Normal
Stressed,Moderate,5.3,Exhausted,Minimal,No,6.2,3.8,High
Great,Very Light,7.7,Very Energized,Very Social,Yes,4.5,9.5,Very Low
Great,Light,9.4,Energized,Social,Yes,1.7,8.8,Very Low
Okay,Light,8.3,Energized,Moderate,No,5.8,7.1,Low
Low Mood,Heavy,5.0,Okay,Moderate,No,7.1,3.6,High
Okay,Light,7.1,Energized,Moderate,No,3.0,5.1,Low
Good,Very Light,8.4,Energized,Very Social,Yes,3.5,7.8,Very Low
Good,Moderate,7.7,Okay,Very Social,No,5.0,7.1,Low
Stressed,Very Heavy,5.5,Exhausted,Moderate,No,6.6,5.8,Very High
Stressed,Moderate,7.6,Okay,Social,No,5.4,5.4,Normal
Okay,Moderate,6.6,Energized,Social,No,4.4,6.2,Low
Good,Moderate,6.8,Energized,Social,Yes,5.6,7.6,Low
Stressed,Heavy,4.1,Tired,None,No,9.4,2.2,Very High
Good,Light,9.4,Very Energized,Very Social,Yes,2.3,10.2,Very Low
Great,Moderate,9.2,Very Energized,Social,Yes,4.8,8.2,Very Low
Okay,Light,7.1,Energized,Moderate,Yes,5.2,6.5,Low
Okay,Very Heavy,4.5,Exhausted,None,No,7.6,3.6,High
Okay,Heavy,8.5,Okay,Social,Yes,3.3,4.0,Normal
Good,Very Light,7.5,Very Energized,Social,Yes,3.9,6.3,Very Low
Good,Moderate,7.9,Tired,Minimal,Yes,3.6,6.6,Low
Good,Moderate,8.6,Energized,Social,Yes,4.9,6.3,Low
Stressed,Very Heavy,5.6,Tired,None,Yes,7.2,3.2,Very High
Good,Light,8.0,Energized,Social,Yes,2.0,9.0,Very Low
Good,Light,7.9,Very Energized,Moderate,No,4.4,7.1,Very Low
Low Mood,Heavy,6.9,Okay,None,Yes,5.6,3.4,High
Okay,Moderate,6.3,Tired,Minimal,No,5.4,7.2,Normal
Low Mood,Heavy,5.8,Tired,Moderate,No,7.7,4.3,Normal
Low Mood,Heavy,6.9,Tired,None,No,7.5,3.5,High
Low Mood,Heavy,7.7,Okay,Social,Yes,5.1,4.1,Normal
Great,Very Light,7.5,Very Energized,Social,Yes,1.7,9.4,Very Low
Stressed,Heavy,5.2,Tired,None,Yes,7.2,3.1,High
Great,Very Light,9.0,Very Energized,Moderate,No,4.1,9.3,Very Low
Stressed,Heavy,4.7,Exhausted,Minimal,No,7.3,1.1,Very High
Low Mood,Moderate,8.2,Okay,Social,No,4.2,7.6,Normal
Great,Moderate,7.3,Very Energized,Very Social,No,4.0,5.5,Very Low
Okay,Heavy,7.5,Energized,Minimal,Yes,5.1,7.8,Normal
Okay,Very Light,8.5,Energized,Moderate,Yes,5.0,8.3,Low
Okay,Very Light,9.4,Okay,Moderate,Yes,4.9,6.8,Low
Stressed,Very Heavy,5.3,Tired,Moderate,No,6.9,3.1,High
Low Mood,Heavy,4.5,Exhausted,Minimal,No,9.6,3.0,High
Low Mood,Light,6.3,Energized,Social,Yes,4.3,7.2,Low
Good,Heavy,8.5,Okay,Moderate,No,3.6,7.2,Normal
Stressed,Heavy,5.8,Tired,None,No,9.9,2.4,High
Okay,Light,9.5,Very Energized,Very Social,Yes,5.0,7.1,Very Low
Stressed,Very Heavy,6.0,Exhausted,Minimal,Yes,5.1,3.6,High
Stressed,Heavy,5.2,Exhausted,Minimal,No,8.6,1.4,Very High
Okay,Light,7.7,Okay,Moderate,No,4.7,6.0,Normal
Okay,Moderate,7.4,Energized,Moderate,Yes,4.9,6.6,Normal
Good,Very Light,9.6,Very Energized,Social,Yes,2.1,9.8,Very Low
Okay,Moderate,5.7,Okay,Minimal,No,7.4,2.6,Normal
Great,Moderate,10.0,Very Energized,Very Social,Yes,3.4,7.7,Very Low
Good,Moderate,9.3,Okay,Moderate,Yes,5.0,8.1,Low
Stressed,Heavy,5.2,Exhausted,Minimal,Yes,6.9,2.2,Very High
Stressed,Moderate,6.7,Tired,Minimal,No,6.8,6.0,High
Good,Moderate,9.4,Energized,Social,Yes,4.2,5.5,Low
Low Mood,Moderate,6.8,Tired,Minimal,No,4.3,5.4,Normal
Stressed,Heavy,5.2,Tired,Minimal,No,8.8,3.0,Very High
Low Mood,Heavy,5.1,Tired,Minimal,Yes,9.0,3.8,High
Great,Light,9.0,Energized,Social,Yes,3.8,9.5,Very Low
Good,Heavy,6.2,Exhausted,Minimal,No,6.2,5.2,Normal
Stressed,Heavy,4.6,Tired,None,No,8.2,2.4,High
Okay,Moderate,9.4,Very Energized,Very Social,Yes,2.0,6.6,Very Low
Good,Light,7.0,Okay,Social,Yes,5.8,7.6,Low
Good,Light,7.1,Okay,Moderate,Yes,5.5,4.3,Low
Low Mood,Light,6.1,Okay,Minimal,No,4.0,7.3,Normal
Stressed,Very Heavy,4.1,Exhausted,None,No,7.3,1.3,Very High
Low Mood,Very Heavy,6.7,Exhausted,Moderate,No,5.8,3.5,Very High
Okay,Light,8.7,Okay,Very Social,No,3.9,9.1,Low
Stressed,Moderate,5.9,Okay,Minimal,No,5.6,5.2,High
Low Mood,Moderate,6.9,Okay,Minimal,No,5.8,4.6,Normal
Okay,Light,9.3,Energized,Very Social,Yes,4.7,5.1,Low
Okay,Heavy,6.0,Tired,Minimal,No,4.7,5.7,Normal
Low Mood,Moderate,7.2,Energized,Social,No,5.9,6.6,Normal
Okay,Moderate,6.3,Exhausted,Minimal,No,8.6,2.2,Normal
Good,Heavy,5.2,Okay,None,Yes,7.4,5.8,Normal
Low Mood,Moderate,6.3,Okay,Minimal,Yes,3.9,6.1,Normal
Great,Light,7.9,Very Energized,Social,Yes,3.1,10.2,Very Low
Good,Heavy,6.6,Tired,Moderate,Yes,4.5,7.0,Normal
Okay,Moderate,5.7,Exhausted,Minimal,Yes,6.3,2.3,Normal
Okay,Very Heavy,6.1,Exhausted,Minimal,No,5.4,6.0,High
Okay,Very Light,8.9,Very Energized,Very Social,Yes,2.8,6.2,Very Low
Low Mood,Very Heavy,4.4,Exhausted,None,No,7.2,2.2,Very High
Okay,Very Light,9.1,Energized,Social,Yes,2.1,5.8,Very Low
Stressed,Very Heavy,4.1,Tired,Minimal,No,9.6,2.2,Very High
Low Mood,Heavy,5.0,Tired,Minimal,No,8.5,3.9,High
Great,Moderate,9.0,Energized,Very Social,No,2.5,9.7,Very Low
Stressed,Heavy,6.8,Okay,None,Yes,8.7,2.7,High
Okay,Very Heavy,6.6,Exhausted,Minimal,No,5.1,3.8,High
Low Mood,Very Heavy,6.7,Exhausted,None,Yes,8.3,4.5,High
Low Mood,Heavy,5.5,Okay,Moderate,Yes,8.7,2.6,Normal
Low Mood,Heavy,4.9,Exhausted,None,No,9.2,1.4,Very High
Good,Very Light,9.0,Energized,Very Social,Yes,2.7,8.8,Very Low
Good,Heavy,7.7,Energized,Social,No,5.7,4.6,Low
Good,Very Light,9.8,Very Energized,Social,Yes,2.0,11.7,Very Low
Okay,Moderate,7.5,Tired,Minimal,No,5.0,4.4,Normal
Stressed,Very Heavy,5.3,Exhausted,None,No,9.2,1.5,Very High
Okay,Heavy,7.0,Energized,Moderate,Yes,4.8,7.1,Low
Good,Light,7.7,Tired,Moderate,Yes,5.7,5.5,Low
Stressed,Moderate,5.7,Exhausted,Minimal,No,6.5,4.2,High
Okay,Light,6.2,Okay,Social,Yes,4.0,7.4,Normal
Okay,Moderate,9.0,Very Energized,Very Social,Yes,4.8,9.0,Low
Low Mood,Heavy,8.2,Okay,Minimal,No,3.7,7.7,Normal
Low Mood,Light,6.7,Energized,Moderate,Yes,4.3,4.1,Low
Okay,Very Light,7.6,Energized,Moderate,No,3.8,5.4,Low
Great,Very Light,9.8,Very Energized,Very Social,Yes,2.8,8.4,Very Low
Okay,Moderate,6.7,Okay,None,No,5.4,5.8,Normal
Okay,Very Heavy,6.9,Okay,Moderate,Yes,6.9,4.7,Normal
Low Mood,Very Heavy,4.4,Tired,Minimal,No,8.1,3.0,High
Okay,Moderate,7.6,Energized,Minimal,Yes,4.3,7.6,Low
Good,Moderate,8.5,Tired,Moderate,Yes,5.9,5.0,Normal
Low Mood,Light,6.8,Okay,Social,Yes,3.2,7.9,Low
Low Mood,Very Heavy,5.7,Exhausted,None,No,8.1,3.6,Very High
Stressed,Moderate,6.1,Tired,None,Yes,8.2,3.6,High
Stressed,Moderate,6.0,Exhausted,Minimal,No,8.6,2.8,High
Low Mood,Light,8.1,Energized,Minimal,No,5.6,6.5,Normal
Great,Very Light,8.0,Very Energized,Social,Yes,1.4,10.6,Very Low
Stressed,Heavy,5.6,Tired,None,Yes,8.5,5.6,High
Good,Very Light,7.2,Energized,Moderate,Yes,3.5,7.7,Very Low
Stressed,Very Heavy,6.5,Okay,None,No,7.4,4.8,High
Low Mood,Heavy,8.5,Tired,Moderate,Yes,5.0,6.3,Normal
Okay,Moderate,7.7,Energized,Social,Yes,4.3,7.7,Normal
Good,Very Light,7.5,Energized,Moderate,No,4.6,7.4,Very Low
Great,Very Light,8.2,Okay,Very Social,Yes,3.0,7.0,Very Low
Low Mood,Moderate,6.4,Tired,Moderate,Yes,5.5,2.5,Normal
Good,Moderate,9.6,Very Energized,Social,Yes,2.1,9.9,Low
Low Mood,Heavy,5.3,Exhausted,Minimal,No,5.3,2.3,High
Great,Light,7.8,Very Energized,Moderate,No,2.4,6.2,Very Low
Okay,Moderate,7.7,Okay,Social,No,4.3,4.7,Normal
Good,Heavy,7.4,Energized,Social,No,3.4,8.0,Low
Good,Light,6.7,Okay,Social,No,4.9,4.8,Low
Stressed,Heavy,6.1,Exhausted,None,No,5.2,5.2,High
Low Mood,Very Heavy,5.5,Tired,None,No,8.7,2.9,Very High
Low Mood,Heavy,7.7,Energized,Moderate,No,5.1,5.7,Normal
Great,Moderate,9.0,Very Energized,Very Social,Yes,2.3,5.5,Very Low
Okay,Moderate,7.3,Energized,Social,Yes,5.1,6.8,Low
Great,Very Light,9.9,Energized,Social,Yes,1.9,11.0,Very Low
Good,Heavy,7.1,Okay,Minimal,Yes,4.0,7.4,Low
Low Mood,Heavy,7.0,Tired,Moderate,No,3.9,6.1,Normal
Good,Light,8.2,Energized,Moderate,No,4.1,6.1,Low
Stressed,Very Heavy,6.3,Tired,None,No,8.3,4.1,High
Okay,Moderate,8.2,Energized,Moderate,Yes,3.1,7.8,Low
Okay,Light,7.5,Tired,Moderate,No,4.2,6.7,Normal
Low Mood,Heavy,5.7,Tired,Minimal,No,9.3,1.2,High
Good,Moderate,6.4,Energized,Moderate,No,4.7,7.3,Low
Great,Moderate,9.3,Okay,Moderate,Yes,3.7,5.2,Low
Okay,Moderate,7.8,Energized,Moderate,Yes,4.8,7.6,Low
Okay,Very Heavy,5.1,Tired,Minimal,Yes,6.6,5.6,Normal
Low Mood,Very Heavy,4.5,Tired,Minimal,No,8.7,2.4,Very High
Low Mood,Very Heavy,6.4,Tired,Moderate,No,5.2,4.4,High
Stressed,Very Heavy,4.2,Exhausted,Minimal,Yes,8.3,3.1,Very High
Stressed,Very Light,8.4,Energized,Social,Yes,4.3,6.6,Low
Okay,Moderate,8.7,Very Energized,Very Social,No,3.0,7.2,Low
Okay,Very Light,8.2,Energized,Moderate,Yes,3.2,5.1,Low
Low Mood,Very Light,8.2,Tired,Minimal,Yes,3.9,6.6,Low
Low Mood,Heavy,6.9,Exhausted,None,No,5.0,2.8,High
Low Mood,Very Heavy,4.7,Exhausted,None,No,8.2,2.7,Very High
Great,Light,6.2,Energized,Social,No,5.5,4.4,Very Low
Good,Light,9.6,Energized,Social,Yes,2.7,7.6,Very Low
Okay,Moderate,8.8,Energized,Very Social,Yes,2.5,9.9,Low
Stressed,Heavy,5.1,Tired,None,No,7.6,3.3,High
Low Mood,Light,7.0,Energized,Social,Yes,5.2,5.0,Normal
Low Mood,Light,6.8,Okay,None,Yes,6.6,2.1,Normal
Stressed,Very Heavy,4.6,Tired,Minimal,No,9.9,1.3,Very High
Okay,Very Heavy,6.0,Exhausted,Minimal,No,7.2,5.3,High
Good,Very Light,7.3,Okay,Moderate,No,4.8,8.6,Low
Okay,Moderate,8.3,Very Energized,Social,No,2.2,5.6,Low
Good,Light,8.5,Energized,Moderate,No,2.6,7.8,Very Low
Great,Light,8.9,Very Energized,Very Social,No,3.1,8.7,Very Low
Good,Heavy,6.8,Energized,Moderate,Yes,5.1,4.7,Low
Low Mood,Moderate,5.6,Okay,Moderate,No,8.4,5.5,High
Great,Moderate,8.1,Energized,Very Social,Yes,2.1,9.1,Low
Great,Moderate,8.5,Energized,Social,Yes,4.9,9.2,Low
Good,Light,8.6,Energized,Social,Yes,3.3,7.6,Low
Okay,Heavy,5.7,Okay,None,No,5.9,5.9,Normal
Stressed,Very Heavy,5.8,Tired,None,No,8.1,5.3,High
Low Mood,Heavy,7.0,Tired,Moderate,No,5.4,6.2,Normal
Good,Moderate,8.7,Energized,Social,No,2.4,5.3,Low
Okay,Light,7.7,Tired,Minimal,No,3.0,6.9,Normal
Low Mood,Moderate,7.4,Okay,Minimal,No,6.0,4.5,Normal
Good,Very Light,8.5,Very Energized,Very Social,Yes,1.3,9.0,Very Low
Good,Moderate,6.2,Energized,Social,Yes,3.7,6.8,Low
Stressed,Heavy,5.2,Tired,Minimal,No,7.2,2.8,High
Good,Heavy,6.6,Tired,Minimal,No,5.6,5.7,Normal
Great,Very Light,8.2,Very Energized,Social,Yes,1.8,11.0,Very Low
Okay,Very Heavy,6.3,Exhausted,None,Yes,6.1,3.2,High
Okay,Light,6.5,Energized,Minimal,Yes,3.2,5.0,Low
Great,Light,9.0,Okay,Social,Yes,4.1,5.9,Very Low
Stressed,Very Heavy,5.5,Tired,None,No,7.0,3.2,Very High
Stressed,Light,7.8,Energized,Social,No,3.3,4.4,Normal
Great,Very Light,8.2,Energized,Very Social,Yes,5.0,9.7,Very Low
Great,Very Light,8.0,Energized,Moderate,No,3.7,9.3,Very Low
Good,Light,7.9,Energized,Social,Yes,1.1,8.8,Very Low
Stressed,Moderate,5.8,Tired,None,Yes,6.4,5.7,Normal
Good,Light,8.2,Tired,Minimal,No,5.7,7.4,Low
Great,Very Light,8.2,Very Energized,Very Social,Yes,2.3,9.1,Very Low
Good,Heavy,7.8,Energized,Minimal,Yes,4.6,5.9,Low
Good,Light,6.1,Tired,Minimal,Yes,3.2,4.6,Low
Good,Moderate,7.5,Tired,Social,Yes,5.4,6.2,Low
Low Mood,Heavy,5.5,Okay,Moderate,No,8.6,6.0,High
Good,Very Light,9.7,Energized,Social,Yes,3.9,10.6,Very Low
Good,Moderate,6.6,Energized,Social,Yes,3.9,4.1,Low
Low Mood,Very Heavy,5.4,Exhausted,None,No,7.3,2.6,High
Stressed,Light,5.7,Exhausted,None,Yes,8.3,2.4,High
Okay,Very Heavy,6.3,Tired,Moderate,No,6.7,2.0,High
Good,Light,7.5,Energized,Very Social,Yes,2.4,9.5,Very Low
Low Mood,Very Heavy,4.0,Exhausted,Minimal,No,7.5,1.8,Very High
Good,Heavy,8.5,Energized,Moderate,Yes,3.3,6.5,Low
Good,Heavy,6.4,Energized,Minimal,Yes,5.7,7.1,Normal
Stressed,Moderate,6.7,Tired,Minimal,No,7.3,4.7,High
Good,Heavy,7.1,Energized,Minimal,No,5.1,7.6,Low
Good,Moderate,8.4,Tired,Social,Yes,5.8,4.8,Low
Great,Light,7.9,Very Energized,Very Social,Yes,2.0,8.5,Very Low
Okay,Very Heavy,6.1,Tired,None,No,5.9,2.5,Normal
Good,Light,7.8,Energized,Very Social,Yes,1.9,11.6,Very Low
Okay,Heavy,6.2,Tired,Moderate,Yes,5.3,6.9,Normal
Good,Moderate,9.1,Very Energized,Social,Yes,2.1,7.9,Very Low
Good,Moderate,7.5,Tired,Minimal,Yes,3.7,5.0,Normal
Low Mood,Moderate,6.2,Exhausted,Moderate,Yes,5.8,3.1,Normal
Low Mood,Heavy,5.1,Okay,Minimal,No,5.3,4.6,Normal
Low Mood,Very Heavy,5.5,Tired,None,No,6.6,2.5,High
Low Mood,Moderate,7.5,Energized,Minimal,No,4.2,6.7,Normal
Low Mood,Very Heavy,4.4,Tired,Minimal,No,9.5,2.8,High
Stressed,Very Heavy,4.9,Tired,Minimal,No,8.9,1.2,Very High
Great,Very Light,8.1,Very Energized,Moderate,No,4.6,7.2,Very Low
Low Mood,Light,8.0,Tired,Minimal,No,3.3,5.0,Normal
Okay,Very Heavy,6.8,Exhausted,None,Yes,8.5,3.6,High
Okay,Light,8.4,Energized,Very Social,No,4.4,8.0,Low
Stressed,Heavy,5.4,Exhausted,None,No,7.4,2.6,High
Stressed,Heavy,6.4,Okay,None,Yes,5.7,2.8,Normal
Good,Light,6.3,Energized,Moderate,No,5.9,7.5,Low
Okay,Moderate,5.6,Okay,Minimal,Yes,7.9,3.9,Normal
Good,Moderate,9.5,Energized,Very Social,Yes,2.2,7.4,Low
Good,Moderate,6.5,Energized,Social,No,4.5,5.0,Low
Low Mood,Very Heavy,6.9,Okay,Moderate,No,5.5,5.9,Normal
Stressed,Heavy,6.7,Exhausted,Moderate,No,5.9,3.4,High
Good,Moderate,6.1,Tired,Social,No,4.0,6.8,Low
Okay,Moderate,5.0,Okay,Minimal,No,8.3,4.1,Normal
Good,Heavy,7.9,Energized,Social,Yes,3.7,4.3,Low
Okay,Very Heavy,6.7,Energized,Minimal,Yes,4.3,5.7,Normal
Good,Light,6.3,Energized,Minimal,Yes,5.8,7.0,Low
Good,Very Light,9.3,Very Energized,Moderate,Yes,2.7,6.6,Very Low
Good,Heavy,7.7,Tired,Minimal,No,4.3,7.1,Normal
Okay,Heavy,5.2,Exhausted,None,No,8.3,4.6,High
Low Mood,Very Heavy,6.2,Okay,Minimal,Yes,5.4,6.2,High
Low Mood,Light,8.1,Energized,Social,No,3.5,5.6,Low
Okay,Very Heavy,5.8,Tired,Minimal,No,8.0,3.5,Normal
Good,Heavy,7.5,Okay,Minimal,Yes,3.9,7.0,Normal
Stressed,Very Heavy,5.2,Tired,Minimal,No,8.1,2.8,Very High
Okay,Heavy,6.5,Energized,Social,Yes,5.7,5.6,Normal
Stressed,Moderate,5.5,Tired,Moderate,No,6.5,5.6,High
Stressed,Heavy,5.9,Tired,Minimal,No,8.3,2.4,High
Stressed,Very Heavy,6.3,Tired,Minimal,No,5.8,3.0,High
Okay,Light,6.3,Okay,Minimal,Yes,5.0,5.0,Low
Stressed,Heavy,5.5,Tired,None,No,7.5,1.2,High
Low Mood,Heavy,6.6,Tired,Moderate,No,5.8,3.8,High
Low Mood,Heavy,5.3,Tired,Minimal,No,9.2,2.0,High
Okay,Moderate,6.8,Tired,Social,No,5.4,6.7,Normal
Okay,Moderate,7.0,Okay,Minimal,No,7.3,5.6,Normal
Okay,Heavy,6.0,Tired,None,No,5.3,3.3,High
Great,Very Light,7.6,Very Energized,Social,Yes,1.1,10.6,Very Low
Okay,Moderate,7.1,Tired,Social,No,6.0,4.6,Normal
Good,Heavy,6.6,Energized,Moderate,Yes,3.2,5.8,Low
Okay,Moderate,7.3,Energized,Social,No,3.2,5.9,Low
Okay,Very Heavy,6.3,Okay,Moderate,No,7.0,4.1,Normal
Low Mood,Heavy,6.0,Tired,Social,Yes,4.1,4.8,Normal
Low Mood,Heavy,4.4,Tired,None,No,9.1,2.9,High
Good,Very Light,9.3,Very Energized,Social,Yes,2.4,11.2,Very Low
Good,Light,7.4,Okay,Very Social,No,3.0,7.9,Low
Great,Very Light,9.0,Energized,Social,Yes,1.3,7.0,Very Low
Low Mood,Moderate,7.8,Tired,Social,No,3.8,6.1,Normal
Great,Very Light,8.7,Very Energized,Very Social,Yes,1.7,7.4,Very Low
Great,Very Light,9.3,Very Energized,Social,Yes,3.3,8.7,Very Low
Stressed,Heavy,4.3,Tired,Minimal,Yes,8.2,3.3,High
Okay,Heavy,8.2,Tired,Minimal,Yes,4.6,4.1,Normal
Great,Light,9.7,Energized,Social,Yes,1.2,7.2,Very Low
Good,Light,8.0,Energized,Very Social,Yes,2.3,10.5,Very Low
Good,Moderate,7.9,Very Energized,Social,Yes,2.1,5.2,Very Low
Good,Moderate,7.5,Tired,Minimal,No,3.3,5.8,Normal
Great,Light,9.2,Very Energized,Social,Yes,2.7,8.7,Very Low
Low Mood,Moderate,5.4,Tired,Minimal,No,7.8,4.9,High
Okay,Light,7.2,Okay,Minimal,Yes,4.8,4.3,Low
Good,Light,8.8,Energized,Very Social,Yes,1.2,11.0,Very Low
Good,Light,6.1,Okay,Moderate,No,4.0,5.9,Low
Low Mood,Moderate,5.8,Exhausted,None,Yes,6.0,5.6,Normal
Stressed,Very Heavy,6.4,Exhausted,None,Yes,7.3,5.5,Very High
Low Mood,Heavy,5.6,Exhausted,None,No,7.9,2.4,High
Great,Moderate,8.5,Very Energized,Social,Yes,3.0,9.4,Very Low
Good,Light,7.2,Very Energized,Very Social,Yes,3.3,9.0,Very Low
Good,Light,7.2,Okay,Minimal,Yes,4.7,7.2,Low
Great,Light,8.8,Energized,Very Social,Yes,1.8,9.5,Very Low
Good,Heavy,7.8,Okay,Social,Yes,5.9,4.6,Low
Great,Very Light,9.7,Very Energized,Social,Yes,1.9,11.2,Very Low
Great,Light,7.1,Energized,Moderate,Yes,3.1,7.5,Very Low
Stressed,Very Heavy,4.7,Tired,Minimal,No,7.7,3.0,Very High
Good,Light,9.4,Very Energized,Very Social,Yes,4.7,8.5,Very Low
Okay,Moderate,8.2,Okay,Social,No,3.5,7.9,Low
Great,Moderate,7.0,Energized,Moderate,No,3.6,6.3,Low
Good,Light,9.3,Energized,Social,Yes,2.5,8.8,Very Low
Good,Light,8.3,Very Energized,Very Social,Yes,1.4,7.7,Very Low
Low Mood,Heavy,5.0,Tired,Minimal,No,6.7,5.3,High
Okay,Moderate,6.8,Tired,None,Yes,8.1,2.6,High
Good,Light,6.5,Energized,Social,Yes,5.4,7.3,Low
Stressed,Moderate,5.1,Tired,None,Yes,7.4,2.4,Normal
Low Mood,Light,7.8,Okay,Social,Yes,3.1,7.7,Low
Stressed,Heavy,5.2,Exhausted,Minimal,No,8.8,3.5,Very High
Low Mood,Heavy,7.6,Okay,Minimal,Yes,4.1,4.6,Normal
Low Mood,Very Light,7.4,Okay,Moderate,Yes,2.7,6.7,Low
Low Mood,Heavy,4.5,Tired,None,No,8.4,1.4,High
Good,Heavy,6.7,Okay,Social,Yes,5.3,7.3,Normal
Stressed,Heavy,6.4,Okay,Moderate,No,5.1,2.4,High
Good,Very Heavy,7.7,Tired,Minimal,No,3.1,5.4,Normal
Low Mood,Moderate,7.7,Energized,Minimal,No,4.8,7.8,Normal
Stressed,Very Heavy,4.7,Tired,Minimal,No,7.1,2.8,Very High
Okay,Very Heavy,6.0,Tired,Minimal,Yes,5.2,3.9,High
Low Mood,Light,6.0,Okay,Social,No,4.8,6.7,Normal
Stressed,Moderate,6.4,Tired,None,No,5.8,3.9,High
Low Mood,Heavy,5.6,Tired,Minimal,No,8.3,1.7,High
Okay,Moderate,6.7,Okay,Moderate,No,5.4,5.4,Normal
Okay,Moderate,8.3,Tired,Social,Yes,4.5,5.4,Low
Good,Light,6.9,Tired,Minimal,Yes,5.2,5.3,Low
Okay,Moderate,6.7,Tired,None,No,8.8,2.5,Normal
Okay,Very Heavy,6.8,Okay,None,No,6.8,2.3,High
Great,Heavy,7.4,Energized,Moderate,Yes,5.6,6.9,Low
Good,Very Light,8.5,Energized,Social,Yes,3.4,9.4,Very Low
Great,Very Light,8.3,Very Energized,Social,Yes,2.4,7.2,Very Low
Great,Very Light,9.3,Energized,Very Social,Yes,1.5,9.2,Very Low
Stressed,Very Heavy,5.7,Exhausted,Moderate,No,5.3,2.4,Very High
Good,Light,7.9,Very Energized,Social,Yes,2.6,9.8,Very Low
Great,Very Light,9.1,Energized,Social,No,3.8,8.9,Very Low
Low Mood,Light,7.9,Tired,Social,Yes,4.4,7.7,Normal
Good,Light,9.7,Energized,Social,Yes,1.1,9.0,Low
Stressed,Heavy,5.2,Tired,None,No,8.0,4.9,Very High
Low Mood,Very Heavy,4.5,Tired,Minimal,No,8.2,3.6,High
Low Mood,Very Heavy,6.8,Tired,Moderate,Yes,8.7,2.3,Normal
Low Mood,Moderate,7.7,Energized,Social,No,4.2,7.4,Low
Low Mood,Light,6.1,Energized,Moderate,Yes,5.8,5.8,Low
Low Mood,Heavy,5.4,Tired,None,Yes,7.5,1.3,Normal
Great,Light,9.3,Energized,Social,Yes,2.1,8.8,Very Low
Okay,Moderate,6.7,Okay,None,No,7.6,3.0,Normal
Stressed,Very Heavy,6.0,Tired,Minimal,Yes,7.9,5.7,High
Great,Light,9.8,Energized,Very Social,Yes,2.0,11.9,Very Low
Good,Very Light,7.6,Okay,Very Social,Yes,4.3,6.0,Very Low
Good,Light,8.3,Tired,Social,No,5.6,7.7,Low
Stressed,Heavy,5.9,Okay,None,No,7.7,2.7,High
Great,Very Light,9.1,Energized,Very Social,Yes,1.8,8.2,Very Low
Good,Light,8.1,Energized,Moderate,No,4.1,6.6,Very Low
Good,Moderate,8.3,Very Energized,Social,Yes,2.6,9.6,Very Low
Great,Very Light,9.7,Energized,Very Social,Yes,1.7,8.1,Very Low
Low Mood,Moderate,5.3,Tired,None,No,5.7,4.8,High
Okay,Moderate,7.8,Very Energized,Social,Yes,4.5,6.9,Low
Okay,Light,9.1,Energized,Very Social,Yes,1.9,7.5,Very Low
Low Mood,Light,6.4,Tired,Minimal,No,6.5,3.5,Normal
Great,Heavy,7.3,Very Energized,Moderate,Yes,2.2,6.6,Low
Stressed,Heavy,5.4,Tired,None,Yes,6.1,5.0,Normal
Okay,Moderate,6.8,Okay,Minimal,No,5.1,3.5,Normal
Low Mood,Heavy,6.5,Okay,Minimal,No,5.6,5.0,Normal
Great,Very Light,8.0,Okay,Very Social,Yes,3.5,5.2,Very Low
Okay,Light,8.0,Okay,Moderate,Yes,2.0,5.1,Low
Stressed,Moderate,5.3,Tired,None,No,5.3,5.6,Normal
Stressed,Very Heavy,4.1,Exhausted,None,No,8.6,1.5,Very High
Okay,Very Heavy,6.0,Tired,Moderate,No,7.4,2.5,Normal
Good,Very Light,8.2,Energized,Social,Yes,2.3,11.3,Very Low
Okay,Moderate,5.8,Okay,None,No,5.7,4.1,Normal
Low Mood,Heavy,6.1,Tired,Moderate,No,3.6,8.0,Normal
Low Mood,Light,8.5,Energized,Moderate,Yes,4.5,6.5,Low
Great,Very Light,8.9,Very Energized,Very Social,Yes,4.4,6.5,Very Low
Stressed,Very Heavy,5.1,Okay,Minimal,No,5.9,5.9,High
Okay,Light,6.2,Energized,Moderate,No,4.1,7.6,Low
Okay,Moderate,7.5,Okay,Moderate,Yes,2.3,9.7,Low
Great,Moderate,7.3,Energized,Social,No,3.6,6.3,Low
Low Mood,Moderate,6.7,Tired,None,No,7.3,5.8,Normal
Good,Light,7.9,Very Energized,Very Social,No,2.9,9.7,Very Low
Stressed,Very Heavy,7.0,Okay,None,No,8.3,4.9,High
Okay,Moderate,8.0,Okay,Moderate,Yes,4.2,8.9,Low
Okay,Moderate,7.1,Tired,Moderate,Yes,4.0,4.1,Normal
Great,Light,8.8,Very Energized,Social,Yes,1.1,9.4,Very Low
Good,Moderate,7.2,Energized,Very Social,No,2.7,9.3,Low
Stressed,Very Heavy,4.1,Exhausted,None,No,7.9,3.3,Very High
Low Mood,Heavy,6.9,Tired,Social,Yes,4.9,4.0,Normal
Great,Light,8.8,Energized,Social,Yes,3.2,11.8,Very Low
Great,Moderate,7.3,Okay,Moderate,Yes,4.9,7.0,Low
Great,Very Light,8.1,Okay,Moderate,Yes,4.2,8.7,Very Low
Okay,Very Light,8.3,Energized,Moderate,Yes,2.1,5.5,Low
Okay,Very Heavy,5.3,Exhausted,Moderate,Yes,6.7,5.6,Normal
Great,Light,7.8,Energized,Social,Yes,2.3,8.4,Very Low
Low Mood,Heavy,7.1,Okay,Social,No,5.3,5.3,Normal
Okay,Moderate,5.7,Okay,Moderate,No,6.8,5.0,Normal
Okay,Heavy,7.2,Okay,Moderate,No,3.1,6.9,Normal
Great,Very Light,8.4,Energized,Very Social,Yes,2.9,8.6,Very Low
Okay,Very Light,7.7,Energized,Social,Yes,2.8,9.5,Very Low
Good,Very Light,7.6,Very Energized,Very Social,Yes,1.6,11.2,Very Low
Low Mood,Moderate,6.3,Tired,Minimal,No,8.9,5.7,Normal
Great,Light,8.2,Energized,Social,Yes,4.7,7.8,Very Low
Okay,Very Light,9.0,Okay,Social,No,3.3,8.9,Low
Okay,Moderate,6.8,Okay,None,Yes,6.0,4.8,Normal
Stressed,Very Heavy,4.6,Tired,Minimal,Yes,9.1,3.2,Very High
Low Mood,Light,7.0,Energized,Moderate,Yes,4.1,4.2,Low
Stressed,Heavy,4.6,Tired,None,No,7.7,2.8,Very High
Low Mood,Very Heavy,6.2,Tired,Minimal,Yes,7.4,5.9,High
Good,Light,9.6,Very Energized,Social,Yes,1.6,10.2,Very Low
Low Mood,Very Heavy,4.6,Exhausted,None,No,7.7,2.7,High
Okay,Moderate,5.6,Exhausted,None,Yes,7.2,3.4,Normal
Low Mood,Heavy,8.0,Okay,Moderate,No,5.6,4.2,High
Okay,Moderate,9.2,Very Energized,Social,Yes,4.9,8.4,Low
Great,Light,8.7,Energized,Very Social,Yes,2.0,9.2,Very Low
Good,Moderate,9.4,Very Energized,Very Social,No,3.8,9.4,Low
Stressed,Moderate,6.2,Tired,Social,Yes,5.6,5.3,Normal
Good,Light,7.9,Energized,Moderate,Yes,2.3,8.1,Low
Good,Very Light,8.3,Very Energized,Moderate,Yes,3.9,7.4,Very Low
Stressed,Heavy,4.5,Tired,Minimal,No,7.2,3.6,Very High
Good,Light,8.9,Very Energized,Social,Yes,3.1,9.6,Very Low
Good,Very Light,8.6,Very Energized,Social,Yes,1.4,9.7,Very Low
Great,Moderate,8.9,Very Energized,Moderate,Yes,4.9,8.6,Very Low
Great,Very Light,7.7,Okay,Social,No,4.1,9.5,Low
Okay,Moderate,9.3,Very Energized,Social,Yes,3.3,6.9,Low
Low Mood,Heavy,4.2,Tired,Minimal,No,8.3,3.4,High
Okay,Moderate,5.6,Okay,None,Yes,5.7,4.9,Normal
Stressed,Heavy,5.0,Exhausted,None,No,7.4,2.3,Very High
Good,Light,7.6,Tired,Moderate,Yes,6.0,5.0,Very Low
Okay,Moderate,8.8,Very Energized,Moderate,Yes,3.7,5.1,Low
Okay,Moderate,8.8,Energized,Social,Yes,3.7,8.5,Normal
Stressed,Heavy,4.0,Tired,None,No,7.4,3.5,Very High
Good,Very Light,7.7,Energized,Very Social,No,1.2,7.8,Very Low
Stressed,Heavy,5.3,Okay,None,Yes,7.7,5.5,High
Good,Light,9.2,Energized,Very Social,Yes,1.0,8.6,Very Low
Good,Heavy,7.4,Energized,Social,No,5.6,6.5,Low
Good,Moderate,6.9,Okay,Minimal,No,4.5,6.5,Low
Good,Light,7.9,Okay,Moderate,No,5.2,5.5,Low
Good,Very Light,9.7,Energized,Very Social,Yes,2.0,9.9,Very Low
Okay,Very Heavy,6.2,Exhausted,Minimal,No,7.3,6.0,High
Okay,Light,10.0,Very Energized,Very Social,Yes,2.0,7.3,Very Low
Low Mood,Very Heavy,4.2,Tired,None,No,7.1,3.7,High
Good,Light,7.0,Okay,Very Social,Yes,2.4,6.6,Low
Stressed,Heavy,6.5,Exhausted,Moderate,Yes,5.8,2.5,High
Stressed,Heavy,5.6,Okay,None,No,8.3,2.9,High
Good,Light,6.3,Okay,Minimal,Yes,5.8,4.8,Low
Low Mood,Very Heavy,5.5,Tired,Minimal,No,5.9,4.7,Very High
Okay,Heavy,5.2,Exhausted,None,No,5.9,5.2,High
Good,Very Light,8.7,Okay,Moderate,Yes,3.0,6.6,Very Low
Okay,Moderate,8.0,Very Energized,Very Social,Yes,2.7,5.7,Low
Good,Light,7.6,Energized,Very Social,Yes,2.1,10.0,Very Low
Stressed,Moderate,5.0,Exhausted,None,No,9.3,2.8,High
Good,Light,7.4,Energized,Social,Yes,4.3,7.0,Very Low
Good,Heavy,7.9,Okay,Moderate,Yes,4.3,6.8,Low
Low Mood,Heavy,7.9,Energized,Moderate,Yes,3.6,7.3,Low
Okay,Light,7.3,Very Energized,Social,Yes,4.9,8.2,Low
Stressed,Heavy,4.2,Tired,Minimal,No,7.5,1.5,Very High
Good,Very Light,7.6,Very Energized,Social,Yes,1.2,11.8,Very Low
Good,Moderate,7.7,Okay,Social,Yes,4.2,8.1,Low
Low Mood,Heavy,6.6,Tired,Social,Yes,5.1,6.1,Normal
Good,Very Light,9.3,Okay,Very Social,Yes,2.1,9.2,Very Low
Low Mood,Light,8.2,Tired,Moderate,No,5.1,5.0,Normal
Stressed,Moderate,5.4,Exhausted,Minimal,No,5.9,5.4,High
Low Mood,Heavy,6.0,Exhausted,None,No,5.7,5.3,High
Stressed,Heavy,4.6,Exhausted,None,No,9.5,3.2,Very High
Stressed,Moderate,6.2,Exhausted,Minimal,No,5.2,5.0,High
Good,Light,8.7,Okay,Very Social,Yes,4.5,6.0,Normal
Okay,Moderate,8.1,Okay,Social,Yes,3.4,7.8,Low
Great,Light,9.7,Energized,Social,Yes,1.9,11.2,Very Low
Low Mood,Heavy,6.9,Tired,Minimal,Yes,3.4,5.8,Normal
Great,Very Light,9.2,Okay,Moderate,Yes,3.3,7.8,Very Low
Good,Very Light,7.1,Okay,Very Social,No,4.2,5.0,Low
Great,Light,7.8,Very Energized,Social,Yes,1.7,7.0,Very Low
Low Mood,Heavy,7.6,Energized,Moderate,Yes,5.0,4.5,Normal
Good,Heavy,7.0,Tired,Minimal,No,4.6,5.7,Normal
Low Mood,Very Heavy,4.3,Tired,Minimal,No,10.0,1.4,High
Stressed,Heavy,5.0,Okay,None,Yes,6.9,2.1,High
Great,Moderate,7.8,Very Energized,Social,No,3.0,5.9,Very Low
Good,Moderate,8.8,Very Energized,Moderate,Yes,4.9,6.2,Very Low
Okay,Very Heavy,5.0,Tired,None,No,6.1,4.0,High
Great,Light,8.9,Very Energized,Very Social,Yes,3.7,11.6,Very Low
Okay,Moderate,7.6,Very Energized,Social,Yes,2.2,5.9,Low
Okay,Moderate,5.5,Tired,None,No,5.2,2.0,Normal
Great,Very Light,7.8,Okay,Very Social,Yes,3.6,7.1,Very Low
Okay,Moderate,7.8,Okay,Minimal,Yes,4.4,7.7,Normal
Good,Light,7.1,Tired,Moderate,No,4.7,4.1,Low
Low Mood,Moderate,6.0,Okay,Minimal,No,6.8,5.4,Normal
Okay,Very Heavy,5.0,Exhausted,None,No,8.7,3.2,Very High
Stressed,Heavy,5.8,Okay,Minimal,No,5.6,4.6,High
Great,Moderate,9.3,Very Energized,Social,Yes,3.4,8.3,Very Low
Low Mood,Heavy,5.5,Exhausted,Moderate,Yes,6.8,3.1,High
Good,Heavy,7.3,Tired,Moderate,Yes,3.2,6.2,Normal
Okay,Light,6.6,Energized,Social,No,4.8,5.8,Low
Great,Light,7.2,Okay,Moderate,Yes,3.0,8.1,Low
Good,Light,8.7,Energized,Social,No,2.6,5.3,Very Low
Okay,Very Light,7.8,Very Energized,Social,Yes,1.7,7.7,Very Low
Okay,Light,7.3,Energized,Very Social,Yes,3.4,5.6,Low
Okay,Moderate,8.4,Tired,Moderate,Yes,3.5,4.9,Low
Low Mood,Light,6.4,Energized,Social,No,5.1,4.9,Normal
Great,Moderate,8.7,Energized,Moderate,Yes,4.3,6.7,Very Low
Low Mood,Heavy,7.0,Tired,Moderate,No,5.6,2.0,High
Okay,Heavy,6.5,Exhausted,Minimal,No,6.2,5.8,Normal
Good,Moderate,6.8,Tired,Moderate,No,4.0,4.7,Normal
Good,Moderate,6.8,Okay,Social,No,3.6,7.2,Low
Low Mood,Very Heavy,4.3,Tired,None,No,8.7,3.6,High
Good,Very Light,8.5,Energized,Very Social,Yes,3.1,9.5,Very Low
Low Mood,Heavy,4.3,Exhausted,Minimal,No,9.4,3.9,High
Low Mood,Light,7.2,Okay,Minimal,Yes,3.2,7.6,Normal
Good,Moderate,8.2,Energized,Very Social,Yes,1.6,10.2,Very Low
Good,Light,9.4,Energized,Social,Yes,3.0,11.9,Very Low
Okay,Moderate,6.8,Exhausted,None,No,5.8,5.2,Normal
Okay,Heavy,6.8,Tired,None,No,7.2,2.7,Normal
Low Mood,Heavy,6.2,Exhausted,Minimal,Yes,8.2,2.6,High
Good,Heavy,5.3,Exhausted,None,Yes,7.7,5.9,Normal
Okay,Very Light,7.1,Very Energized,Very Social,Yes,3.5,6.7,Very Low
Stressed,Heavy,6.9,Tired,Moderate,Yes,6.1,5.3,Normal
Low Mood,Moderate,7.8,Tired,Social,Yes,5.8,5.9,Low
Stressed,Very Heavy,6.8,Exhausted,Minimal,No,5.6,5.0,Very High
Low Mood,Very Heavy,4.2,Exhausted,None,No,7.9,3.8,Very High
Stressed,Heavy,5.9,Okay,None,Yes,6.9,5.8,High
Good,Light,7.5,Energized,Social,Yes,1.8,11.1,Very Low
Good,Light,6.3,Tired,Moderate,Yes,3.2,5.9,Low
Low Mood,Very Heavy,7.2,Tired,Social,Yes,4.6,6.1,High
Okay,Very Heavy,5.0,Exhausted,Moderate,No,6.9,4.4,Very High
Okay,Moderate,6.0,Tired,Moderate,No,6.5,5.5,Normal
Okay,Moderate,6.3,Tired,Moderate,Yes,3.6,5.8,Normal
Okay,Light,6.4,Okay,Minimal,Yes,5.7,7.0,Low
Good,Very Light,9.0,Very Energized,Moderate,Yes,3.5,8.4,Very Low
Okay,Heavy,5.9,Exhausted,None,No,8.1,2.6,High
Great,Light,8.8,Energized,Moderate,No,3.2,7.0,Very Low
Good,Moderate,7.1,Tired,Moderate,Yes,3.1,6.3,Low
Low Mood,Heavy,6.0,Okay,Moderate,Yes,3.4,5.0,Normal
Good,Moderate,6.4,Tired,Social,Yes,5.3,6.8,Low
Good,Light,8.5,Energized,Social,Yes,3.1,7.4,Low
Okay,Heavy,6.3,Okay,Social,No,3.5,4.3,Normal
Okay,Light,8.0,Okay,Minimal,No,5.9,5.9,Low
Good,Light,6.2,Okay,Minimal,No,5.4,7.6,Low
Great,Light,8.0,Okay,Social,Yes,3.3,5.2,Very Low
Okay,Heavy,7.8,Okay,Minimal,No,3.8,5.7,Normal
Stressed,Moderate,5.5,Exhausted,Moderate,No,7.2,2.0,High
Low Mood,Moderate,6.1,Exhausted,Minimal,No,5.9,4.0,High
Stressed,Very Heavy,6.8,Tired,Moderate,No,7.1,3.1,High
Stressed,Heavy,5.1,Exhausted,Minimal,No,8.9,4.8,Very High
Low Mood,Very Heavy,5.0,Tired,None,No,9.4,1.3,High
Low Mood,Very Heavy,6.0,Exhausted,None,No,6.5,3.6,High
Low Mood,Heavy,6.0,Tired,Minimal,No,8.0,2.7,High
Okay,Light,7.2,Energized,Moderate,Yes,4.0,5.8,Low
Okay,Heavy,5.0,Exhausted,Minimal,Yes,8.9,2.6,High
Great,Very Light,8.3,Very Energized,Very Social,No,2.2,8.1,Very Low
Okay,Light,7.4,Very Energized,Moderate,Yes,3.5,6.1,Low
Low Mood,Very Heavy,6.0,Okay,Moderate,No,7.1,2.5,High
Okay,Very Light,8.4,Energized,Very Social,Yes,1.4,10.5,Low
Okay,Moderate,7.0,Tired,Minimal,No,5.8,4.2,Normal
Low Mood,Very Heavy,5.2,Tired,Minimal,No,7.5,3.9,High
Low Mood,Light,7.3,Okay,Moderate,Yes,4.2,7.8,Low
Okay,Heavy,8.5,Energized,Minimal,No,3.7,7.4,Normal
Okay,Moderate,6.3,Tired,Moderate,No,3.5,6.0,Normal
Low Mood,Very Heavy,5.7,Tired,None,No,7.3,3.9,High
Good,Light,9.5,Very Energized,Very Social,Yes,2.7,8.9,Very Low
Great,Light,8.1,Energized,Social,No,2.9,11.6,Very Low
Okay,Heavy,8.0,Energized,Minimal,No,4.8,4.9,Low
Low Mood,Heavy,6.5,Exhausted,Moderate,Yes,6.4,2.5,Normal
Great,Moderate,8.9,Okay,Social,No,4.1,8.5,Low
Low Mood,Moderate,5.9,Exhausted,Minimal,No,7.7,2.3,High
Low Mood,Heavy,4.8,Exhausted,None,No,9.7,1.4,High
Low Mood,Heavy,7.6,Energized,Social,No,4.9,7.9,Normal
Stressed,Heavy,6.2,Okay,Social,No,5.2,6.3,High
Great,Light,8.9,Very Energized,Very Social,Yes,3.1,11.2,Very Low
Great,Very Light,7.6,Very Energized,Very Social,Yes,3.2,9.6,Very Low
Good,Light,6.5,Energized,Minimal,No,3.8,5.0,Low
Okay,Heavy,7.1,Energized,Moderate,No,5.1,6.2,Normal
Okay,Very Heavy,4.5,Tired,Minimal,No,8.4,2.5,High
Good,Moderate,9.0,Energized,Social,Yes,3.2,9.6,Very Low
Okay,Moderate,7.5,Energized,Social,Yes,3.3,8.7,Low
Stressed,Very Heavy,4.5,Tired,None,No,9.3,3.1,Very High
Okay,Moderate,7.9,Tired,Minimal,Yes,5.8,4.0,Normal
Good,Moderate,6.4,Energized,Moderate,Yes,4.6,6.8,Low
Okay,Light,7.1,Tired,Minimal,Yes,3.7,4.5,Normal
Okay,Light,8.3,Very Energized,Very Social,Yes,3.3,8.7,Low
Low Mood,Light,8.2,Tired,Moderate,No,3.5,5.8,Normal
Okay,Moderate,7.6,Tired,Moderate,No,5.4,7.8,Normal
Good,Heavy,6.8,Tired,Social,No,5.3,6.3,Low
Low Mood,Heavy,5.0,Tired,Minimal,No,7.8,2.8,High
Good,Moderate,7.1,Tired,Minimal,Yes,4.6,6.8,Low
Low Mood,Heavy,8.1,Energized,Social,No,4.4,5.1,Normal
Good,Moderate,8.1,Energized,Moderate,Yes,5.1,6.3,Low
Okay,Very Light,7.9,Very Energized,Very Social,Yes,4.0,7.4,Very Low
Okay,Heavy,7.6,Energized,Social,Yes,3.9,7.5,Low
Good,Light,7.8,Okay,Social,No,4.6,5.1,Low
Low Mood,Heavy,6.7,Exhausted,Minimal,No,6.0,3.4,High
Great,Very Light,9.2,Okay,Social,No,2.7,7.1,Very Low
Stressed,Very Heavy,4.4,Exhausted,None,No,7.4,3.5,Very High
Low Mood,Light,7.5,Tired,Moderate,No,3.8,4.7,Normal
Stressed,Heavy,5.6,Exhausted,Moderate,No,6.4,4.5,High
Great,Light,9.4,Very Energized,Very Social,Yes,4.6,8.3,Very Low
Good,Light,8.3,Very Energized,Very Social,Yes,4.2,9.1,Very Low
Stressed,Light,6.2,Tired,Minimal,No,7.8,2.7,Normal
Stressed,Heavy,7.2,Energized,Minimal,Yes,3.8,4.3,Normal
Good,Very Light,7.6,Energized,Social,Yes,3.5,7.1,Very Low
Okay,Light,8.0,Energized,Very Social,Yes,5.0,8.8,Low
Good,Moderate,6.5,Tired,Minimal,No,3.7,5.5,Normal
Good,Light,7.9,Energized,Social,Yes,3.3,7.2,Very Low
Okay,Heavy,6.8,Exhausted,None,No,8.4,2.5,High
Great,Light,9.4,Energized,Very Social,Yes,2.7,9.8,Very Low
Okay,Light,6.4,Tired,Moderate,No,5.6,7.6,Normal
Stressed,Moderate,6.6,Okay,Moderate,No,5.1,3.6,Normal
Good,Light,8.5,Energized,Social,Yes,3.4,9.2,Very Low
Good,Heavy,8.4,Okay,Moderate,Yes,3.5,7.2,Low
Low Mood,Heavy,5.2,Tired,None,No,8.7,5.5,High
Good,Light,7.7,Okay,Social,Yes,4.3,5.1,Low
Stressed,Moderate,4.6,Tired,None,No,9.7,3.6,High
Low Mood,Moderate,5.3,Okay,Minimal,Yes,6.9,5.9,Normal
Low Mood,Light,6.4,Tired,Minimal,No,4.7,5.6,Normal
Low Mood,Heavy,6.5,Tired,Social,Yes,5.7,5.6,Normal
Good,Moderate,9.2,Energized,Moderate,Yes,4.0,5.8,Low
Stressed,Heavy,5.1,Exhausted,None,No,8.6,1.6,Very High
Great,Moderate,7.9,Okay,Social,No,2.4,7.8,Low
Great,Light,8.6,Very Energized,Very Social,Yes,1.7,8.5,Very Low
Low Mood,Very Heavy,5.4,Okay,Minimal,No,7.1,3.4,Normal
Okay,Light,7.3,Energized,Minimal,No,5.4,4.0,Low
Low Mood,Heavy,7.3,Energized,Social,Yes,5.5,6.5,Normal
Okay,Very Heavy,5.0,Okay,Minimal,Yes,7.0,5.6,High
Okay,Light,6.4,Energized,Minimal,Yes,5.7,8.0,Low
Okay,Light,7.9,Energized,Very Social,Yes,3.2,5.1,Low
Good,Moderate,9.4,Energized,Very Social,Yes,2.3,7.6,Low
Great,Very Light,8.6,Okay,Very Social,Yes,3.7,9.6,Very Low
Stressed,Heavy,5.5,Tired,None,No,8.7,1.2,High
Great,Very Light,7.6,Very Energized,Social,Yes,3.9,9.7,Very Low
Low Mood,Heavy,6.5,Energized,Minimal,Yes,5.7,7.3,Normal
Stressed,Very Heavy,6.1,Okay,Moderate,No,6.7,4.8,High
Great,Very Light,7.1,Very Energized,Social,No,4.7,7.8,Very Low
Okay,Moderate,5.9,Tired,Moderate,No,6.3,2.3,Normal
Stressed,Heavy,5.2,Exhausted,Minimal,No,9.2,2.1,Very High
Stressed,Heavy,5.7,Tired,None,No,7.1,3.5,Very High
Low Mood,Very Heavy,4.2,Exhausted,Minimal,No,8.4,2.1,Very High
Okay,Very Light,8.8,Okay,Social,Yes,2.5,6.0,Low
Low Mood,Moderate,5.8,Exhausted,Moderate,Yes,7.5,5.3,Normal
Great,Very Light,9.7,Energized,Very Social,Yes,1.8,11.3,Very Low
Low Mood,Very Light,8.1,Energized,Moderate,Yes,4.3,7.9,Low
Good,Heavy,7.6,Okay,Minimal,No,4.7,8.0,Normal
Stressed,Very Heavy,5.5,Tired,None,No,8.8,3.2,Very High
Low Mood,Very Heavy,6.7,Okay,Moderate,Yes,8.2,5.5,Normal
Great,Very Light,7.6,Energized,Social,No,2.3,7.6,Very Low
Good,Heavy,7.8,Tired,Minimal,Yes,4.6,4.8,Normal
Good,Light,9.9,Energized,Social,Yes,3.5,9.6,Very Low
Great,Very Light,8.8,Energized,Very Social,No,1.7,9.5,Very Low
Okay,Very Light,8.0,Okay,Social,No,2.9,8.2,Low
Okay,Light,8.0,Tired,Social,No,3.9,6.5,Normal
Low Mood,Very Heavy,5.6,Exhausted,None,No,5.0,3.9,Very High
Great,Light,8.7,Energized,Social,Yes,2.2,11.8,Very Low
Okay,Heavy,7.1,Energized,Moderate,Yes,5.0,4.1,Low
Okay,Moderate,7.0,Tired,Minimal,Yes,4.6,5.3,Normal
Okay,Heavy,5.0,Tired,Minimal,Yes,7.5,2.1,Normal
Low Mood,Heavy,6.1,Okay,Minimal,Yes,4.7,5.3,Normal
Stressed,Heavy,5.3,Tired,Minimal,No,7.2,3.4,Very High
Good,Very Light,9.0,Energized,Moderate,No,2.9,6.7,Very Low
Stressed,Very Heavy,6.0,Exhausted,None,No,9.4,2.8,Very High
Great,Light,7.7,Okay,Moderate,No,3.9,6.4,Very Low
Okay,Light,6.5,Tired,Minimal,No,4.9,6.6,Low
Okay,Moderate,5.9,Tired,Minimal,No,6.4,4.2,Normal
Stressed,Very Heavy,6.5,Exhausted,Minimal,Yes,6.4,4.0,High
Low Mood,Very Heavy,4.1,Exhausted,Minimal,No,7.8,1.9,Very High
Okay,Moderate,9.1,Okay,Moderate,Yes,3.8,6.7,Low
Good,Light,8.1,Energized,Very Social,Yes,3.4,11.4,Very Low
Good,Moderate,8.3,Okay,Social,Yes,2.4,9.3,Low
Low Mood,Very Heavy,5.3,Tired,Minimal,No,7.3,2.8,High
Low Mood,Moderate,7.4,Tired,Minimal,No,3.8,4.9,Normal
Stressed,Very Heavy,6.8,Okay,None,Yes,6.3,5.6,Normal
Okay,Heavy,6.7,Tired,Social,Yes,3.5,4.8,Normal
Great,Very Light,9.1,Very Energized,Moderate,Yes,4.8,8.7,Very Low
Low Mood,Moderate,7.7,Tired,Moderate,Yes,3.6,6.8,Normal
Low Mood,Moderate,7.7,Okay,Moderate,Yes,3.5,7.9,Normal
Okay,Moderate,7.6,Very Energized,Social,Yes,3.3,8.5,Low
Stressed,Heavy,6.5,Tired,None,No,8.0,3.0,High
Okay,Moderate,7.5,Okay,Social,Yes,5.9,4.2,Normal
Great,Light,9.4,Very Energized,Social,Yes,2.7,10.5,Very Low
Okay,Heavy,5.1,Tired,Moderate,No,5.9,3.7,Normal
Good,Very Light,7.5,Very Energized,Social,Yes,4.7,6.8,Very Low
Low Mood,Moderate,6.1,Exhausted,Minimal,Yes,8.2,3.4,Normal
Low Mood,Very Heavy,5.9,Tired,Moderate,Yes,8.2,2.8,High
Stressed,Heavy,6.7,Exhausted,Minimal,Yes,5.0,2.3,High
Okay,Very Heavy,5.3,Okay,Moderate,No,8.8,2.2,Normal
Great,Very Light,7.9,Energized,Very Social,Yes,3.4,9.3,Very Low
Great,Light,8.6,Very Energized,Social,No,2.4,12.0,Very Low
Great,Light,9.2,Energized,Social,Yes,1.3,11.6,Very Low
Good,Heavy,7.3,Energized,Minimal,No,3.4,4.3,Low
Low Mood,Very Heavy,4.7,Tired,None,No,8.9,2.1,Very High
Good,Moderate,8.2,Okay,Minimal,Yes,3.6,5.7,Low
Good,Moderate,7.2,Okay,Minimal,No,4.1,4.5,Normal
Low Mood,Very Heavy,6.7,Okay,None,No,7.8,5.9,High
Okay,Moderate,6.1,Exhausted,Minimal,No,7.8,2.7,High
Stressed,Heavy,4.8,Tired,Minimal,No,8.1,1.7,High
Good,Light,7.9,Energized,Social,No,3.0,10.3,Low
Low Mood,Heavy,8.4,Okay,Minimal,Yes,5.4,7.9,Normal
Good,Light,7.9,Okay,Very Social,Yes,2.2,5.6,Low
Stressed,Moderate,6.1,Tired,Moderate,No,7.8,5.4,High
Good,Moderate,8.8,Okay,Social,Yes,2.5,8.0,Low
Stressed,Heavy,7.3,Energized,Minimal,Yes,4.5,7.4,Normal
Low Mood,Moderate,5.6,Tired,None,No,5.6,2.7,High
Low Mood,Moderate,7.9,Okay,Social,No,3.7,5.7,Normal
Okay,Very Light,9.3,Energized,Very Social,Yes,2.6,7.1,Low
Low Mood,Heavy,6.9,Okay,None,Yes,7.6,3.7,High
Okay,Light,7.8,Okay,Social,No,5.1,7.2,Low
Low Mood,Very Heavy,8.0,Tired,Moderate,Yes,5.2,5.2,High
Good,Light,8.7,Okay,Social,Yes,2.7,6.0,Low
Stressed,Heavy,5.7,Okay,Moderate,No,8.4,3.4,High
Good,Moderate,6.7,Okay,Minimal,No,5.4,7.9,Normal
Okay,Light,8.8,Okay,Moderate,Yes,2.9,7.4,Low
Great,Light,9.5,Energized,Very Social,Yes,2.4,11.3,Very Low
Stressed,Heavy,6.5,Okay,Minimal,No,5.9,3.7,High
Great,Very Light,9.4,Very Energized,Social,Yes,1.1,9.0,Very Low
Stressed,Heavy,4.7,Tired,Minimal,No,7.2,3.5,Very High
Good,Light,8.4,Okay,Social,No,4.5,7.9,Low
Stressed,Very Heavy,5.0,Exhausted,None,No,8.0,2.6,Very High
Good,Very Light,8.8,Energized,Social,Yes,2.0,8.9,Very Low
Low Mood,Heavy,4.6,Tired,Minimal,No,9.6,1.6,High
Good,Moderate,8.7,Okay,Social,No,4.3,9.7,Low
Good,Light,7.1,Very Energized,Social,Yes,4.4,6.8,Very Low
Stressed,Heavy,5.9,Tired,Minimal,Yes,7.3,3.1,High
Great,Moderate,8.1,Tired,Minimal,Yes,4.8,4.6,Normal
Good,Moderate,6.0,Exhausted,Moderate,Yes,7.6,2.3,Normal
Low Mood,Heavy,6.4,Exhausted,Minimal,Yes,8.5,3.5,High
Good,Moderate,6.7,Energized,Moderate,No,3.0,4.1,Low
Great,Very Light,8.8,Very Energized,Social,Yes,2.1,10.1,Very Low
Good,Light,7.8,Energized,Social,Yes,4.7,6.0,Very Low
Stressed,Very Heavy,6.3,Tired,Moderate,No,5.2,3.2,High
Good,Very Light,9.3,Very Energized,Social,Yes,2.5,7.9,Very Low
Good,Heavy,8.0,Energized,Moderate,No,5.4,4.3,Low
Great,Light,7.3,Very Energized,Moderate,Yes,3.8,8.3,Very Low
Okay,Light,6.4,Energized,Moderate,No,4.5,4.0,Low
Great,Very Light,7.8,Very Energized,Very Social,Yes,1.4,10.5,Very Low
Low Mood,Heavy,6.8,Tired,Minimal,Yes,4.0,5.9,Normal
Okay,Moderate,5.5,Exhausted,None,No,7.2,4.6,Normal
Great,Moderate,7.6,Energized,Moderate,Yes,3.9,8.3,Very Low
Good,Light,6.7,Okay,Minimal,No,5.6,4.3,Low
Stressed,Very Heavy,4.8,Exhausted,None,No,9.3,1.3,Very High
Good,Light,8.9,Okay,Social,Yes,2.2,5.2,Very Low
Good,Moderate,7.4,Energized,Moderate,No,3.0,5.4,Low
Low Mood,Moderate,6.1,Exhausted,Minimal,No,5.4,5.3,Normal
Low Mood,Very Light,7.8,Tired,Minimal,Yes,5.7,5.1,Normal
Low Mood,Heavy,5.5,Tired,Minimal,No,8.7,2.7,High
Low Mood,Light,6.5,Okay,Social,Yes,5.1,6.2,Normal
Good,Light,8.3,Energized,Moderate,Yes,3.7,8.9,Very Low
Okay,Moderate,9.3,Okay,Social,Yes,3.2,5.3,Normal
Okay,Heavy,6.0,Tired,Moderate,No,5.3,4.1,High
Okay,Moderate,7.1,Tired,Minimal,Yes,3.6,4.5,Low
Okay,Light,8.2,Okay,Very Social,No,4.9,5.5,Normal
Great,Very Light,7.2,Energized,Very Social,Yes,4.7,7.6,Very Low
Okay,Moderate,7.1,Tired,Social,Yes,5.1,7.2,Normal
Low Mood,Moderate,8.0,Okay,Moderate,Yes,5.3,5.6,Normal
Good,Moderate,7.7,Okay,Social,Yes,3.4,5.6,Low
Okay,Moderate,8.3,Very Energized,Moderate,Yes,5.0,6.1,Very Low
Low Mood,Very Heavy,5.3,Okay,Moderate,No,6.2,4.4,High
Okay,Very Light,8.4,Very Energized,Moderate,Yes,3.0,5.5,Very Low
Low Mood,Moderate,5.8,Okay,None,No,7.6,3.4,High
Great,Very Light,8.7,Energized,Social,Yes,1.8,11.3,Very Low
Great,Moderate,8.1,Very Energized,Very Social,No,4.5,8.2,Very Low
Okay,Very Heavy,5.5,Okay,None,Yes,5.2,5.4,High
Low Mood,Moderate,5.4,Exhausted,Minimal,No,8.4,5.1,High
Good,Very Light,7.3,Energized,Very Social,Yes,4.9,6.6,Very Low
Good,Light,8.2,Very Energized,Social,Yes,5.0,8.9,Very Low
Stressed,Very Heavy,5.1,Okay,None,No,8.0,3.8,Very High
Great,Moderate,8.6,Okay,Very Social,Yes,2.7,7.0,Low
Good,Moderate,7.4,Energized,Minimal,No,3.9,6.4,Low
Good,Moderate,7.7,Very Energized,Very Social,No,2.8,7.8,Low
Stressed,Very Heavy,5.9,Exhausted,None,Yes,7.9,5.8,Very High
Good,Light,9.7,Energized,Social,Yes,3.9,11.8,Very Low
Stressed,Very Heavy,5.7,Exhausted,Moderate,No,6.5,5.2,Very High
Good,Light,8.3,Very Energized,Very Social,Yes,3.0,9.2,Very Low
Great,Very Light,8.1,Okay,Very Social,Yes,3.6,5.9,Very Low
Great,Light,9.6,Energized,Social,Yes,3.9,8.2,Very Low
Good,Light,9.2,Okay,Social,No,2.3,6.9,Low
Low Mood,Light,6.8,Okay,Social,No,5.1,4.5,Low
Good,Light,8.7,Very Energized,Very Social,Yes,3.6,11.8,Very Low
Stressed,Very Heavy,4.7,Exhausted,None,No,8.6,1.0,Very High
Great,Very Light,7.6,Very Energized,Social,Yes,3.9,7.5,Very Low
Okay,Heavy,6.4,Okay,Moderate,No,7.0,5.1,Normal
Stressed,Heavy,5.4,Exhausted,Minimal,Yes,7.6,2.2,High
Low Mood,Moderate,6.2,Tired,Moderate,No,5.7,5.3,High
Good,Moderate,6.6,Okay,Minimal,Yes,4.6,5.5,Low
Low Mood,Very Heavy,5.2,Exhausted,None,Yes,7.4,1.3,Very High
Okay,Heavy,7.0,Energized,Social,No,3.2,7.9,Normal
Low Mood,Light,7.6,Energized,Social,Yes,3.6,7.6,Low
Okay,Very Light,6.5,Okay,Minimal,Yes,4.1,7.0,Low
Low Mood,Moderate,7.3,Energized,Very Social,Yes,3.8,9.8,Low
Low Mood,Moderate,6.9,Tired,Moderate,Yes,6.3,3.2,Normal
Low Mood,Moderate,8.3,Tired,Minimal,No,3.4,7.9,Normal
Okay,Very Heavy,5.3,Tired,None,No,9.6,3.8,High
Okay,Light,6.6,Okay,Social,No,5.9,4.8,Normal
Great,Very Light,9.2,Energized,Very Social,Yes,3.8,7.7,Very Low
Good,Heavy,8.5,Energized,Social,No,3.1,6.6,Low
Low Mood,Very Heavy,6.6,Exhausted,Minimal,Yes,7.2,3.8,High
Good,Light,9.0,Very Energized,Moderate,Yes,4.0,6.4,Very Low
Low Mood,Heavy,5.5,Okay,Minimal,No,7.6,4.5,High
Stressed,Very Heavy,5.1,Exhausted,Minimal,No,7.4,1.6,Very High
Good,Light,7.6,Okay,Social,Yes,4.0,6.8,Very Low
Low Mood,Very Heavy,6.1,Tired,Moderate,Yes,8.1,3.3,High
Great,Light,8.2,Very Energized,Very Social,Yes,1.1,10.1,Very Low
Stressed,Heavy,4.3,Tired,Minimal,No,9.7,1.6,High
Stressed,Very Heavy,4.1,Tired,None,No,7.1,2.3,Very High
Low Mood,Moderate,6.2,Energized,Social,Yes,5.0,7.6,Normal
Low Mood,Very Heavy,4.5,Tired,None,No,7.9,3.8,High
Okay,Light,7.0,Okay,Very Social,Yes,3.4,7.4,Low
Good,Light,6.4,Energized,Moderate,No,3.3,6.4,Low
Stressed,Very Heavy,4.6,Exhausted,Minimal,No,7.7,3.0,Very High
Stressed,Moderate,5.8,Okay,Moderate,No,5.1,5.2,Normal
Low Mood,Light,7.7,Okay,Social,No,4.4,4.4,Normal
Okay,Moderate,8.0,Okay,Moderate,Yes,3.3,5.8,Normal
Great,Light,8.1,Energized,Very Social,No,3.4,11.5,Very Low
Low Mood,Heavy,7.4,Tired,Social,Yes,5.3,7.3,Normal
Low Mood,Moderate,6.1,Exhausted,Minimal,No,5.8,3.3,High
Stressed,Moderate,5.9,Okay,Moderate,No,6.9,5.1,Normal
Low Mood,Heavy,7.0,Okay,Social,No,3.8,6.7,Normal
Stressed,Moderate,6.7,Tired,None,Yes,7.5,3.2,High
Low Mood,Heavy,4.6,Exhausted,Minimal,No,9.4,1.4,High
Okay,Very Heavy,6.3,Tired,Social,No,4.3,7.9,Normal
Okay,Moderate,6.8,Tired,Minimal,Yes,3.5,5.5,Normal
Low Mood,Moderate,6.4,Energized,Moderate,Yes,3.7,4.2,Normal
Okay,Very Heavy,8.1,Okay,Minimal,No,5.0,5.3,Normal
Great,Light,9.3,Energized,Social,Yes,2.7,10.8,Very Low
Stressed,Heavy,6.7,Tired,None,No,6.2,3.6,High
Great,Light,9.7,Energized,Social,Yes,1.7,9.9,Very Low
Low Mood,Moderate,5.3,Exhausted,Minimal,Yes,8.2,3.0,High
Okay,Light,8.6,Okay,Very Social,Yes,2.1,5.1,Low
Good,Heavy,7.0,Okay,Moderate,Yes,5.8,6.9,Normal
Okay,Light,8.0,Okay,Social,Yes,4.1,5.1,Low
Okay,Moderate,6.4,Tired,Social,No,5.8,6.2,Normal
Good,Very Light,8.5,Very Energized,Very Social,Yes,3.5,8.9,Very Low
Good,Very Light,8.6,Okay,Very Social,No,4.6,8.1,Low
Good,Light,9.2,Very Energized,Very Social,Yes,2.7,9.9,Very Low
Okay,Very Light,7.1,Energized,Very Social,Yes,3.7,5.4,Low
Low Mood,Very Heavy,5.4,Exhausted,None,No,8.5,1.6,Very High
Stressed,Heavy,6.0,Tired,Moderate,No,5.1,2.7,High
Low Mood,Moderate,5.4,Exhausted,Minimal,No,9.3,1.2,High
Good,Very Light,9.1,Very Energized,Very Social,Yes,1.9,11.8,Very Low
Okay,Heavy,5.2,Tired,Moderate,Yes,5.1,3.9,Normal
Good,Light,9.3,Very Energized,Social,No,2.5,9.2,Very Low
Stressed,Very Heavy,4.5,Exhausted,None,No,7.0,1.9,Very High
Low Mood,Very Heavy,6.3,Tired,None,No,5.8,2.6,High
Okay,Light,8.3,Okay,Very Social,No,2.5,7.3,Low
Low Mood,Very Heavy,5.0,Tired,None,No,9.9,3.5,High
Okay,Moderate,8.0,Energized,Social,Yes,5.2,5.8,Normal
Great,Very Light,9.2,Energized,Very Social,Yes,2.8,8.6,Very Low
Good,Light,7.6,Energized,Very Social,Yes,2.8,11.9,Very Low
Low Mood,Very Heavy,5.2,Tired,Minimal,No,7.7,2.5,High
Great,Light,8.3,Very Energized,Moderate,No,2.3,7.6,Very Low
Okay,Heavy,6.8,Tired,Moderate,Yes,7.1,5.0,Normal
Stressed,Very Heavy,4.2,Exhausted,Minimal,No,8.8,3.3,Very High
Low Mood,Heavy,5.5,Okay,Minimal,Yes,5.2,2.6,Normal
Good,Light,9.6,Very Energized,Social,No,3.8,8.1,Very Low
Good,Light,8.1,Energized,Social,Yes,4.8,7.6,Low
Stressed,Very Heavy,5.0,Exhausted,Minimal,No,7.2,2.8,Very High
Stressed,Heavy,6.3,Exhausted,Minimal,No,7.8,4.2,Very High
Good,Very Heavy,6.8,Tired,Minimal,No,7.0,4.3,Normal
Stressed,Heavy,5.4,Exhausted,Minimal,No,8.1,1.8,Very High
Good,Heavy,7.7,Tired,Minimal,Yes,5.3,6.4,Normal
Okay,Heavy,6.8,Exhausted,Moderate,No,8.5,4.7,High
Low Mood,Heavy,5.8,Tired,Moderate,Yes,5.1,3.5,Normal
Good,Moderate,9.3,Very Energized,Social,Yes,4.5,6.9,Very Low
Low Mood,Moderate,6.7,Energized,Minimal,No,4.8,4.5,High
Okay,Light,6.8,Tired,Moderate,Yes,5.9,5.1,Low
Good,Very Light,8.7,Okay,Very Social,Yes,3.5,9.5,Very Low
Stressed,Very Heavy,8.2,Tired,Social,Yes,3.9,4.8,Normal
Okay,Moderate,5.7,Tired,None,Yes,7.1,3.7,Normal
Okay,Very Light,9.1,Okay,Very Social,Yes,4.0,8.1,Very Low
Good,Moderate,9.2,Very Energized,Social,No,2.6,10.3,Low
Good,Very Light,7.1,Okay,Social,Yes,2.9,7.5,Very Low
Stressed,Heavy,5.3,Exhausted,Minimal,No,8.2,3.0,High
Great,Moderate,7.4,Very Energized,Moderate,No,4.8,8.1,Very Low
Good,Light,7.5,Tired,Moderate,Yes,5.4,7.1,Low
Good,Very Light,7.8,Energized,Social,Yes,1.8,9.7,Very Low
Low Mood,Light,6.4,Energized,Social,No,3.9,4.9,Normal
Stressed,Heavy,6.0,Exhausted,Minimal,No,5.6,3.7,High
Stressed,Heavy,5.6,Tired,Minimal,No,7.3,5.7,High
Stressed,Very Heavy,6.2,Okay,Minimal,Yes,6.7,3.5,High
Okay,Heavy,6.8,Tired,Minimal,No,5.8,2.9,Normal
Good,Moderate,8.5,Very Energized,Moderate,Yes,3.0,6.6,Low
Stressed,Very Heavy,5.9,Exhausted,None,Yes,5.6,3.1,High
Okay,Moderate,7.2,Energized,Minimal,No,5.4,6.5,Normal
Stressed,Very Heavy,4.1,Tired,Minimal,No,7.2,2.4,Very High
Great,Very Light,8.9,Okay,Moderate,Yes,4.7,6.3,Very Low
Stressed,Moderate,5.9,Tired,Minimal,Yes,8.9,2.7,High
Great,Very Light,8.3,Energized,Very Social,Yes,2.9,5.0,Very Low
Okay,Light,8.4,Very Energized,Very Social,Yes,2.1,5.8,Very Low
Good,Very Light,8.5,Okay,Social,Yes,2.4,9.7,Very Low
Good,Heavy,6.5,Okay,Minimal,Yes,5.2,7.2,Normal
Good,Light,8.9,Very Energized,Moderate,Yes,3.2,7.7,Very Low
Good,Light,6.5,Tired,Moderate,No,4.4,5.2,Normal
Okay,Moderate,6.4,Okay,Social,No,4.9,6.3,Normal
Okay,Very Light,7.0,Energized,Social,Yes,4.5,5.8,Very Low
Okay,Very Heavy,6.1,Okay,Minimal,No,7.0,3.3,Normal
Good,Moderate,7.3,Very Energized,Moderate,Yes,4.3,9.7,Low
Okay,Light,6.9,Tired,Social,No,4.0,6.8,Low
Okay,Moderate,6.3,Exhausted,None,Yes,6.4,4.1,Normal
Stressed,Heavy,5.0,Tired,None,No,8.1,4.5,High
Okay,Moderate,6.1,Energized,Moderate,No,5.3,5.4,Normal
Okay,Very Light,8.6,Energized,Social,Yes,3.1,8.0,Low
Great,Moderate,9.0,Energized,Social,Yes,2.9,7.5,Very Low
Good,Light,8.5,Very Energized,Social,Yes,2.8,10.9,Very Low
Low Mood,Heavy,5.0,Tired,Minimal,No,8.8,3.4,High
Okay,Moderate,8.5,Okay,Minimal,No,4.4,4.2,Normal
Okay,Moderate,6.6,Energized,Moderate,No,4.7,6.0,Low
Good,Light,8.4,Energized,Social,Yes,4.6,9.6,Very Low
Okay,Very Light,9.3,Very Energized,Very Social,Yes,3.7,10.4,Very Low
Low Mood,Moderate,5.6,Tired,Minimal,Yes,6.7,3.8,High
Low Mood,Heavy,7.3,Tired,Minimal,Yes,4.0,6.0,Normal
Good,Moderate,7.1,Okay,Social,No,5.6,6.7,Low
Low Mood,Very Heavy,6.3,Energized,Social,No,4.6,6.6,Normal
Good,Very Light,7.8,Very Energized,Moderate,Yes,3.1,9.2,Very Low
Low Mood,Moderate,6.4,Okay,None,Yes,7.7,5.9,Normal
Good,Moderate,8.1,Energized,Minimal,No,5.1,6.8,Low
Okay,Light,9.1,Very Energized,Very Social,Yes,4.8,7.5,Low
Great,Moderate,7.4,Energized,Very Social,Yes,2.5,8.0,Very Low
Good,Moderate,7.9,Okay,Moderate,Yes,4.9,7.6,Low
Great,Light,9.1,Very Energized,Social,Yes,3.2,7.1,Very Low
Low Mood,Heavy,5.5,Tired,None,No,9.5,2.5,High
Okay,Very Heavy,4.6,Tired,None,No,7.5,2.8,Very High
Great,Very Light,7.0,Tired,Moderate,No,3.7,4.6,Low
Low Mood,Very Heavy,5.9,Okay,None,No,8.9,3.9,High
Okay,Moderate,5.9,Okay,Moderate,No,8.7,3.5,Normal
Stressed,Heavy,5.8,Exhausted,Minimal,No,9.6,1.6,High
Good,Light,6.2,Okay,Social,No,5.8,7.6,Low
Great,Light,8.0,Energized,Social,No,2.9,5.0,Very Low
Low Mood,Very Heavy,6.1,Exhausted,Minimal,Yes,8.9,3.6,High
Good,Light,9.6,Energized,Very Social,Yes,1.0,7.2,Very Low
Okay,Very Light,7.1,Very Energized,Moderate,Yes,3.2,9.7,Very Low
Good,Moderate,7.6,Tired,Social,Yes,3.2,7.4,Normal
Great,Moderate,6.4,Tired,Social,Yes,3.2,4.0,Low
Good,Light,7.9,Energized,Social,Yes,2.4,11.0,Very Low
Okay,Very Heavy,5.5,Tired,Moderate,No,8.9,2.5,Normal
Stressed,Heavy,5.3,Exhausted,Minimal,No,7.7,3.5,High
Okay,Heavy,7.4,Tired,Minimal,No,5.4,6.1,Normal
Low Mood,Heavy,5.8,Exhausted,Moderate,Yes,6.0,2.2,High
Great,Very Light,8.6,Very Energized,Social,Yes,2.0,9.3,Very Low
Stressed,Heavy,5.1,Exhausted,Minimal,Yes,8.4,3.1,High
Great,Very Light,8.5,Very Energized,Very Social,Yes,1.3,7.2,Very Low
Good,Moderate,9.4,Very Energized,Moderate,No,4.7,8.3,Low
Stressed,Heavy,4.5,Exhausted,Minimal,No,9.6,2.5,Very High
Okay,Heavy,6.9,Exhausted,None,No,6.3,3.7,Normal
Okay,Moderate,8.9,Energized,Social,Yes,4.4,8.4,Low
Good,Very Light,7.8,Okay,Social,Yes,2.2,9.2,Very Low
Low Mood,Moderate,5.2,Okay,Moderate,Yes,7.1,2.6,High
Great,Light,9.0,Energized,Very Social,No,1.6,7.2,Very Low
Okay,Light,8.5,Okay,Very Social,Yes,3.0,8.2,Low
Low Mood,Very Heavy,6.9,Okay,None,Yes,7.2,2.1,Normal
Low Mood,Heavy,8.0,Energized,Moderate,No,4.2,7.9,Normal
Great,Very Light,8.2,Very Energized,Very Social,Yes,2.7,11.4,Very Low
Low Mood,Very Heavy,8.5,Okay,Moderate,Yes,5.2,4.7,Normal
Stressed,Very Heavy,4.3,Tired,None,No,8.3,3.7,High
Okay,Light,7.9,Okay,Minimal,Yes,5.3,5.5,Low
Okay,Moderate,7.5,Energized,Social,No,5.1,4.6,Low
Low Mood,Heavy,4.6,Exhausted,Minimal,Yes,8.3,3.7,High
Okay,Heavy,6.9,Tired,Social,Yes,5.3,5.8,Normal
Stressed,Heavy,6.3,Tired,Minimal,No,5.9,4.0,High
Good,Moderate,6.0,Okay,Moderate,Yes,5.8,7.1,Normal
Low Mood,Very Heavy,6.1,Tired,Moderate,No,7.7,4.2,High
Okay,Moderate,8.8,Okay,Social,Yes,2.6,5.3,Normal
Okay,Heavy,7.0,Energized,Social,Yes,5.8,5.9,Normal
Good,Light,7.7,Very Energized,Social,Yes,2.7,6.4,Very Low
Good,Light,9.1,Energized,Very Social,Yes,3.1,7.0,Very Low
Good,Light,8.5,Very Energized,Very Social,Yes,1.3,11.2,Very Low
Great,Moderate,8.7,Very Energized,Moderate,Yes,4.1,6.4,Very Low
Okay,Moderate,8.5,Okay,Social,Yes,2.4,7.2,Low
Low Mood,Moderate,6.8,Tired,None,No,7.0,5.5,Normal
Good,Very Light,9.2,Energized,Social,Yes,2.5,9.2,Very Low
Great,Moderate,7.3,Okay,Social,Yes,2.3,5.6,Low
Low Mood,Light,7.1,Tired,Moderate,Yes,3.6,6.2,Normal
Low Mood,Very Heavy,5.5,Okay,Minimal,Yes,8.6,5.7,Normal
Low Mood,Heavy,7.8,Okay,Minimal,No,3.2,7.1,Normal
Low Mood,Very Heavy,4.9,Tired,Minimal,No,9.6,3.8,High
Okay,Very Light,8.1,Okay,Moderate,Yes,4.2,8.8,Low
Stressed,Heavy,5.1,Exhausted,None,No,7.9,3.8,High
Good,Moderate,8.2,Okay,Very Social,Yes,3.9,5.8,Low
Stressed,Heavy,6.6,Tired,None,No,6.2,5.4,High
Good,Heavy,7.5,Tired,Minimal,No,3.8,5.0,Normal
Okay,Light,6.9,Okay,Minimal,Yes,5.3,5.0,Low
Good,Light,7.6,Okay,Social,Yes,4.0,5.1,Low
Low Mood,Moderate,7.2,Okay,Minimal,No,5.7,7.6,Normal
Good,Light,9.0,Okay,Very Social,Yes,3.6,9.6,Very Low
Good,Moderate,7.2,Energized,Very Social,Yes,2.6,10.0,Very Low
Okay,Moderate,8.1,Okay,Moderate,Yes,4.0,7.1,Low
Okay,Very Light,8.3,Okay,Very Social,No,4.4,9.5,Low
Good,Moderate,7.9,Okay,Very Social,Yes,4.5,7.2,Low
Okay,Heavy,7.8,Okay,Social,Yes,3.9,7.4,Low
Good,Very Light,9.4,Energized,Social,Yes,3.5,9.4,Very Low
Good,Heavy,8.0,Tired,Minimal,Yes,4.3,7.3,Normal
Great,Light,9.0,Energized,Social,Yes,2.4,7.1,Very Low
Okay,Heavy,5.1,Okay,Moderate,Yes,5.3,5.9,Normal
Low Mood,Very Light,8.8,Okay,Moderate,No,2.9,10.0,Low
Okay,Light,7.6,Tired,Moderate,No,4.7,5.2,Normal
Okay,Very Light,7.9,Very Energized,Very Social,Yes,5.0,6.2,Very Low
Low Mood,Very Heavy,5.4,Exhausted,Minimal,No,7.2,3.0,Very High
Okay,Very Heavy,5.0,Exhausted,Minimal,No,5.8,6.0,High
Good,Moderate,6.3,Energized,Minimal,No,5.4,7.4,Normal
Great,Moderate,7.6,Okay,Social,Yes,3.2,5.7,Low
Low Mood,Moderate,6.4,Okay,Minimal,Yes,7.8,3.0,Normal
Stressed,Heavy,5.3,Exhausted,Moderate,No,7.9,5.5,Very High
Okay,Heavy,6.1,Energized,Minimal,No,4.4,6.7,Normal
Great,Very Light,7.2,Very Energized,Moderate,Yes,4.0,8.4,Very Low
Stressed,Heavy,6.5,Exhausted,None,No,6.8,3.1,High
Low Mood,Moderate,5.2,Exhausted,Moderate,Yes,6.1,3.2,Normal
Good,Moderate,8.1,Energized,Minimal,Yes,3.7,5.1,Low
Okay,Moderate,5.4,Exhausted,Moderate,Yes,5.5,5.6,Normal
Okay,Light,7.4,Okay,Social,Yes,3.6,7.9,Low
Low Mood,Heavy,5.6,Exhausted,Minimal,Yes,7.7,2.3,High
Stressed,Heavy,4.9,Exhausted,None,Yes,8.9,3.4,High
Stressed,Heavy,5.8,Exhausted,Minimal,Yes,9.3,2.5,Very High
Good,Light,7.3,Tired,Moderate,No,4.6,4.6,Low
Stressed,Very Heavy,4.6,Exhausted,None,No,7.8,2.7,Very High
Great,Very Light,9.9,Energized,Very Social,No,1.1,8.9,Very Low
Low Mood,Very Heavy,5.7,Okay,Minimal,No,8.5,3.4,High
Okay,Moderate,7.0,Okay,Moderate,Yes,4.6,4.0,Low
Okay,Light,8.4,Okay,Social,Yes,3.6,6.7,Low
Good,Very Light,9.1,Energized,Moderate,Yes,4.4,8.5,Very Low
Low Mood,Heavy,5.7,Exhausted,None,No,6.5,4.9,High
Good,Very Light,8.6,Very Energized,Social,Yes,2.1,11.1,Very Low
Good,Moderate,8.5,Okay,Moderate,No,4.0,7.5,Normal
Okay,Very Light,7.8,Energized,Very Social,Yes,4.5,6.6,Very Low
Good,Very Light,8.1,Okay,Social,Yes,3.2,6.9,Very Low
Good,Light,9.4,Very Energized,Moderate,Yes,2.8,8.2,Very Low
Okay,Heavy,5.2,Tired,Minimal,No,7.9,5.6,High
Great,Light,9.0,Very Energized,Very Social,Yes,3.4,8.3,Very Low
Great,Very Light,8.4,Okay,Very Social,Yes,2.4,5.8,Very Low
Low Mood,Light,5.9,Exhausted,Moderate,Yes,7.9,4.1,Normal
Low Mood,Light,6.5,Energized,Social,No,4.8,5.0,Low
Great,Light,9.3,Energized,Social,Yes,1.9,9.6,Very Low
Good,Heavy,8.2,Tired,Minimal,No,3.3,6.3,Normal
Low Mood,Heavy,6.7,Energized,Minimal,No,3.4,6.4,High
Low Mood,Moderate,5.6,Okay,None,Yes,6.2,4.3,Normal
Stressed,Moderate,6.0,Tired,Minimal,No,7.9,4.4,High
Great,Light,9.1,Energized,Social,No,2.2,5.7,Very Low
Good,Moderate,6.2,Tired,Moderate,Yes,3.4,7.9,Normal
Good,Heavy,6.0,Tired,Moderate,No,5.0,8.0,Normal
Okay,Very Heavy,5.6,Exhausted,None,No,8.9,3.2,High
Okay,Heavy,7.2,Energized,Moderate,No,5.4,7.3,Normal
Okay,Very Heavy,5.2,Tired,None,Yes,9.3,1.2,High
Stressed,Very Heavy,6.6,Okay,Minimal,No,8.7,4.7,High
Stressed,Very Heavy,5.5,Okay,Minimal,No,6.1,6.0,High
Good,Moderate,6.1,Energized,Minimal,Yes,3.6,7.8,Low
Low Mood,Light,8.3,Okay,Minimal,No,3.2,4.6,Normal
Stressed,Very Heavy,6.6,Okay,Minimal,No,8.0,4.9,High
Great,Very Light,8.7,Energized,Social,Yes,3.4,11.2,Very Low
Stressed,Heavy,6.0,Tired,Minimal,No,5.1,5.3,High
Good,Light,9.2,Energized,Social,Yes,1.3,10.0,Very Low
Low Mood,Heavy,7.5,Energized,Moderate,No,5.2,4.2,Normal
Okay,Very Heavy,5.2,Okay,Minimal,No,7.1,5.1,High
Low Mood,Moderate,7.3,Energized,Moderate,Yes,4.7,6.3,Normal
Okay,Moderate,8.5,Okay,Very Social,Yes,3.0,8.8,Low
Okay,Moderate,6.7,Energized,Minimal,Yes,3.2,7.2,Low
Okay,Heavy,7.0,Exhausted,None,Yes,7.6,5.3,Normal
Good,Light,7.8,Energized,Social,No,4.1,4.2,Very Low
Okay,Heavy,5.9,Okay,Minimal,No,8.0,4.3,Normal
Low Mood,Very Heavy,6.7,Tired,Moderate,Yes,8.1,3.9,High
Okay,Heavy,6.3,Okay,None,Yes,8.7,5.6,Normal
Okay,Heavy,6.3,Okay,None,Yes,5.6,5.2,Normal
Low Mood,Heavy,4.9,Exhausted,Minimal,Yes,9.8,3.9,High
Great,Very Light,9.0,Very Energized,Moderate,Yes,4.0,6.9,Very Low
Okay,Very Heavy,5.9,Exhausted,None,No,9.4,3.3,High
Stressed,Heavy,6.2,Tired,Minimal,No,8.1,3.4,High
Stressed,Very Heavy,6.4,Exhausted,None,No,9.0,3.3,Very High
Low Mood,Moderate,6.2,Tired,Minimal,No,5.4,5.9,Normal
Good,Moderate,6.1,Tired,Moderate,No,4.3,5.3,Low
Stressed,Very Heavy,5.6,Tired,Moderate,No,6.6,3.0,High
Stressed,Heavy,5.6,Tired,None,Yes,7.7,1.8,High
Great,Light,7.8,Energized,Social,No,2.9,5.7,Very Low
Stressed,Very Heavy,5.4,Exhausted,Minimal,No,7.6,3.5,Very High
Great,Light,8.4,Very Energized,Social,Yes,2.8,10.9,Very Low
Okay,Heavy,8.0,Okay,Moderate,Yes,3.1,4.2,Low
Stressed,Very Heavy,6.0,Okay,Moderate,No,5.9,3.3,High
Okay,Very Heavy,6.8,Tired,None,No,7.2,5.6,High
Okay,Light,6.5,Okay,Minimal,No,4.3,8.0,Low
Low Mood,Light,7.2,Energized,Moderate,No,4.7,6.8,Low
Stressed,Very Heavy,4.0,Tired,Minimal,No,7.7,2.4,Very High
Good,Light,8.4,Tired,Moderate,No,3.9,6.2,Low
Low Mood,Moderate,6.8,Energized,Moderate,Yes,3.6,6.9,Normal
Low Mood,Moderate,6.3,Okay,Minimal,Yes,7.2,5.6,Normal
Low Mood,Light,6.2,Okay,Minimal,No,3.5,5.3,Normal
Stressed,Heavy,5.1,Tired,None,No,9.3,3.6,High
Great,Light,8.1,Okay,Moderate,Yes,2.8,8.8,Low
Okay,Heavy,7.4,Tired,Social,No,3.7,5.9,Normal
Great,Light,8.9,Energized,Very Social,Yes,2.6,7.4,Very Low
Low Mood,Moderate,8.3,Tired,Social,No,5.7,6.4,Normal
Low Mood,Very Heavy,6.2,Tired,Minimal,No,5.9,5.8,High
Stressed,Heavy,5.8,Tired,Moderate,No,7.2,2.6,High
Good,Light,5.6,Exhausted,Minimal,No,5.0,4.3,Normal
Good,Light,9.3,Energized,Social,Yes,4.8,6.0,Very Low
Low Mood,Very Heavy,6.0,Exhausted,Minimal,No,8.7,3.0,Very High
Low Mood,Light,7.2,Okay,Social,Yes,5.6,4.6,Normal
Okay,Heavy,8.4,Tired,Minimal,Yes,4.2,4.9,Normal
Great,Very Light,7.2,Very Energized,Very Social,Yes,3.4,8.0,Very Low
Low Mood,Heavy,4.5,Exhausted,None,No,9.5,3.7,High
Good,Very Light,8.9,Energized,Social,No,4.3,6.1,Very Low
Great,Light,8.8,Very Energized,Social,Yes,2.6,8.0,Very Low
Low Mood,Light,7.0,Okay,Minimal,No,5.1,4.5,Normal
Okay,Heavy,8.0,Energized,Social,No,3.9,6.6,Low
Low Mood,Heavy,5.2,Okay,Moderate,Yes,8.7,5.5,Normal
Low Mood,Very Heavy,6.9,Exhausted,Moderate,Yes,5.2,3.1,High
Great,Light,8.0,Energized,Very Social,Yes,2.5,7.8,Very Low
Low Mood,Heavy,5.1,Okay,Minimal,Yes,8.9,4.2,High
Great,Light,7.0,Okay,Moderate,Yes,3.6,6.3,Low
Okay,Heavy,7.7,Tired,Moderate,No,3.4,7.6,Normal
Stressed,Heavy,4.4,Tired,Minimal,No,8.6,1.6,High
Okay,Moderate,6.8,Tired,None,No,7.7,3.7,Normal
Okay,Very Heavy,6.6,Okay,None,No,5.0,2.8,Normal
Stressed,Moderate,6.9,Okay,Moderate,No,7.1,4.6,Normal
Low Mood,Heavy,8.2,Okay,Moderate,Yes,5.8,7.4,Normal
Good,Very Light,8.7,Energized,Social,Yes,3.0,9.0,Very Low
Low Mood,Very Heavy,5.5,Okay,None,Yes,6.2,5.7,High
Good,Light,7.9,Energized,Very Social,No,3.6,8.1,Low
Low Mood,Very Heavy,5.0,Exhausted,None,No,8.4,3.5,Very High
Okay,Light,6.4,Exhausted,None,No,7.1,3.0,Normal
Good,Moderate,6.2,Energized,Moderate,Yes,5.8,6.2,Low
Good,Light,7.6,Energized,Very Social,Yes,3.7,8.0,Very Low
Low Mood,Light,7.3,Energized,Moderate,Yes,4.8,6.9,Low
Low Mood,Moderate,7.7,Tired,Moderate,No,3.9,7.2,Normal
Okay,Heavy,5.7,Tired,None,No,6.4,2.7,High
Great,Light,9.2,Energized,Very Social,Yes,1.3,10.4,Very Low
Good,Very Light,7.3,Okay,Very Social,Yes,4.3,8.2,Very Low
Okay,Moderate,6.0,Tired,Moderate,No,6.9,4.4,Normal
Okay,Very Light,7.1,Okay,Social,Yes,6.0,7.0,Low
Stressed,Very Heavy,5.7,Tired,None,No,6.2,2.9,Very High
Good,Moderate,7.0,Very Energized,Moderate,Yes,4.9,5.1,Low
Okay,Light,6.3,Tired,Minimal,Yes,4.9,4.0,Low
Good,Light,7.7,Energized,Very Social,Yes,2.7,8.9,Very Low
Okay,Moderate,7.0,Tired,Minimal,Yes,5.9,6.7,Normal
Okay,Heavy,5.2,Exhausted,None,No,9.1,1.1,High
Good,Light,7.5,Okay,Social,No,3.5,9.8,Low
Good,Moderate,9.3,Energized,Social,No,2.0,9.3,Low
Low Mood,Heavy,5.1,Tired,Moderate,No,6.5,3.0,High
Good,Light,10.0,Energized,Very Social,Yes,1.3,10.0,Very Low
Great,Moderate,8.2,Very Energized,Moderate,Yes,3.1,8.0,Very Low
Low Mood,Moderate,7.3,Tired,Social,Yes,3.8,4.0,Normal
Good,Light,7.4,Okay,Social,Yes,4.3,5.6,Very Low
Low Mood,Heavy,8.3,Tired,Moderate,Yes,3.6,7.1,Normal
Okay,Light,7.8,Okay,Social,Yes,3.7,5.5,Low
Okay,Heavy,5.5,Okay,Minimal,No,7.5,2.7,Normal
Good,Light,8.0,Very Energized,Social,Yes,1.9,7.7,Very Low
Good,Very Light,8.7,Energized,Very Social,Yes,3.6,10.3,Very Low
Stressed,Moderate,5.9,Exhausted,Minimal,No,8.2,4.0,High
Okay,Moderate,7.4,Okay,Social,Yes,5.4,6.9,Low
Okay,Very Light,7.8,Energized,Social,No,5.1,7.0,Low
Stressed,Light,5.0,Okay,Moderate,No,6.8,3.1,Normal
Okay,Heavy,7.9,Energized,Minimal,No,3.2,4.3,Low
Low Mood,Very Heavy,5.0,Tired,Moderate,No,8.0,3.5,Very High
Okay,Moderate,7.3,Energized,Moderate,Yes,2.3,5.3,Low
Low Mood,Moderate,5.1,Okay,Moderate,No,8.2,2.7,Normal
Great,Light,9.5,Very Energized,Very Social,No,1.7,9.2,Very Low
Low Mood,Very Light,8.8,Energized,Very Social,Yes,2.4,8.4,Low
Great,Moderate,7.8,Okay,Very Social,Yes,4.3,6.6,Very Low
Low Mood,Light,6.9,Tired,Social,No,5.0,5.5,Normal
Okay,Very Light,8.9,Energized,Moderate,Yes,2.0,6.4,Low
Okay,Very Heavy,5.7,Tired,None,No,8.1,5.9,High
Okay,Moderate,8.2,Okay,Social,Yes,2.8,5.9,Low
Great,Moderate,8.1,Energized,Minimal,No,4.3,6.1,Low
Okay,Light,9.9,Very Energized,Very Social,No,2.6,7.3,Low
Good,Heavy,8.3,Okay,Moderate,Yes,4.7,6.3,Low
Low Mood,Very Light,8.4,Okay,Very Social,Yes,2.4,5.1,Low
Good,Very Light,8.4,Energized,Social,Yes,2.5,7.6,Very Low
Okay,Moderate,6.5,Okay,Minimal,Yes,5.7,4.1,Normal
Good,Moderate,8.3,Okay,Minimal,Yes,4.8,4.0,Low
Great,Moderate,7.5,Energized,Moderate,Yes,2.0,7.3,Very Low
Low Mood,Heavy,4.9,Tired,Minimal,No,9.7,1.6,High
Low Mood,Light,6.8,Energized,Moderate,Yes,4.0,4.1,Low
Good,Light,6.5,Energized,Social,No,3.0,5.8,Low
Good,Very Light,8.8,Okay,Moderate,No,3.9,8.5,Low
Okay,Light,6.3,Tired,Minimal,No,4.6,6.0,Normal
Low Mood,Moderate,6.1,Tired,Moderate,Yes,4.4,7.6,High
Low Mood,Light,7.4,Okay,Minimal,No,3.9,5.1,Normal
Good,Heavy,6.6,Energized,Social,No,4.6,6.0,Low
Stressed,Very Heavy,5.4,Tired,None,No,7.3,3.6,Very High
Great,Light,9.1,Energized,Social,Yes,2.0,5.8,Very Low
Good,Moderate,5.5,Tired,Moderate,No,7.9,4.2,Normal
Low Mood,Very Light,8.3,Very Energized,Moderate,No,3.7,6.1,Low
Low Mood,Heavy,6.6,Energized,Social,No,4.6,4.8,Normal
Stressed,Heavy,5.2,Exhausted,None,No,9.0,3.3,High
Great,Moderate,8.8,Energized,Social,Yes,4.7,6.6,Very Low
Low Mood,Very Heavy,5.5,Exhausted,Minimal,No,6.1,3.3,Very High
Okay,Very Heavy,6.9,Okay,Moderate,Yes,6.6,2.5,Normal
Low Mood,Moderate,5.4,Tired,None,No,8.3,4.1,High
Good,Very Light,8.2,Okay,Social,Yes,2.4,6.8,Very Low
Good,Light,8.9,Energized,Social,Yes,3.4,7.9,Very Low
Low Mood,Heavy,6.3,Exhausted,Moderate,No,8.2,2.3,High
Great,Light,7.6,Energized,Social,Yes,1.5,9.3,Very Low
Stressed,Moderate,5.1,Exhausted,Moderate,No,7.1,5.6,High
Low Mood,Moderate,6.2,Energized,Social,Yes,4.8,5.7,Normal
Okay,Very Light,7.1,Okay,Social,Yes,3.1,7.3,Low
Low Mood,Very Heavy,5.1,Okay,Moderate,Yes,8.7,2.2,High
Good,Heavy,6.2,Okay,Social,Yes,3.3,5.6,Normal
Good,Light,7.6,Okay,Minimal,Yes,4.1,4.6,Low
Low Mood,Very Heavy,5.3,Tired,Minimal,No,8.4,1.0,High
Okay,Moderate,6.9,Energized,Moderate,No,4.3,4.1,Low
Okay,Very Light,9.4,Energized,Moderate,Yes,2.6,5.5,Low
Stressed,Very Heavy,6.3,Okay,None,Yes,5.9,3.4,High
Low Mood,Very Heavy,5.2,Exhausted,None,No,10.0,1.8,Very High
Low Mood,Heavy,8.2,Tired,Minimal,Yes,3.6,7.5,Normal
Stressed,Moderate,5.6,Okay,Moderate,Yes,7.8,2.0,Normal
Low Mood,Light,7.5,Okay,Moderate,No,5.2,5.3,Low
Low Mood,Heavy,5.1,Tired,Minimal,No,5.3,2.9,High
Good,Light,8.8,Energized,Social,Yes,3.9,8.9,Low
Stressed,Very Heavy,6.3,Okay,None,Yes,7.7,3.1,High
Good,Light,6.9,Okay,Social,Yes,3.6,6.6,Low
Great,Moderate,8.2,Okay,Social,Yes,4.5,6.6,Very Low
Okay,Moderate,9.2,Very Energized,Social,Yes,4.5,8.3,Low
Good,Very Light,7.9,Very Energized,Social,Yes,1.7,10.2,Very Low
Good,Heavy,6.9,Energized,Moderate,Yes,3.7,7.4,Low
Low Mood,Heavy,7.3,Okay,Social,Yes,4.8,6.0,Normal
Good,Heavy,6.2,Okay,Moderate,No,5.5,2.2,Normal
Low Mood,Very Heavy,6.3,Okay,Moderate,Yes,8.0,2.1,Normal
Low Mood,Moderate,7.5,Tired,Moderate,No,3.7,7.8,Normal
Stressed,Heavy,7.1,Okay,Moderate,No,5.2,6.0,High
Good,Heavy,6.5,Energized,Social,Yes,4.0,4.4,Low
Stressed,Heavy,4.5,Tired,None,No,8.0,1.0,Very High
Good,Moderate,7.5,Energized,Very Social,Yes,4.9,7.8,Low
Low Mood,Heavy,8.5,Tired,Minimal,No,5.9,5.9,Normal
Low Mood,Moderate,6.9,Tired,None,No,6.5,2.2,Normal
Good,Heavy,7.5,Tired,Moderate,Yes,5.3,6.7,Normal
Low Mood,Moderate,7.7,Okay,Moderate,Yes,3.2,4.6,Normal
Good,Light,7.6,Energized,Social,Yes,4.6,8.8,Low
Okay,Moderate,8.3,Very Energized,Social,Yes,2.3,7.4,Low
Good,Moderate,6.2,Energized,Social,Yes,3.7,7.0,Low
Stressed,Heavy,6.7,Exhausted,Minimal,Yes,7.0,5.0,High
Low Mood,Heavy,7.5,Tired,Social,No,5.5,4.6,High
Good,Moderate,8.9,Energized,Very Social,No,4.0,8.5,Low
Stressed,Heavy,5.5,Tired,Minimal,No,6.5,4.7,High
Okay,Heavy,7.0,Tired,Social,Yes,4.3,4.6,Normal
Okay,Moderate,6.6,Energized,Social,Yes,5.8,4.4,Low
Good,Moderate,6.8,Energized,Social,No,4.9,5.4,Low
Low Mood,Heavy,7.7,Energized,Social,No,3.7,4.4,Normal
Low Mood,Moderate,6.0,Okay,None,Yes,5.5,3.1,Normal
Okay,Very Light,9.2,Very Energized,Social,Yes,4.7,5.8,Very Low
Low Mood,Very Heavy,5.3,Exhausted,Minimal,No,7.2,1.3,Very High
Low Mood,Moderate,6.4,Tired,Minimal,Yes,4.4,5.1,Normal
Low Mood,Very Heavy,5.2,Tired,None,No,6.4,2.9,Very High
Great,Moderate,7.2,Okay,Very Social,No,4.4,5.5,Low
Good,Light,8.1,Very Energized,Social,No,4.3,7.4,Very Low
Okay,Light,7.0,Tired,None,Yes,8.0,3.8,Normal
Low Mood,Light,8.4,Okay,Moderate,Yes,5.8,7.6,Normal
Low Mood,Moderate,6.1,Exhausted,None,No,6.1,2.0,High
Great,Light,7.7,Energized,Very Social,Yes,1.2,9.4,Very Low
Good,Light,9.2,Energized,Very Social,Yes,2.0,10.2,Very Low
Good,Light,7.3,Energized,Moderate,Yes,2.7,7.4,Low
Good,Very Light,9.2,Energized,Social,Yes,2.2,7.2,Very Low
Low Mood,Heavy,5.2,Exhausted,Minimal,No,7.4,2.4,High
Stressed,Moderate,5.3,Okay,Moderate,No,7.0,3.4,High
Low Mood,Moderate,6.6,Tired,Minimal,No,5.2,6.1,Normal
Good,Heavy,7.6,Okay,Social,Yes,4.5,4.0,Low
Low Mood,Moderate,7.8,Tired,Social,Yes,4.3,6.6,Normal
Low Mood,Very Heavy,6.9,Okay,None,Yes,5.6,3.3,High
Great,Very Light,8.7,Okay,Social,Yes,4.3,8.3,Very Low
Okay,Light,7.2,Energized,Very Social,No,3.6,6.0,Low
Low Mood,Very Heavy,6.2,Okay,Minimal,No,9.0,2.9,High
Stressed,Heavy,5.2,Okay,Minimal,No,6.4,5.4,High
Great,Light,8.0,Very Energized,Social,Yes,1.6,7.5,Very Low
Low Mood,Moderate,6.5,Okay,None,Yes,7.5,2.4,Normal
Great,Very Light,8.8,Okay,Social,Yes,4.6,7.3,Very Low
Low Mood,Moderate,6.6,Tired,Social,Yes,5.1,6.9,Normal
Okay,Light,7.1,Energized,Moderate,Yes,2.5,8.2,Low
Stressed,Light,5.8,Okay,Moderate,No,7.9,3.8,Normal
Good,Light,8.6,Energized,Moderate,Yes,3.8,5.9,Low
Great,Moderate,7.2,Okay,Moderate,Yes,4.6,7.1,Low
Great,Moderate,7.9,Very Energized,Moderate,Yes,4.4,7.5,Very Low
Okay,Light,8.3,Okay,Social,Yes,5.4,6.2,Low
Low Mood,Light,7.1,Tired,Minimal,Yes,5.3,7.0,Normal
Low Mood,Heavy,7.9,Okay,Moderate,Yes,5.0,6.1,Normal
Low Mood,Heavy,6.4,Okay,Minimal,No,8.5,2.2,Normal
Good,Very Light,7.6,Energized,Very Social,Yes,4.4,5.1,Very Low
Great,Light,7.4,Okay,Very Social,No,4.4,7.0,Very Low
Low Mood,Very Heavy,5.7,Exhausted,Minimal,No,9.8,1.3,Very High
Good,Very Light,8.4,Energized,Very Social,No,1.0,9.1,Very Low
Stressed,Moderate,6.7,Okay,Minimal,No,5.9,4.4,High
Okay,Very Light,7.1,Okay,Social,No,2.5,5.6,Low
Okay,Very Heavy,6.6,Okay,Minimal,No,8.4,2.7,High
Good,Very Light,9.9,Very Energized,Very Social,Yes,1.5,8.7,Very Low
Great,Light,9.6,Energized,Social,Yes,1.4,8.2,Very Low
Stressed,Very Heavy,4.7,Exhausted,None,Yes,7.3,4.0,Very High
Good,Light,8.3,Tired,Social,No,4.7,6.8,Low
Okay,Heavy,6.7,Okay,Social,Yes,3.9,7.9,Normal
Good,Heavy,6.8,Energized,Social,Yes,4.3,7.1,Low
Good,Moderate,8.9,Very Energized,Moderate,No,2.4,7.5,Very Low
Okay,Light,7.6,Very Energized,Moderate,Yes,3.6,5.3,Low
Good,Very Light,9.2,Very Energized,Social,Yes,3.9,9.0,Very Low
Low Mood,Light,7.5,Tired,Moderate,No,4.8,7.6,Normal
Good,Light,6.9,Energized,Social,No,4.9,5.7,Low
Low Mood,Heavy,5.6,Okay,Moderate,No,8.4,5.6,Normal
Okay,Light,7.2,Okay,Moderate,No,2.1,8.8,Normal
Okay,Moderate,6.0,Tired,None,Yes,6.7,3.1,Normal
Good,Light,8.1,Tired,Social,No,4.1,5.3,Low
Good,Heavy,6.5,Okay,Social,Yes,3.9,6.2,Low
Okay,Moderate,6.0,Tired,Minimal,No,8.2,2.9,Normal
Okay,Heavy,6.3,Okay,Social,Yes,4.5,5.4,Normal
Good,Light,6.4,Okay,Moderate,No,3.1,4.8,Low
Okay,Light,7.9,Okay,Minimal,No,5.6,6.8,Low
Great,Very Light,8.9,Very Energized,Moderate,Yes,3.5,9.2,Very Low
Okay,Moderate,7.0,Okay,Minimal,Yes,5.7,4.0,Low
Low Mood,Moderate,7.1,Energized,Moderate,Yes,5.6,5.1,Low
Low Mood,Moderate,8.2,Okay,Social,No,4.7,6.7,Normal
Low Mood,Heavy,5.6,Okay,None,Yes,6.9,3.6,High
Great,Light,8.1,Energized,Moderate,Yes,3.8,9.7,Very Low
Great,Moderate,8.2,Energized,Social,Yes,3.7,5.8,Very Low
Okay,Light,6.2,Okay,Minimal,Yes,4.8,6.2,Low
Low Mood,Moderate,6.8,Okay,None,No,5.4,5.4,Normal
Okay,Heavy,6.8,Energized,Minimal,No,5.5,4.2,Normal
Good,Moderate,8.1,Tired,Minimal,No,5.1,7.8,Normal
Great,Very Light,9.2,Okay,Social,No,3.1,5.6,Very Low
Okay,Heavy,7.3,Okay,Social,No,4.9,4.3,Normal
Low Mood,Light,7.8,Okay,Moderate,No,5.8,4.5,Low
Low Mood,Very Heavy,4.1,Tired,None,Yes,9.1,3.5,High
Okay,Moderate,6.2,Okay,Moderate,Yes,3.4,6.8,Normal
Great,Light,8.7,Okay,Very Social,No,4.2,9.5,Low
Stressed,Moderate,5.4,Tired,Moderate,No,5.7,5.5,High
Low Mood,Light,7.0,Exhausted,Minimal,No,7.9,5.6,Normal
Okay,Heavy,7.8,Okay,Social,No,4.9,4.0,Normal
Good,Moderate,8.4,Energized,Moderate,No,4.8,9.7,Low
Good,Heavy,7.6,Tired,Minimal,Yes,5.8,6.9,Normal
Okay,Moderate,7.6,Okay,Social,Yes,5.3,4.7,Low
Okay,Moderate,8.1,Energized,Moderate,No,4.4,7.1,Normal
Okay,Moderate,6.0,Tired,None,Yes,8.1,3.5,Normal
Stressed,Very Heavy,4.6,Tired,Minimal,Yes,8.5,2.1,Very High
Low Mood,Heavy,6.0,Tired,Social,Yes,5.4,4.3,High
Good,Light,7.9,Okay,Very Social,No,2.8,9.2,Low
Good,Light,7.9,Okay,Moderate,Yes,3.6,6.0,Low
Okay,Light,7.4,Energized,Social,Yes,2.2,7.3,Low
Good,Very Light,9.1,Energized,Social,Yes,3.9,9.8,Very Low
Great,Light,8.6,Very Energized,Very Social,Yes,1.6,9.8,Very Low
Good,Moderate,9.9,Energized,Social,Yes,3.6,9.9,Low
Okay,Moderate,7.6,Energized,Social,Yes,2.8,5.1,Low
Good,Light,7.4,Energized,Social,No,4.2,7.6,Very Low
Stressed,Moderate,5.5,Exhausted,None,No,7.7,4.0,High
Okay,Light,7.5,Okay,Social,Yes,4.9,7.4,Low
Good,Heavy,7.5,Tired,Social,No,5.6,4.2,Normal
Okay,Light,8.4,Very Energized,Very Social,Yes,4.1,7.8,Very Low
Low Mood,Very Heavy,5.8,Tired,Minimal,No,7.2,3.3,High
Low Mood,Heavy,6.0,Okay,Minimal,Yes,4.2,7.5,Normal
Okay,Heavy,6.8,Okay,Moderate,Yes,3.5,5.0,Normal
Great,Very Light,8.9,Very Energized,Moderate,Yes,4.9,7.6,Very Low
Good,Moderate,8.5,Very Energized,Very Social,Yes,2.9,6.4,Very Low
Low Mood,Heavy,6.1,Tired,Moderate,No,7.5,5.8,High
Stressed,Very Heavy,5.5,Exhausted,None,No,6.6,3.0,Very High
Low Mood,Moderate,7.5,Okay,Moderate,Yes,6.0,7.5,Normal
Great,Very Light,8.0,Energized,Very Social,Yes,1.2,12.0,Very Low
Good,Very Light,9.4,Very Energized,Very Social,Yes,3.6,11.9,Very Low
Good,Moderate,8.3,Very Energized,Social,Yes,4.0,5.5,Low
Stressed,Very Heavy,4.3,Exhausted,None,No,8.9,1.9,Very High
Stressed,Heavy,4.5,Tired,None,No,7.5,3.3,High
Good,Very Light,9.4,Very Energized,Very Social,Yes,2.0,7.8,Very Low
Low Mood,Moderate,5.0,Exhausted,Minimal,Yes,8.9,3.0,High
Good,Heavy,5.4,Okay,Minimal,No,7.1,2.9,Normal
Low Mood,Heavy,6.2,Okay,Social,No,3.7,4.7,Normal
Great,Light,7.3,Energized,Social,Yes,4.9,6.6,Very Low
Stressed,Heavy,6.0,Exhausted,Moderate,Yes,5.6,4.6,High
Low Mood,Light,7.1,Okay,Minimal,No,4.1,7.0,Normal
Okay,Moderate,6.4,Okay,Minimal,No,7.0,2.6,Normal
Low Mood,Moderate,6.1,Tired,Minimal,Yes,4.8,5.0,Normal
Good,Light,6.5,Energized,Moderate,No,4.5,6.8,Very Low
Good,Very Light,8.0,Energized,Moderate,Yes,3.9,8.7,Very Low
Low Mood,Light,6.9,Tired,Moderate,No,6.0,6.5,Normal
Low Mood,Moderate,6.3,Okay,Minimal,No,4.8,4.4,Normal
Stressed,Heavy,5.8,Tired,Minimal,No,8.8,3.6,Very High
Low Mood,Heavy,8.1,Energized,Social,Yes,5.6,5.3,Normal
Okay,Very Light,7.6,Okay,Moderate,No,5.7,5.9,Low
Okay,Light,7.8,Energized,Minimal,Yes,4.6,5.2,Low
Great,Very Light,8.6,Very Energized,Social,Yes,4.8,7.1,Very Low
Okay,Heavy,6.4,Exhausted,Minimal,No,5.3,4.1,Normal
Okay,Heavy,5.1,Exhausted,Moderate,Yes,8.8,4.7,High
Good,Very Light,9.3,Energized,Moderate,Yes,3.9,7.4,Very Low
Good,Light,9.1,Very Energized,Social,Yes,4.9,9.5,Very Low
Stressed,Very Heavy,5.2,Exhausted,Moderate,Yes,5.4,3.1,High
Good,Light,6.7,Okay,Moderate,Yes,5.8,6.6,Low
Low Mood,Heavy,6.0,Energized,Social,Yes,4.5,7.7,Normal
Okay,Light,6.3,Okay,Minimal,Yes,5.9,7.9,Normal
Great,Light,8.6,Energized,Social,No,4.6,8.1,Very Low
Low Mood,Heavy,8.0,Tired,Minimal,Yes,5.6,4.5,High
Stressed,Very Heavy,5.5,Exhausted,Moderate,No,8.0,3.2,Very High
Okay,Moderate,6.0,Tired,Minimal,No,5.3,5.9,Normal
Okay,Very Light,8.7,Very Energized,Social,No,3.2,8.0,Very Low
Okay,Light,6.4,Tired,Social,Yes,5.8,5.8,Low
Low Mood,Heavy,4.1,Exhausted,None,No,9.4,3.0,High
Okay,Heavy,6.0,Okay,Moderate,Yes,5.6,5.2,Normal
Okay,Light,6.2,Okay,Social,No,6.0,4.0,Normal
Good,Light,6.8,Okay,Minimal,No,3.5,6.8,Low
Good,Moderate,7.8,Energized,Very Social,No,4.1,8.6,Low
Okay,Moderate,8.6,Energized,Social,No,3.3,7.4,Normal
Low Mood,Moderate,6.4,Tired,Moderate,Yes,7.1,4.0,Normal
Great,Light,9.4,Okay,Very Social,No,4.1,8.2,Low
Low Mood,Moderate,8.0,Tired,Minimal,No,3.4,7.7,Normal
Low Mood,Moderate,7.0,Tired,Moderate,No,7.4,2.9,High
Stressed,Heavy,5.2,Okay,Minimal,No,8.0,2.7,High
Good,Light,6.3,Energized,Moderate,Yes,5.9,4.9,Very Low
Low Mood,Very Heavy,4.3,Tired,Minimal,No,9.5,3.9,Very High
Good,Moderate,7.3,Energized,Social,Yes,5.9,4.9,Low
Okay,Light,8.3,Energized,Social,No,3.1,5.2,Low
Great,Moderate,7.0,Very Energized,Moderate,Yes,4.7,6.8,Very Low
Stressed,Heavy,5.5,Tired,None,No,7.9,1.8,High
Low Mood,Very Heavy,5.6,Exhausted,None,No,7.8,3.1,High
Okay,Heavy,8.2,Tired,Social,No,3.5,7.3,Normal
Great,Very Light,7.9,Very Energized,Very Social,Yes,1.3,10.3,Very Low
Low Mood,Moderate,8.4,Okay,Minimal,No,4.1,6.4,Normal
Low Mood,Very Heavy,4.4,Exhausted,Minimal,Yes,9.1,3.9,High
Good,Light,9.3,Energized,Moderate,Yes,2.9,8.2,Low
Okay,Light,7.7,Energized,Social,Yes,5.2,4.1,Low
Low Mood,Heavy,8.4,Energized,Minimal,Yes,5.9,4.0,Normal
Low Mood,Heavy,6.6,Okay,None,No,5.3,2.6,Normal
Good,Moderate,6.8,Tired,Moderate,Yes,5.1,6.6,Normal
Okay,Heavy,6.7,Exhausted,None,No,5.7,4.2,High
Great,Moderate,7.8,Energized,Social,Yes,2.4,11.3,Very Low
Stressed,Very Heavy,6.7,Okay,Moderate,No,8.4,2.8,High
Okay,Heavy,7.0,Tired,Social,No,3.1,6.5,Normal
Stressed,Very Heavy,4.7,Tired,Minimal,No,7.4,1.4,Very High
Stressed,Heavy,5.5,Tired,None,No,9.3,1.1,Very High
Low Mood,Heavy,8.5,Okay,Social,Yes,5.7,7.9,Normal
Low Mood,Heavy,6.3,Okay,Minimal,No,5.6,6.7,Normal
Great,Very Light,9.2,Very Energized,Social,Yes,3.3,7.5,Very Low
Good,Moderate,9.4,Very Energized,Very Social,No,4.4,6.1,Low
Good,Moderate,7.4,Okay,Social,Yes,5.5,4.6,Low
Great,Light,7.7,Okay,Moderate,No,4.8,6.6,Low
Okay,Moderate,6.0,Tired,Moderate,No,6.8,3.5,Normal
Stressed,Heavy,5.6,Tired,Moderate,Yes,5.5,4.3,Normal
Okay,Heavy,6.8,Tired,None,No,6.4,3.8,Normal
Low Mood,Moderate,6.9,Tired,Moderate,No,7.6,5.4,Normal
Good,Heavy,7.5,Tired,Minimal,No,3.6,6.7,Normal
Stressed,Very Heavy,6.6,Exhausted,Moderate,Yes,6.8,2.7,High
Stressed,Very Heavy,6.9,Tired,None,Yes,6.4,2.4,High
Good,Heavy,7.1,Tired,Minimal,Yes,4.7,4.9,Normal
Okay,Light,7.7,Energized,Moderate,Yes,3.4,4.2,Low
Good,Moderate,8.3,Very Energized,Social,Yes,2.6,9.7,Low
Okay,Moderate,6.2,Okay,Minimal,Yes,5.1,4.4,Normal
Good,Light,8.1,Okay,Moderate,Yes,3.6,6.7,Low
Okay,Very Heavy,6.3,Exhausted,Moderate,No,6.8,3.1,High
Good,Light,8.9,Very Energized,Social,No,3.6,11.7,Very Low
Great,Very Light,9.9,Energized,Very Social,Yes,1.7,8.7,Very Low
Low Mood,Very Heavy,7.3,Tired,Social,Yes,5.0,4.7,Normal
Okay,Heavy,7.4,Energized,Moderate,Yes,6.0,6.0,Low
Okay,Moderate,5.9,Okay,Moderate,No,7.5,2.2,Normal
Good,Moderate,9.5,Very Energized,Very Social,Yes,3.9,7.3,Low
Okay,Heavy,8.1,Tired,Social,Yes,4.1,4.9,Normal
Good,Light,9.9,Energized,Very Social,No,1.8,10.1,Low
Stressed,Very Heavy,5.8,Tired,Minimal,No,7.3,2.8,High
Low Mood,Heavy,7.7,Energized,Social,Yes,5.6,7.8,Normal
Low Mood,Moderate,8.0,Tired,Moderate,No,5.9,6.0,Normal
Low Mood,Moderate,8.3,Energized,Minimal,Yes,5.0,4.2,Low
Low Mood,Light,8.4,Tired,Social,No,4.0,4.2,Normal
Stressed,Very Heavy,6.6,Tired,Moderate,No,5.5,2.8,High
Stressed,Heavy,6.2,Exhausted,None,No,5.4,4.7,High
Great,Moderate,9.0,Okay,Very Social,Yes,4.2,9.9,Very Low
Okay,Very Light,7.4,Energized,Moderate,No,4.4,7.1,Low
Stressed,Heavy,5.1,Tired,Moderate,Yes,7.5,5.6,Normal
Low Mood,Heavy,5.9,Exhausted,Moderate,No,7.0,5.8,High
Low Mood,Moderate,6.1,Tired,None,No,8.1,3.6,High
Great,Light,8.9,Okay,Very Social,No,3.1,9.1,Low
Good,Moderate,8.6,Energized,Moderate,No,2.5,9.3,Low
Okay,Heavy,4.2,Tired,None,No,9.3,1.9,High
Okay,Heavy,6.6,Okay,Minimal,Yes,3.4,4.1,Normal
Great,Light,8.7,Very Energized,Social,Yes,2.1,10.5,Very Low
Low Mood,Light,6.6,Energized,Social,Yes,5.4,6.6,Low
Great,Moderate,7.3,Very Energized,Very Social,Yes,4.7,6.8,Very Low
Good,Moderate,8.2,Energized,Moderate,Yes,5.2,5.0,Low
Stressed,Very Heavy,5.7,Exhausted,None,No,7.6,3.9,Very High
Low Mood,Moderate,6.4,Tired,Minimal,No,6.1,5.5,Normal
Great,Moderate,7.6,Tired,Moderate,Yes,5.0,5.5,Low
Good,Very Light,8.5,Very Energized,Social,Yes,3.4,7.9,Very Low
Okay,Very Light,8.8,Very Energized,Moderate,Yes,2.7,6.9,Very Low
Okay,Heavy,8.4,Okay,Social,No,3.1,5.2,Normal
Stressed,Heavy,4.7,Tired,None,No,7.6,2.5,High
Okay,Light,6.5,Okay,Minimal,Yes,4.9,5.7,Low
Good,Light,8.9,Very Energized,Social,Yes,2.9,7.9,Very Low
Stressed,Moderate,5.7,Tired,Minimal,No,7.2,3.7,High
Low Mood,Very Heavy,5.4,Okay,None,No,8.1,2.5,High
Good,Very Light,8.7,Very Energized,Moderate,Yes,4.7,7.6,Very Low
Low Mood,Heavy,8.3,Tired,Social,Yes,5.6,5.8,Normal
Low Mood,Moderate,8.3,Okay,Minimal,No,5.4,7.7,Normal
Okay,Moderate,6.3,Energized,Moderate,Yes,3.5,7.4,Low
Great,Light,8.7,Energized,Very Social,Yes,2.4,11.2,Very Low
Low Mood,Light,7.9,Tired,Social,No,5.7,4.0,Normal
Okay,Moderate,7.5,Tired,Social,Yes,4.0,5.7,Low
Stressed,Very Heavy,4.5,Exhausted,Minimal,No,8.6,1.1,Very High
Good,Moderate,7.2,Energized,Moderate,Yes,3.7,4.1,Low
Great,Moderate,7.5,Very Energized,Social,Yes,4.3,7.7,Very Low
Low Mood,Light,9.3,Very Energized,Moderate,Yes,2.8,9.2,Low
Great,Moderate,9.1,Very Energized,Social,Yes,3.9,6.2,Very Low
Low Mood,Heavy,5.1,Okay,None,Yes,6.0,3.6,High
Okay,Very Heavy,5.2,Okay,None,No,7.1,2.3,High
Stressed,Heavy,6.6,Tired,Minimal,No,6.7,2.7,High
Low Mood,Light,8.3,Okay,Moderate,No,3.7,5.9,Low
Low Mood,Moderate,6.5,Tired,Minimal,Yes,4.4,4.5,Normal
Good,Light,7.8,Very Energized,Very Social,Yes,1.5,12.0,Very Low
Low Mood,Heavy,5.9,Tired,None,Yes,7.6,3.3,Normal
Okay,Very Light,7.8,Very Energized,Moderate,No,4.7,9.1,Low
Low Mood,Moderate,7.8,Energized,Moderate,No,5.1,4.1,Normal
Great,Very Light,9.1,Very Energized,Social,No,3.8,8.1,Low
Great,Light,7.9,Energized,Social,Yes,1.1,11.9,Very Low
Good,Very Light,9.9,Energized,Social,Yes,1.2,11.3,Very Low
Stressed,Very Heavy,5.7,Exhausted,Minimal,Yes,9.7,2.0,Very High
Great,Light,7.2,Very Energized,Moderate,Yes,2.5,9.7,Very Low
Good,Moderate,7.9,Tired,Social,Yes,4.0,7.5,Low
Great,Very Light,7.2,Very Energized,Social,Yes,3.0,9.7,Very Low
Stressed,Heavy,6.6,Exhausted,Minimal,Yes,5.5,3.4,High
Okay,Very Light,8.6,Okay,Social,No,2.8,7.9,Low
Great,Light,9.8,Very Energized,Very Social,Yes,2.7,12.0,Very Low
Great,Light,8.7,Very Energized,Social,Yes,1.0,8.3,Very Low
Great,Very Light,8.8,Very Energized,Moderate,Yes,3.4,8.1,Very Low
Okay,Very Heavy,5.9,Tired,None,No,9.1,2.1,High
Good,Light,8.8,Energized,Social,No,2.2,6.1,Low
Low Mood,Heavy,5.9,Tired,Minimal,No,9.6,2.0,High
Low Mood,Very Heavy,4.4,Exhausted,Minimal,Yes,8.9,1.4,High
Okay,Very Light,9.1,Energized,Moderate,No,2.7,8.8,Low
Good,Moderate,8.7,Very Energized,Social,Yes,2.6,11.8,Very Low
Stressed,Heavy,5.6,Tired,Minimal,No,8.1,3.7,High
Low Mood,Very Heavy,5.4,Tired,None,No,8.7,3.2,High
Good,Light,7.9,Tired,Minimal,No,4.1,6.5,Low
Low Mood,Moderate,7.1,Tired,Minimal,No,3.0,7.6,Normal
Great,Very Light,10.0,Energized,Social,No,1.8,7.4,Very Low
Okay,Very Heavy,6.4,Exhausted,None,No,8.3,2.6,High
Low Mood,Heavy,6.0,Tired,Minimal,No,5.3,6.4,High
Okay,Very Heavy,5.0,Tired,None,No,7.0,1.4,High
Okay,Moderate,9.3,Very Energized,Very Social,Yes,2.3,5.4,Low
Stressed,Very Heavy,5.3,Tired,Minimal,No,6.5,2.9,Very High
Good,Very Light,7.4,Very Energized,Social,No,2.5,9.1,Very Low
Good,Light,7.8,Very Energized,Very Social,Yes,3.0,7.4,Very Low
Okay,Light,7.6,Energized,Moderate,Yes,3.7,9.4,Low
Stressed,Very Heavy,5.2,Exhausted,Minimal,Yes,6.0,2.1,Very High
Low Mood,Heavy,5.5,Tired,Minimal,Yes,5.4,3.2,High
Stressed,Moderate,5.1,Exhausted,None,No,7.0,1.2,High
Good,Light,9.5,Very Energized,Very Social,Yes,1.9,7.8,Very Low
Stressed,Heavy,6.3,Exhausted,None,No,7.3,4.2,High
Great,Moderate,8.3,Energized,Social,No,4.2,9.7,Very Low
Low Mood,Heavy,4.5,Exhausted,None,No,7.6,3.0,High
Okay,Light,7.8,Energized,Minimal,No,5.8,6.6,Low
Okay,Moderate,8.0,Okay,Moderate,No,4.8,9.2,Normal
Good,Moderate,8.3,Tired,Minimal,No,4.7,7.2,Low
Stressed,Very Heavy,5.7,Tired,Minimal,No,8.3,2.5,High
Okay,Light,8.6,Very Energized,Social,No,2.6,8.6,Low
Okay,Very Heavy,6.0,Okay,Minimal,Yes,3.2,8.0,Normal
Okay,Very Light,7.5,Very Energized,Very Social,No,4.7,7.6,Low
Low Mood,Very Heavy,5.7,Okay,Minimal,No,7.8,4.8,High
Great,Light,9.8,Very Energized,Social,No,3.3,9.5,Very Low
Stressed,Very Heavy,4.8,Tired,Minimal,Yes,7.2,2.7,High
Low Mood,Moderate,6.0,Tired,None,Yes,7.5,2.8,High
Low Mood,Moderate,6.7,Okay,Social,Yes,3.8,5.9,Normal
Okay,Moderate,5.3,Tired,Moderate,Yes,5.1,2.3,Normal
Great,Moderate,8.1,Energized,Moderate,Yes,3.8,8.9,Low
Good,Moderate,7.5,Okay,Minimal,Yes,5.7,4.5,Low
Stressed,Very Heavy,5.3,Tired,Minimal,Yes,9.7,2.6,High
Okay,Very Heavy,5.7,Exhausted,None,Yes,5.5,5.0,High
Great,Light,7.7,Very Energized,Moderate,Yes,3.2,9.3,Very Low
Low Mood,Moderate,6.6,Energized,Moderate,Yes,4.8,6.6,Normal
Great,Very Light,9.3,Okay,Social,No,3.2,9.7,Very Low
Low Mood,Very Heavy,6.8,Okay,None,Yes,7.5,3.6,Normal
Great,Moderate,8.0,Energized,Moderate,Yes,4.9,6.9,Very Low
Great,Very Light,7.9,Very Energized,Social,Yes,1.9,10.9,Very Low
Low Mood,Moderate,6.3,Okay,Moderate,No,4.4,7.2,Normal
Low Mood,Moderate,6.2,Tired,Minimal,No,4.8,7.7,High
Good,Heavy,8.4,Tired,Social,No,5.9,4.4,Normal
Okay,Moderate,7.1,Okay,Moderate,Yes,6.0,6.0,Low
Good,Heavy,6.1,Okay,Social,No,3.8,4.4,Normal
Okay,Moderate,6.2,Okay,Social,No,3.6,7.1,Normal
Stressed,Heavy,5.1,Okay,Moderate,No,8.0,5.5,High
Okay,Moderate,5.2,Tired,Moderate,No,5.7,3.4,Normal
Low Mood,Very Heavy,5.2,Tired,Minimal,Yes,7.8,4.0,High
Great,Light,7.6,Very Energized,Social,Yes,3.7,9.9,Very Low
Good,Heavy,8.2,Tired,Moderate,Yes,5.1,4.5,Normal
Stressed,Moderate,6.9,Exhausted,None,No,8.1,5.1,High
Okay,Light,6.4,Tired,Social,No,3.7,5.2,Normal
Great,Light,8.8,Very Energized,Very Social,No,3.1,11.6,Very Low
Low Mood,Very Heavy,6.7,Exhausted,Minimal,No,6.0,4.1,High
Okay,Very Light,9.2,Energized,Social,No,3.4,9.4,Low
Good,Very Light,7.3,Very Energized,Very Social,No,4.4,8.9,Low
Good,Heavy,6.1,Okay,Minimal,Yes,8.3,5.1,Normal
Okay,Heavy,6.8,Tired,Moderate,No,6.9,4.6,Normal
Great,Very Light,9.0,Very Energized,Social,Yes,3.7,9.2,Very Low
Stressed,Very Heavy,4.1,Tired,Minimal,No,7.2,2.7,Very High
Good,Very Light,9.1,Very Energized,Very Social,No,3.4,9.8,Very Low
Low Mood,Heavy,4.2,Tired,Minimal,Yes,7.9,3.4,Normal
Good,Light,8.4,Energized,Minimal,Yes,5.5,6.4,Very Low
Good,Very Light,8.9,Very Energized,Social,No,2.3,9.7,Very Low
Stressed,Very Heavy,4.9,Exhausted,None,No,8.0,1.4,Very High
Good,Light,6.9,Energized,Moderate,Yes,5.3,7.7,Very Low
Good,Heavy,8.2,Energized,Social,No,3.8,6.6,Normal
Low Mood,Heavy,6.1,Tired,None,Yes,8.0,4.2,Normal
Okay,Moderate,8.1,Energized,Social,Yes,4.5,5.9,Low
Okay,Moderate,9.1,Energized,Moderate,Yes,3.8,7.2,Low
Great,Very Light,8.2,Energized,Very Social,Yes,3.8,7.8,Very Low
Low Mood,Very Heavy,4.3,Exhausted,Minimal,No,9.5,2.3,High
Low Mood,Moderate,6.8,Okay,Minimal,Yes,4.5,5.8,Normal
Okay,Light,9.1,Very Energized,Social,No,3.1,8.4,Low
Okay,Heavy,8.1,Energized,Minimal,Yes,4.5,6.3,Low
Great,Light,8.4,Energized,Very Social,Yes,1.8,7.2,Very Low
Okay,Very Light,8.4,Energized,Very Social,No,3.6,6.1,Very Low
Okay,Heavy,7.9,Okay,Social,Yes,4.4,6.8,Normal
Stressed,Very Heavy,4.7,Tired,None,No,8.1,2.8,High
Stressed,Very Heavy,4.3,Exhausted,Minimal,No,7.2,3.7,Very High
Stressed,Heavy,4.1,Tired,Minimal,No,7.6,3.4,Very High
Okay,Moderate,7.8,Very Energized,Moderate,No,2.4,9.3,Low
Okay,Heavy,7.3,Energized,Moderate,No,3.5,5.8,Normal
Low Mood,Heavy,4.4,Exhausted,Minimal,No,8.5,1.9,Very High
Stressed,Heavy,5.3,Okay,None,No,7.7,4.8,High
Good,Heavy,7.0,Tired,Minimal,No,5.3,5.7,Normal
Low Mood,Moderate,6.9,Energized,Moderate,Yes,6.0,7.2,Low
Low Mood,Very Heavy,6.8,Okay,Minimal,No,5.6,5.5,High
Good,Moderate,7.7,Very Energized,Moderate,Yes,4.4,8.7,Very Low
Okay,Very Light,7.6,Very Energized,Very Social,Yes,3.4,6.4,Very Low
Okay,Moderate,5.8,Tired,Minimal,No,6.3,4.1,Normal
Okay,Very Light,9.5,Okay,Social,Yes,3.6,6.5,Low
Okay,Moderate,9.5,Very Energized,Very Social,No,3.1,9.4,Low
Good,Moderate,6.3,Energized,Social,Yes,3.5,5.8,Low
Good,Moderate,7.1,Energized,Moderate,Yes,4.8,4.6,Low
Great,Very Light,8.6,Very Energized,Very Social,Yes,2.2,9.3,Very Low
Good,Very Light,7.4,Very Energized,Very Social,Yes,4.8,5.0,Very Low
Good,Light,7.4,Okay,Social,Yes,3.5,5.6,Low
Okay,Heavy,7.0,Exhausted,Minimal,No,8.8,5.0,High
Stressed,Heavy,5.0,Exhausted,Moderate,No,6.9,2.0,Very High
Low Mood,Very Heavy,6.4,Okay,Moderate,No,6.9,5.0,High
Good,Very Light,8.6,Very Energized,Social,Yes,2.7,8.8,Very Low
Okay,Very Heavy,5.2,Okay,Moderate,No,8.9,5.8,Normal
Good,Light,8.3,Very Energized,Very Social,No,2.0,8.4,Very Low
Good,Light,6.6,Tired,Minimal,No,3.5,5.4,Low
Good,Moderate,7.4,Very Energized,Very Social,No,2.2,8.6,Low
Stressed,Heavy,5.9,Tired,Moderate,No,7.1,5.1,High
Okay,Heavy,7.2,Okay,Minimal,Yes,5.9,4.3,Normal
Good,Heavy,7.3,Okay,Social,No,4.5,5.7,Normal
Low Mood,Heavy,7.0,Tired,Moderate,No,5.6,4.0,High
Low Mood,Moderate,5.4,Tired,Minimal,Yes,8.0,1.8,Normal
Okay,Moderate,5.0,Tired,Moderate,Yes,5.1,3.9,Normal
Great,Moderate,7.4,Okay,Moderate,Yes,5.0,6.9,Low
Low Mood,Moderate,5.1,Okay,Minimal,No,8.1,4.1,Normal
Okay,Very Heavy,5.4,Okay,Moderate,No,6.7,5.6,Normal
Great,Light,7.9,Energized,Social,No,4.3,9.4,Very Low
Stressed,Moderate,6.6,Tired,Moderate,No,7.2,4.1,High
Low Mood,Moderate,6.3,Energized,Minimal,Yes,4.3,6.0,Normal
Stressed,Very Heavy,5.0,Tired,Minimal,Yes,7.6,1.1,Very High
Low Mood,Moderate,5.9,Tired,Minimal,No,6.4,3.0,Normal
Good,Very Light,8.3,Very Energized,Social,Yes,3.2,9.4,Very Low
Low Mood,Heavy,5.0,Exhausted,None,No,8.1,3.2,High
Okay,Moderate,9.0,Okay,Moderate,Yes,2.3,6.6,Low
Good,Very Light,8.9,Very Energized,Very Social,Yes,3.1,9.2,Very Low
Low Mood,Heavy,6.0,Tired,Moderate,Yes,3.1,5.1,Normal
Low Mood,Moderate,6.7,Tired,None,No,6.5,4.6,Normal
Okay,Very Heavy,5.6,Okay,Moderate,No,7.8,2.2,Normal
Low Mood,Light,8.5,Energized,Social,Yes,6.0,6.9,Low
Great,Light,8.5,Energized,Very Social,Yes,3.2,7.4,Very Low
Great,Light,8.7,Energized,Very Social,Yes,2.2,7.9,Very Low
Stressed,Very Heavy,5.4,Okay,None,No,8.3,4.6,Very High
Stressed,Very Heavy,5.4,Exhausted,None,No,7.7,3.5,Very High
Okay,Very Heavy,5.4,Okay,Moderate,No,8.1,2.0,High
Stressed,Heavy,5.6,Tired,Moderate,No,6.3,4.6,High
Okay,Heavy,7.0,Exhausted,Moderate,Yes,6.8,4.1,Normal
Great,Heavy,8.3,Okay,Moderate,No,4.6,7.7,Low
Good,Very Light,7.8,Energized,Social,Yes,2.9,7.3,Very Low
Good,Moderate,9.4,Okay,Very Social,No,3.7,5.8,Low
Good,Very Light,8.7,Energized,Very Social,Yes,2.2,8.0,Very Low
Good,Moderate,7.5,Okay,Social,Yes,3.3,6.3,Low
Stressed,Very Heavy,5.5,Okay,Moderate,No,8.9,5.2,High
Good,Moderate,7.9,Very Energized,Very Social,Yes,2.7,5.8,Very Low
Good,Very Light,7.8,Very Energized,Social,Yes,1.8,7.8,Very Low
Okay,Heavy,5.9,Okay,Minimal,No,7.1,5.9,High
Stressed,Moderate,5.8,Tired,Moderate,No,7.2,3.4,High
Okay,Very Heavy,4.4,Tired,None,Yes,8.5,2.5,High
Low Mood,Heavy,8.4,Energized,Minimal,Yes,3.2,7.3,Normal
Good,Moderate,6.7,Energized,Moderate,Yes,6.0,7.6,Low
Great,Light,9.6,Very Energized,Social,Yes,2.4,8.3,Very Low
Okay,Heavy,7.5,Okay,Moderate,No,5.9,5.7,Normal
Good,Heavy,6.4,Tired,Moderate,No,4.3,4.2,Normal
Stressed,Heavy,5.7,Exhausted,Minimal,No,9.8,2.8,High
Good,Light,6.5,Energized,Minimal,Yes,3.3,5.8,Low
Low Mood,Very Heavy,6.8,Tired,Moderate,No,7.0,3.6,High
Okay,Moderate,5.5,Exhausted,Moderate,No,8.9,5.3,Normal
Okay,Light,8.2,Energized,Moderate,No,4.7,5.4,Low
Good,Heavy,7.2,Okay,Moderate,Yes,5.9,6.2,Low
Great,Very Light,7.5,Okay,Very Social,Yes,3.9,6.2,Very Low
Stressed,Heavy,5.8,Tired,Minimal,No,7.7,2.1,High
Good,Light,7.7,Energized,Social,Yes,3.0,7.1,Very Low
Okay,Moderate,7.9,Tired,Minimal,No,4.8,7.4,Normal
Good,Heavy,6.5,Okay,Minimal,No,3.9,7.9,Normal
Great,Moderate,7.2,Very Energized,Very Social,No,3.7,6.6,Very Low
Good,Light,7.5,Energized,Social,Yes,3.2,9.7,Very Low
Good,Very Light,7.8,Very Energized,Social,No,1.9,10.8,Very Low
Okay,Very Light,8.4,Very Energized,Social,Yes,4.4,8.0,Low
Good,Very Light,9.4,Very Energized,Social,Yes,1.3,11.1,Very Low
Stressed,Very Heavy,4.1,Tired,None,Yes,9.7,2.3,Very High
Great,Very Light,9.3,Very Energized,Moderate,Yes,3.7,6.4,Very Low
Great,Very Light,9.9,Very Energized,Very Social,Yes,2.5,8.6,Very Low
Great,Moderate,8.4,Energized,Moderate,Yes,4.7,5.1,Very Low
Okay,Moderate,7.0,Tired,Moderate,Yes,4.5,4.2,Normal
Low Mood,Heavy,5.0,Okay,None,No,5.7,2.9,High
Good,Very Light,8.3,Energized,Very Social,Yes,5.0,7.0,Very Low
Great,Moderate,7.4,Okay,Moderate,Yes,2.1,6.6,Low
Great,Very Light,9.4,Energized,Social,Yes,3.3,8.1,Very Low
Good,Light,7.5,Okay,Very Social,Yes,2.2,7.8,Very Low
Good,Heavy,6.7,Okay,Social,Yes,5.6,6.6,Low
Okay,Heavy,6.1,Okay,None,Yes,6.0,3.5,High
Low Mood,Very Heavy,4.2,Exhausted,Minimal,No,8.1,2.9,Very High
Low Mood,Heavy,8.2,Okay,Moderate,Yes,3.3,4.9,Normal
Low Mood,Moderate,5.5,Tired,None,No,7.9,2.9,High
Good,Very Light,9.0,Very Energized,Social,Yes,3.1,7.8,Very Low
Good,Heavy,6.8,Okay,Minimal,Yes,3.5,5.2,Low
Good,Light,6.1,Energized,Moderate,Yes,4.0,6.8,Low
Low Mood,Heavy,6.9,Tired,Minimal,No,4.7,4.3,High
Okay,Very Heavy,6.8,Tired,Moderate,Yes,6.2,5.4,Normal
Great,Light,9.3,Very Energized,Social,Yes,3.9,9.7,Very Low
Good,Heavy,6.1,Tired,Moderate,Yes,3.6,7.1,Normal
Low Mood,Very Heavy,4.2,Exhausted,Minimal,No,7.1,3.9,Very High
Good,Moderate,7.0,Energized,Moderate,Yes,4.4,7.8,Low
Okay,Moderate,7.1,Very Energized,Moderate,Yes,2.2,7.6,Low
Low Mood,Moderate,5.4,Exhausted,Minimal,No,7.1,2.5,High
Okay,Moderate,5.2,Exhausted,None,No,6.0,2.2,High
Great,Very Light,7.3,Okay,Very Social,Yes,2.5,6.2,Very Low
Stressed,Heavy,5.3,Exhausted,None,No,5.6,5.1,High
Okay,Moderate,7.5,Okay,Social,Yes,3.3,5.4,Low
Good,Moderate,6.7,Okay,Moderate,No,5.9,7.2,Normal
Great,Very Light,8.4,Energized,Very Social,Yes,2.5,11.4,Very Low
Low Mood,Light,6.7,Energized,Moderate,Yes,3.6,6.5,Normal
Low Mood,Very Heavy,6.8,Okay,None,No,5.3,4.8,High
Great,Light,8.5,Energized,Social,Yes,2.8,8.4,Very Low
Okay,Light,8.2,Tired,Social,Yes,4.7,7.5,Low
Low Mood,Moderate,6.9,Exhausted,Moderate,No,6.6,3.1,Normal
Stressed,Very Heavy,5.3,Okay,Moderate,Yes,6.0,4.1,High
Good,Very Light,8.4,Energized,Very Social,Yes,1.3,8.5,Very Low
Low Mood,Moderate,6.7,Okay,Minimal,No,7.5,4.7,Normal
Great,Very Light,8.3,Energized,Social,Yes,3.1,8.3,Very Low
Good,Moderate,6.2,Tired,Minimal,Yes,4.2,5.7,Normal
Okay,Light,7.7,Energized,Social,Yes,3.7,7.2,Low
Great,Moderate,7.9,Energized,Social,Yes,2.3,9.1,Low
Okay,Moderate,8.5,Very Energized,Moderate,No,3.5,9.3,Low
Okay,Light,6.3,Energized,Moderate,No,4.5,6.7,Normal
Okay,Moderate,8.6,Energized,Social,Yes,4.9,5.4,Low
Great,Very Light,7.6,Energized,Social,No,3.5,7.8,Low
Okay,Light,7.0,Okay,Very Social,Yes,3.0,5.7,Very Low
Good,Moderate,8.4,Very Energized,Very Social,Yes,4.5,6.0,Low
Okay,Moderate,6.8,Okay,None,No,6.9,2.7,Normal
Good,Light,7.3,Very Energized,Social,No,4.6,8.2,Low
Okay,Very Light,8.4,Energized,Moderate,Yes,2.5,6.3,Low
Okay,Light,8.1,Energized,Social,No,3.4,6.3,Low
Good,Light,7.4,Okay,Moderate,Yes,5.7,7.0,Low
Okay,Moderate,6.4,Okay,Social,Yes,5.4,6.4,Normal
Stressed,Heavy,4.1,Tired,Minimal,No,9.1,1.4,Very High
Okay,Moderate,6.5,Tired,Social,No,4.0,7.1,Normal
Good,Very Light,7.8,Very Energized,Very Social,Yes,1.3,10.6,Very Low
Great,Moderate,7.2,Energized,Social,No,2.2,5.4,Very Low
Great,Light,9.1,Okay,Social,Yes,2.9,9.7,Very Low
Low Mood,Moderate,5.4,Tired,None,No,7.9,3.1,Normal
Low Mood,Very Heavy,5.2,Tired,None,No,7.5,1.2,High
Low Mood,Moderate,6.0,Okay,Minimal,No,6.3,6.0,Normal
Good,Light,8.7,Very Energized,Moderate,Yes,3.6,10.0,Low
Low Mood,Heavy,8.0,Tired,Moderate,No,5.1,6.6,Normal
Stressed,Very Heavy,6.5,Okay,Minimal,Yes,6.2,4.0,High
Okay,Light,9.4,Energized,Very Social,Yes,4.3,6.3,Low
Low Mood,Moderate,8.1,Tired,Minimal,Yes,4.8,7.8,Normal
Low Mood,Very Heavy,5.3,Exhausted,Minimal,No,9.2,2.0,Very High
Good,Very Light,9.6,Very Energized,Social,No,2.1,10.4,Very Low
Okay,Heavy,6.3,Energized,Minimal,Yes,5.5,5.0,Normal
Stressed,Very Heavy,6.0,Tired,Moderate,Yes,8.4,4.0,High
Great,Light,7.4,Very Energized,Social,No,2.2,8.1,Very Low
Low Mood,Very Heavy,5.7,Tired,None,Yes,9.7,2.9,High
Okay,Moderate,6.8,Tired,Moderate,No,5.2,4.9,Normal
Low Mood,Heavy,7.8,Energized,Moderate,No,3.3,7.8,Normal
Okay,Heavy,7.9,Energized,Moderate,No,5.5,6.2,Low
Good,Light,7.0,Tired,Minimal,No,4.6,7.3,Low
Okay,Moderate,6.2,Exhausted,None,No,8.3,4.3,Normal
Good,Very Light,8.6,Very Energized,Social,No,3.6,5.1,Low
Low Mood,Heavy,6.9,Tired,Moderate,No,8.8,3.1,Normal
Okay,Heavy,6.3,Energized,Moderate,Yes,3.2,5.1,Low
Stressed,Very Heavy,5.2,Exhausted,Moderate,No,7.6,5.4,Very High
Good,Very Light,7.8,Very Energized,Very Social,Yes,2.8,10.5,Very Low
Good,Moderate,7.0,Okay,Minimal,No,4.3,5.5,Low
Great,Moderate,7.8,Energized,Moderate,Yes,2.2,8.5,Very Low
Good,Moderate,6.9,Okay,Moderate,Yes,4.7,5.7,Normal
Great,Light,8.9,Energized,Social,Yes,2.8,9.8,Very Low
Good,Moderate,6.8,Energized,Moderate,No,5.8,5.6,Normal
Stressed,Heavy,5.0,Tired,Minimal,No,10.0,3.7,High
Good,Light,8.9,Energized,Social,Yes,3.5,10.5,Low
Good,Very Light,7.7,Energized,Social,Yes,2.7,11.3,Very Low
Low Mood,Very Heavy,5.7,Okay,Minimal,No,5.7,3.2,High
Good,Moderate,9.1,Okay,Social,Yes,3.5,5.7,Low
Stressed,Very Heavy,5.7,Exhausted,Moderate,No,7.5,3.2,Very High
Okay,Very Heavy,6.6,Okay,None,Yes,6.7,3.8,High
Stressed,Very Heavy,4.2,Exhausted,Minimal,No,8.7,2.9,Very High
Good,Moderate,6.5,Tired,Moderate,Yes,4.2,5.9,Normal
Good,Very Light,9.9,Energized,Very Social,Yes,3.6,9.4,Very Low
Good,Moderate,8.5,Okay,Moderate,Yes,3.8,9.1,Low
Low Mood,Moderate,7.7,Okay,Social,Yes,3.3,7.8,Normal
Stressed,Heavy,5.3,Okay,Minimal,Yes,8.0,5.7,High
Okay,Moderate,5.1,Okay,Minimal,No,7.5,2.5,Normal
Good,Heavy,7.6,Tired,Minimal,No,3.5,7.6,Normal
Good,Heavy,7.7,Tired,Social,Yes,4.3,8.0,Low
Low Mood,Moderate,6.0,Energized,Moderate,Yes,5.0,4.2,Normal
Stressed,Heavy,4.5,Tired,None,No,8.5,1.7,High
Okay,Very Heavy,5.4,Tired,None,No,6.6,2.7,High
Good,Light,7.3,Okay,Social,Yes,3.1,5.2,Low
Good,Light,7.4,Tired,Minimal,No,3.7,6.2,Low
Low Mood,Moderate,6.7,Tired,Moderate,Yes,3.7,7.9,Normal
Low Mood,Moderate,6.2,Tired,Minimal,Yes,7.0,2.5,Normal
Great,Moderate,8.8,Okay,Moderate,Yes,2.5,6.3,Low
Good,Light,8.8,Very Energized,Very Social,No,4.4,7.7,Low
Great,Heavy,7.1,Okay,Social,Yes,4.1,5.1,Low
Okay,Light,8.0,Energized,Social,Yes,4.8,9.8,Low
Great,Moderate,9.2,Energized,Moderate,Yes,2.0,9.8,Low
Good,Light,8.1,Energized,Minimal,Yes,3.9,5.7,Low
Low Mood,Heavy,5.9,Tired,Minimal,Yes,8.9,3.3,Normal
Good,Light,7.7,Energized,Social,Yes,4.4,5.2,Low
Low Mood,Very Heavy,5.7,Exhausted,Minimal,No,7.3,1.3,High
Low Mood,Moderate,5.3,Okay,Minimal,Yes,8.2,5.8,Normal
Low Mood,Heavy,4.4,Tired,Minimal,No,8.2,1.7,High
Good,Moderate,7.1,Okay,Social,No,3.1,7.8,Low
Good,Light,9.0,Energized,Social,Yes,4.7,6.5,Very Low
Stressed,Moderate,5.0,Tired,None,Yes,5.6,3.3,Normal
Okay,Moderate,8.2,Energized,Social,No,4.0,4.0,Normal
Okay,Moderate,9.5,Energized,Social,Yes,4.1,5.1,Low
Low Mood,Heavy,7.0,Okay,Minimal,Yes,4.6,5.0,Normal
Stressed,Moderate,6.5,Tired,None,No,5.1,3.0,High
Okay,Moderate,7.8,Energized,Moderate,Yes,3.4,9.7,Low
Good,Very Light,8.7,Energized,Social,Yes,4.8,9.7,Very Low
Low Mood,Heavy,6.6,Tired,Minimal,No,6.2,5.3,High
Okay,Light,7.7,Very Energized,Moderate,Yes,2.8,8.1,Low
Stressed,Moderate,6.3,Okay,None,No,6.6,2.8,Normal
Great,Light,8.8,Energized,Social,No,3.4,9.2,Very Low
Okay,Very Heavy,6.8,Okay,None,No,8.6,4.7,High
Low Mood,Very Heavy,5.6,Exhausted,None,No,8.5,1.9,High
Low Mood,Light,6.1,Energized,Social,Yes,5.6,7.0,Low
Great,Very Light,9.1,Very Energized,Very Social,No,2.4,8.3,Very Low
Low Mood,Moderate,7.2,Okay,Moderate,Yes,4.4,5.6,Normal
Stressed,Very Heavy,5.5,Exhausted,Minimal,No,7.7,2.1,Very High
Good,Moderate,6.2,Okay,Social,No,5.5,6.6,Low
Stressed,Moderate,5.5,Exhausted,Moderate,Yes,5.7,5.6,Normal
Good,Light,8.4,Energized,Social,No,2.4,9.3,Very Low
Stressed,Heavy,4.0,Tired,Minimal,No,8.6,3.2,Very High
Great,Very Light,8.7,Energized,Very Social,No,3.7,7.5,Very Low
Great,Very Light,8.0,Energized,Very Social,No,1.4,9.2,Very Low
Stressed,Heavy,4.4,Exhausted,None,No,8.4,3.3,High
Okay,Light,6.4,Energized,Minimal,Yes,5.0,5.3,Low
Okay,Moderate,7.6,Energized,Very Social,Yes,4.7,8.8,Low
Great,Moderate,6.5,Energized,Social,No,4.7,6.0,Low
Good,Moderate,8.4,Energized,Moderate,Yes,4.8,5.1,Low
Stressed,Heavy,5.1,Exhausted,Minimal,No,9.5,1.3,High
Good,Very Light,9.9,Very Energized,Social,Yes,1.6,10.5,Very Low
Good,Light,6.9,Energized,Minimal,Yes,4.7,7.8,Very Low
Stressed,Very Heavy,5.9,Tired,Minimal,No,7.2,1.6,Very High
Good,Heavy,8.1,Tired,Moderate,Yes,3.3,7.9,Normal
Low Mood,Heavy,8.4,Tired,Social,Yes,3.6,7.8,Normal
Good,Very Light,8.4,Energized,Social,Yes,4.0,7.4,Very Low
Good,Heavy,8.0,Energized,Very Social,Yes,3.1,5.0,Low
Okay,Very Heavy,6.6,Okay,Minimal,No,5.5,5.3,Normal
Okay,Very Heavy,6.0,Exhausted,Minimal,No,8.4,5.9,High
Low Mood,Very Heavy,6.2,Okay,Moderate,No,7.5,3.9,Normal
Okay,Moderate,9.0,Okay,Moderate,Yes,4.1,6.0,Normal
Great,Very Light,7.7,Very Energized,Very Social,No,4.0,9.8,Very Low
Good,Very Light,9.3,Energized,Social,Yes,3.2,11.5,Very Low
Okay,Light,7.1,Okay,Moderate,Yes,5.3,5.0,Low
Low Mood,Light,6.9,Tired,Moderate,No,3.3,5.9,Normal
Good,Very Light,8.0,Very Energized,Very Social,Yes,3.8,10.1,Very Low
Great,Moderate,9.2,Okay,Moderate,No,2.0,8.3,Low
Low Mood,Heavy,7.6,Okay,Moderate,Yes,5.7,5.5,Normal
Great,Moderate,9.3,Energized,Very Social,Yes,2.3,9.3,Very Low
Great,Very Light,9.2,Energized,Social,Yes,4.4,5.2,Very Low
Good,Heavy,7.0,Okay,Social,No,3.8,4.1,Normal
Stressed,Very Heavy,4.7,Exhausted,Minimal,Yes,7.4,3.7,Very High
Good,Very Light,8.0,Energized,Social,Yes,1.9,7.6,Very Low
Okay,Heavy,6.9,Energized,Moderate,No,5.4,6.8,Low
Okay,Very Heavy,6.2,Exhausted,Minimal,No,6.9,4.9,Normal
Okay,Moderate,6.5,Tired,None,No,7.9,5.6,Normal
Stressed,Very Heavy,5.2,Exhausted,Minimal,No,8.3,5.7,Very High
Okay,Very Heavy,5.9,Okay,Minimal,No,5.3,3.2,High
Low Mood,Moderate,5.4,Okay,None,No,5.7,2.2,Normal
Low Mood,Light,7.9,Okay,Minimal,Yes,4.2,5.8,Normal
Good,Moderate,7.4,Okay,Very Social,No,3.1,9.3,Low
Low Mood,Very Heavy,5.3,Exhausted,None,No,7.9,1.3,Very High
Low Mood,Light,6.1,Okay,Minimal,No,4.0,4.7,Normal
Low Mood,Heavy,7.7,Okay,Social,Yes,3.8,5.8,Normal
Okay,Light,8.0,Okay,Moderate,No,4.8,4.2,Low
Stressed,Light,5.5,Okay,Moderate,Yes,5.7,3.6,Normal
Okay,Moderate,8.5,Okay,Very Social,Yes,2.4,8.1,Low
Low Mood,Heavy,8.1,Energized,Moderate,Yes,4.9,5.6,Low
Low Mood,Very Heavy,5.3,Tired,Minimal,No,7.7,1.0,Very High
Okay,Moderate,6.5,Okay,Moderate,Yes,5.8,5.9,Normal
Stressed,Heavy,5.5,Exhausted,None,No,9.0,1.3,High
Stressed,Very Heavy,5.8,Exhausted,Minimal,Yes,9.5,1.7,Very High
Okay,Heavy,6.2,Exhausted,Moderate,No,7.5,4.8,High
Stressed,Heavy,5.8,Exhausted,Moderate,No,5.7,2.2,High
Okay,Heavy,7.8,Okay,Social,Yes,3.3,7.4,Normal
Stressed,Heavy,6.0,Tired,None,No,8.6,2.3,High
Okay,Very Light,7.7,Okay,Social,No,3.7,5.3,Low
Good,Light,8.8,Very Energized,Very Social,Yes,2.3,10.3,Low
Good,Very Light,7.1,Okay,Moderate,No,6.0,5.0,Low
Low Mood,Light,7.1,Okay,Minimal,Yes,3.2,7.5,Normal
Good,Moderate,8.9,Very Energized,Very Social,No,3.3,5.8,Very Low
Okay,Very Heavy,5.1,Tired,Minimal,No,5.4,4.4,High
Okay,Light,8.2,Energized,Very Social,Yes,4.1,6.4,Low
Stressed,Very Heavy,4.7,Tired,None,No,9.7,2.6,Very High
Good,Light,8.1,Energized,Very Social,Yes,2.8,7.0,Very Low
Okay,Moderate,6.1,Okay,Moderate,No,5.0,3.3,Normal
Great,Very Light,8.4,Very Energized,Social,Yes,3.7,9.8,Very Low
Great,Very Light,10.0,Very Energized,Social,Yes,3.5,8.3,Very Low
Stressed,Light,7.9,Tired,Minimal,Yes,5.5,5.9,Normal
Okay,Light,7.5,Energized,Very Social,Yes,4.4,6.9,Low
Great,Very Light,8.4,Okay,Moderate,Yes,3.2,7.6,Very Low
Low Mood,Heavy,5.1,Tired,None,No,9.1,3.6,High
Okay,Moderate,7.6,Very Energized,Moderate,Yes,3.2,5.1,Low
Stressed,Heavy,4.4,Exhausted,Minimal,No,10.0,2.1,Very High
Low Mood,Moderate,7.0,Okay,Minimal,No,8.3,4.8,Normal
Great,Light,7.3,Okay,Moderate,Yes,3.0,8.7,Very Low
Low Mood,Heavy,6.0,Okay,Moderate,Yes,5.7,4.2,Normal
Great,Light,8.0,Energized,Social,Yes,2.0,8.5,Very Low
Great,Light,8.3,Okay,Very Social,No,3.7,8.9,Low
Low Mood,Heavy,6.4,Energized,Social,Yes,4.2,7.2,Low
Low Mood,Heavy,6.3,Tired,Social,No,4.5,7.5,Normal
Low Mood,Very Heavy,4.1,Exhausted,None,No,8.0,1.6,Very High
Great,Moderate,8.2,Energized,Social,Yes,3.0,6.3,Very Low
Stressed,Heavy,5.4,Tired,Minimal,No,5.9,2.3,High
Great,Light,8.1,Okay,Moderate,Yes,4.0,6.5,Very Low
Okay,Light,6.6,Tired,Social,Yes,3.6,4.5,Low
Low Mood,Very Heavy,6.4,Exhausted,Moderate,No,6.4,2.8,High
Low Mood,Moderate,7.6,Tired,Social,Yes,5.0,5.8,Normal
Good,Light,8.6,Very Energized,Social,Yes,1.8,11.7,Low
Good,Light,7.4,Tired,Minimal,Yes,3.5,4.9,Low
Good,Very Light,8.0,Energized,Moderate,Yes,2.0,8.7,Low
Great,Light,8.5,Very Energized,Very Social,Yes,3.3,7.6,Very Low
Good,Moderate,6.7,Okay,Social,Yes,5.5,4.0,Low
Low Mood,Heavy,4.6,Tired,Minimal,No,9.1,1.7,High
Great,Moderate,7.6,Energized,Moderate,Yes,2.4,8.7,Very Low
Great,Light,7.1,Okay,Very Social,Yes,4.6,8.0,Very Low
Great,Moderate,9.2,Energized,Moderate,No,3.7,10.0,Low
Low Mood,Light,6.9,Okay,Moderate,Yes,4.7,6.8,Low
Good,Light,8.3,Energized,Moderate,Yes,3.4,7.5,Low
Great,Moderate,8.8,Very Energized,Moderate,No,4.3,8.8,Low
Stressed,Heavy,4.6,Tired,None,No,8.8,2.8,High
Good,Light,7.8,Energized,Very Social,Yes,3.7,11.1,Very Low
Stressed,Very Heavy,4.1,Tired,None,No,8.5,2.1,Very High
Okay,Moderate,6.9,Energized,Social,Yes,3.3,5.0,Low
Okay,Moderate,8.0,Okay,Moderate,Yes,2.8,6.5,Low
Low Mood,Heavy,5.6,Exhausted,Minimal,No,8.3,1.3,High
Good,Very Light,7.5,Okay,Very Social,Yes,3.9,9.4,Very Low
Okay,Light,8.2,Okay,Minimal,Yes,4.9,4.9,Low
Stressed,Very Heavy,4.7,Tired,Minimal,No,7.4,1.1,Very High
Stressed,Moderate,6.6,Tired,None,No,8.2,2.2,High
Low Mood,Moderate,7.2,Energized,Minimal,No,5.5,7.7,Normal
Okay,Moderate,8.3,Tired,Moderate,No,3.5,4.2,Normal
Low Mood,Heavy,6.0,Tired,None,No,9.1,2.5,Normal
Stressed,Very Heavy,5.2,Tired,None,No,7.2,2.0,Very High
Stressed,Light,6.8,Okay,Moderate,Yes,8.4,3.6,Normal
Good,Heavy,7.8,Tired,Minimal,Yes,3.5,7.5,Normal
Okay,Very Light,7.6,Okay,Social,Yes,3.5,9.9,Very Low
Okay,Very Heavy,6.9,Exhausted,Minimal,No,8.2,3.7,High
Okay,Very Heavy,5.9,Tired,None,No,8.8,3.0,High
Okay,Moderate,6.1,Tired,Minimal,No,7.4,2.0,Normal
Good,Moderate,8.8,Energized,Moderate,Yes,2.1,8.0,Low
Okay,Light,6.3,Tired,Social,Yes,3.9,4.4,Normal
Low Mood,Moderate,7.9,Tired,Social,Yes,4.0,5.3,Normal
Low Mood,Moderate,5.0,Exhausted,Minimal,No,6.5,3.4,High
Great,Very Light,8.8,Energized,Very Social,Yes,3.3,9.5,Very Low
Okay,Very Heavy,5.1,Okay,None,Yes,6.5,3.4,Normal
Good,Light,8.4,Very Energized,Very Social,Yes,3.1,9.8,Very Low
Okay,Very Heavy,5.9,Exhausted,Moderate,Yes,8.4,5.5,High
Okay,Light,7.5,Energized,Moderate,Yes,4.8,5.2,Low
Low Mood,Moderate,5.7,Tired,None,No,8.6,2.5,Normal
Great,Moderate,8.9,Very Energized,Social,No,4.5,8.5,Low
Great,Very Light,9.3,Energized,Social,Yes,1.1,11.6,Very Low
Good,Light,8.1,Very Energized,Moderate,Yes,3.6,7.5,Very Low
Okay,Very Light,6.9,Tired,Social,Yes,4.3,5.8,Normal
Low Mood,Very Heavy,5.2,Exhausted,Minimal,No,5.5,4.1,High
Stressed,Heavy,5.0,Exhausted,None,No,7.5,2.4,Very High
Good,Light,8.1,Very Energized,Moderate,Yes,4.9,8.6,Very Low
Great,Light,9.2,Okay,Very Social,Yes,3.0,6.4,Very Low
Low Mood,Heavy,5.6,Tired,Moderate,Yes,5.7,6.0,Normal
Stressed,Very Heavy,5.1,Tired,Minimal,No,8.5,1.8,Very High
Stressed,Heavy,6.2,Exhausted,Minimal,No,6.7,2.3,High
Stressed,Heavy,4.7,Tired,Minimal,No,7.4,1.2,Very High
Great,Light,8.3,Okay,Social,No,5.0,7.2,Very Low
Good,Very Light,9.1,Energized,Social,Yes,2.2,5.5,Very Low
Low Mood,Moderate,5.1,Okay,Moderate,No,8.9,5.2,Normal
Low Mood,Moderate,7.8,Okay,Moderate,No,5.8,5.0,Normal
Stressed,Very Heavy,4.8,Exhausted,None,No,7.6,1.6,Very High
Great,Moderate,8.9,Okay,Moderate,No,4.4,9.1,Normal
Stressed,Heavy,4.8,Tired,None,No,7.5,2.8,High
Good,Heavy,7.6,Very Energized,Social,Yes,2.5,9.6,Low
Great,Light,7.3,Okay,Very Social,Yes,4.3,9.6,Very Low
Low Mood,Light,8.9,Very Energized,Social,No,4.3,6.6,Low
Okay,Moderate,7.3,Tired,Moderate,Yes,5.2,5.9,Normal
Good,Light,6.4,Energized,Social,Yes,5.2,5.1,Low
Low Mood,Moderate,5.3,Tired,Minimal,Yes,8.0,4.8,Normal
Good,Very Light,8.3,Very Energized,Very Social,Yes,4.3,6.7,Very Low
Good,Moderate,8.4,Energized,Very Social,Yes,4.8,8.4,Very Low
Good,Moderate,7.2,Very Energized,Social,Yes,2.3,9.7,Low
Great,Very Light,8.6,Very Energized,Very Social,No,5.0,6.6,Very Low
Okay,Moderate,7.8,Okay,Social,No,3.2,5.7,Normal
Good,Light,6.8,Tired,Minimal,Yes,4.9,4.7,Low
Great,Light,8.6,Very Energized,Very Social,Yes,3.4,10.0,Very Low
Great,Very Light,7.5,Energized,Moderate,Yes,5.0,9.6,Very Low
Okay,Heavy,5.7,Okay,Moderate,Yes,7.2,3.6,Normal
Good,Very Light,9.0,Very Energized,Moderate,Yes,2.3,7.0,Very Low
Low Mood,Heavy,4.7,Exhausted,None,No,8.7,3.1,High
Okay,Moderate,6.9,Tired,Moderate,No,5.7,2.4,Normal
Good,Moderate,8.1,Energized,Very Social,Yes,3.3,8.3,Low
Okay,Heavy,6.8,Exhausted,None,Yes,8.8,2.4,Normal
Okay,Moderate,8.2,Okay,Very Social,No,4.7,9.3,Normal
Low Mood,Light,8.0,Tired,Moderate,No,3.9,7.6,Normal
Stressed,Heavy,6.0,Exhausted,Minimal,No,9.2,1.4,High
Okay,Light,6.8,Energized,Social,No,4.3,5.9,Low
Good,Light,9.5,Energized,Very Social,Yes,2.6,7.2,Very Low
Great,Light,7.8,Very Energized,Very Social,No,3.5,10.4,Very Low
Stressed,Heavy,5.9,Tired,Moderate,No,6.6,3.1,High
Okay,Heavy,6.8,Tired,Minimal,Yes,5.2,5.2,Normal
Good,Moderate,6.9,Energized,Social,No,5.0,5.1,Low
Low Mood,Heavy,6.9,Energized,Social,Yes,3.7,4.6,Normal
Low Mood,Heavy,7.4,Tired,Social,No,4.4,4.3,High
Low Mood,Heavy,6.3,Okay,Moderate,No,7.8,2.5,Normal
Okay,Moderate,6.5,Energized,Social,Yes,3.1,5.8,Low
Great,Very Light,9.3,Okay,Very Social,Yes,4.5,5.8,Very Low
Great,Light,8.6,Very Energized,Social,Yes,2.4,7.4,Very Low
Stressed,Moderate,5.1,Exhausted,Moderate,No,8.6,4.0,High
Okay,Very Light,7.5,Energized,Moderate,No,2.2,7.2,Low
Good,Light,6.7,Okay,Minimal,No,3.3,6.2,Low
Low Mood,Heavy,4.6,Exhausted,Minimal,No,8.0,1.1,High
Okay,Very Heavy,5.6,Okay,Moderate,Yes,7.6,2.4,Normal
Stressed,Moderate,5.4,Exhausted,Minimal,Yes,8.8,3.9,High
Low Mood,Light,6.4,Tired,Social,No,4.8,6.4,Normal
Okay,Light,6.1,Energized,Moderate,Yes,3.1,7.2,Low
Okay,Very Light,7.9,Okay,Very Social,Yes,2.4,5.9,Low
Stressed,Heavy,6.9,Exhausted,Moderate,Yes,7.8,3.0,High
Stressed,Moderate,4.5,Exhausted,None,No,9.5,1.3,Very High
Okay,Light,6.2,Tired,Moderate,No,5.9,7.1,Normal
Okay,Moderate,6.7,Tired,Moderate,No,6.5,3.1,Normal
Good,Heavy,6.5,Energized,Moderate,Yes,4.0,7.2,Low
Okay,Moderate,8.4,Okay,Minimal,No,3.4,4.9,Normal
Low Mood,Moderate,7.5,Okay,Social,No,5.3,5.1,Normal
Great,Very Light,9.4,Energized,Social,No,2.7,6.9,Very Low
Okay,Heavy,8.5,Tired,Social,No,3.0,7.0,Normal
Great,Very Light,7.9,Energized,Social,Yes,2.2,5.2,Very Low
Good,Light,7.4,Tired,Moderate,No,5.0,4.4,Very Low
Good,Very Light,8.0,Energized,Very Social,No,2.2,8.5,Very Low
Good,Light,6.4,Tired,Social,No,3.1,5.5,Low
Low Mood,Heavy,4.9,Tired,Minimal,No,9.6,3.9,High
Low Mood,Heavy,6.8,Energized,Minimal,Yes,4.6,6.3,Normal
Good,Heavy,5.4,Exhausted,Moderate,No,6.5,4.6,High
Okay,Light,6.8,Okay,Moderate,No,5.0,5.8,Normal
Great,Light,8.1,Okay,Very Social,No,2.1,6.4,Very Low
Good,Light,6.4,Tired,Social,Yes,3.3,5.2,Low
Good,Very Light,8.6,Very Energized,Very Social,Yes,3.5,8.8,Very Low
Good,Light,9.1,Very Energized,Social,Yes,1.2,10.9,Low
Low Mood,Light,6.3,Tired,Moderate,No,5.0,4.1,Normal
Stressed,Moderate,5.7,Tired,Moderate,No,5.1,5.8,Normal
Good,Moderate,7.1,Tired,Moderate,Yes,5.4,4.3,Low
Okay,Moderate,6.8,Tired,Social,No,5.0,5.2,Normal
Okay,Very Heavy,5.1,Tired,None,No,6.0,2.1,High
Good,Moderate,6.7,Tired,Minimal,No,5.6,7.4,Normal
Good,Light,7.6,Energized,Social,No,3.0,8.3,Very Low
Good,Light,7.6,Okay,Minimal,Yes,4.7,4.1,Low
Okay,Moderate,9.1,Energized,Moderate,No,3.8,7.5,Low
Great,Light,9.5,Very Energized,Social,No,2.0,7.6,Very Low
Good,Heavy,6.2,Tired,Social,No,3.8,6.7,Normal
Low Mood,Very Heavy,6.3,Tired,Moderate,No,6.7,5.6,Normal
Stressed,Heavy,5.9,Exhausted,Minimal,No,5.6,3.6,High
Good,Light,6.2,Energized,Social,Yes,3.7,5.2,Very Low
Low Mood,Very Heavy,5.7,Tired,None,Yes,8.4,1.7,High
Stressed,Light,8.4,Energized,Social,Yes,3.7,6.3,Low
Great,Moderate,8.6,Okay,Social,Yes,4.8,5.5,Low
Stressed,Heavy,5.9,Tired,None,No,9.5,1.3,High
Low Mood,Very Light,7.1,Tired,Minimal,No,4.4,7.4,Normal
Okay,Very Light,8.1,Very Energized,Moderate,No,2.0,5.0,Low
Okay,Very Light,8.1,Very Energized,Very Social,Yes,3.1,9.9,Very Low
Great,Light,8.7,Energized,Very Social,Yes,2.5,9.0,Very Low
Good,Heavy,6.7,Energized,Moderate,Yes,5.1,4.1,Low
Stressed,Very Heavy,5.4,Exhausted,None,Yes,9.4,3.4,Very High
Low Mood,Light,7.2,Tired,Moderate,No,5.2,7.4,Normal
Stressed,Very Heavy,4.1,Tired,None,Yes,8.8,4.0,Very High
Low Mood,Very Heavy,4.7,Tired,Minimal,No,7.4,3.2,High
Okay,Very Heavy,6.1,Tired,Minimal,Yes,9.0,4.5,Normal
Good,Moderate,6.0,Okay,Moderate,No,5.1,5.1,Normal
Good,Light,9.8,Energized,Very Social,Yes,2.3,9.1,Very Low
Good,Moderate,8.3,Very Energized,Moderate,No,2.0,6.6,Low
Stressed,Very Heavy,5.4,Exhausted,None,No,9.8,1.7,Very High
Great,Light,9.4,Very Energized,Very Social,No,2.5,9.5,Very Low
Good,Very Light,9.4,Energized,Very Social,Yes,3.7,9.5,Very Low
Good,Heavy,7.1,Tired,Moderate,Yes,5.1,5.8,Low
Okay,Very Heavy,5.2,Exhausted,Minimal,Yes,7.8,2.4,High
Okay,Moderate,7.7,Okay,Minimal,Yes,3.7,6.6,Low
Low Mood,Very Heavy,5.2,Tired,Moderate,No,6.2,5.3,High
Low Mood,Heavy,5.2,Exhausted,None,Yes,8.8,4.4,High
Great,Light,8.5,Energized,Social,Yes,3.9,8.0,Very Low
Good,Light,9.3,Energized,Social,Yes,3.4,5.0,Very Low
Okay,Heavy,6.5,Okay,None,No,8.2,2.9,Normal
Great,Very Light,7.5,Very Energized,Social,Yes,4.9,7.9,Very Low
Okay,Light,6.2,Okay,Minimal,Yes,3.8,7.3,Low
Low Mood,Heavy,5.7,Tired,Minimal,Yes,9.6,1.9,Normal
Okay,Moderate,5.8,Tired,Minimal,No,7.7,3.7,High
Low Mood,Light,6.2,Tired,Moderate,Yes,5.9,6.6,Normal
Low Mood,Moderate,7.7,Energized,Social,Yes,3.3,6.5,Low
Good,Light,8.1,Okay,Moderate,Yes,4.3,8.3,Very Low
Low Mood,Heavy,6.3,Tired,Moderate,No,3.3,6.6,Normal
Good,Light,7.9,Energized,Minimal,Yes,4.6,6.8,Very Low
Okay,Very Heavy,5.7,Exhausted,Minimal,No,6.3,4.4,High
Good,Moderate,7.7,Okay,Moderate,No,4.4,5.5,Low
Low Mood,Very Heavy,5.8,Tired,Minimal,No,10.0,3.7,High
Low Mood,Moderate,5.2,Okay,None,No,6.9,5.2,Normal
Okay,Moderate,8.7,Energized,Moderate,Yes,2.8,9.5,Low
Good,Very Light,9.4,Very Energized,Social,Yes,2.4,5.2,Very Low
Good,Very Light,7.2,Very Energized,Moderate,Yes,4.2,8.9,Very Low
Okay,Moderate,8.1,Energized,Social,Yes,3.1,7.2,Low
Okay,Moderate,7.2,Energized,Moderate,Yes,5.8,7.2,Low
Good,Heavy,6.5,Energized,Moderate,No,4.4,5.0,Low
Okay,Heavy,6.2,Tired,Social,No,3.9,4.2,Normal
Low Mood,Heavy,5.4,Exhausted,None,No,9.5,2.6,High
Stressed,Very Heavy,6.2,Tired,None,No,5.5,4.9,High
Great,Moderate,10.0,Energized,Very Social,Yes,3.6,10.9,Very Low
Low Mood,Moderate,5.8,Exhausted,Minimal,No,7.6,5.6,High
Low Mood,Light,7.6,Okay,Minimal,Yes,4.2,5.8,Low
Low Mood,Moderate,7.3,Tired,Moderate,No,5.9,4.1,Normal
Good,Light,8.5,Energized,Social,Yes,5.2,4.5,Very Low
Okay,Heavy,7.8,Tired,Moderate,No,5.4,5.1,Low
Great,Light,7.6,Okay,Social,No,4.8,5.8,Low
Low Mood,Moderate,6.3,Tired,Minimal,No,7.8,3.8,High
Okay,Heavy,6.3,Tired,None,Yes,7.3,5.6,Normal
Great,Moderate,8.9,Energized,Very Social,Yes,2.0,8.6,Very Low
Good,Light,9.2,Energized,Social,No,1.9,7.8,Low
Good,Heavy,6.9,Okay,Moderate,No,5.8,5.8,Normal
Great,Very Light,8.6,Very Energized,Social,Yes,2.5,8.1,Very Low
Okay,Very Light,7.2,Okay,Moderate,No,5.0,8.5,Low
Good,Light,8.9,Energized,Social,Yes,3.5,8.9,Very Low
Great,Very Light,9.1,Energized,Very Social,No,2.8,6.1,Very Low
Good,Very Heavy,7.8,Okay,Moderate,Yes,3.6,4.9,Normal
Low Mood,Heavy,7.9,Tired,Minimal,Yes,3.2,4.3,Normal
Good,Moderate,7.7,Tired,Moderate,Yes,3.3,6.5,Low
Low Mood,Moderate,7.0,Tired,Social,No,4.7,6.4,Normal
Okay,Moderate,7.1,Very Energized,Moderate,Yes,3.9,7.4,Low
Good,Moderate,7.3,Tired,Minimal,No,5.4,7.7,Normal
Okay,Moderate,8.8,Energized,Moderate,Yes,2.3,5.5,Low
Stressed,Very Heavy,5.0,Exhausted,None,Yes,8.4,5.0,High
Stressed,Very Heavy,6.2,Okay,None,Yes,6.4,5.4,High
Low Mood,Light,6.2,Okay,Moderate,No,4.3,5.2,Normal
Great,Very Light,7.7,Energized,Social,Yes,2.2,9.2,Very Low
Good,Very Light,9.9,Energized,Very Social,Yes,1.5,9.0,Very Low
Great,Very Light,10.0,Energized,Very Social,Yes,3.8,10.4,Very Low
Okay,Light,6.9,Tired,Moderate,Yes,4.9,4.3,Normal
Low Mood,Light,6.8,Energized,Social,Yes,3.9,4.1,Low
Good,Moderate,8.4,Energized,Moderate,Yes,3.1,6.6,Low
Low Mood,Heavy,6.1,Exhausted,Moderate,Yes,5.0,5.3,Normal
Good,Light,8.2,Okay,Social,No,2.3,8.7,Low
Good,Light,7.8,Very Energized,Very Social,No,2.5,9.5,Very Low
Great,Very Light,8.7,Very Energized,Social,No,2.0,11.1,Very Low
Good,Heavy,5.8,Exhausted,Minimal,No,6.3,5.7,Normal
Good,Light,7.2,Energized,Moderate,No,3.5,4.2,Low
Good,Heavy,8.5,Okay,Social,No,4.7,6.0,Low
Okay,Very Light,9.1,Energized,Very Social,No,3.3,5.6,Very Low
Okay,Heavy,6.9,Okay,Moderate,No,6.4,5.7,Normal
Low Mood,Heavy,5.7,Tired,Moderate,No,5.5,3.6,High
Okay,Moderate,6.3,Energized,Social,Yes,4.6,5.6,Low
Good,Light,8.7,Very Energized,Social,No,2.1,8.8,Very Low
Good,Light,9.1,Energized,Very Social,Yes,3.0,9.5,Very Low
Good,Light,6.9,Tired,Social,No,3.0,6.6,Low
Okay,Moderate,6.9,Okay,Minimal,No,3.8,6.7,Low
Okay,Light,6.8,Okay,Minimal,No,4.3,7.6,Low
Good,Heavy,8.0,Tired,Moderate,No,3.1,7.0,Normal
Stressed,Very Heavy,5.5,Exhausted,Moderate,No,7.1,4.0,Very High
Good,Light,8.7,Energized,Social,Yes,3.1,9.5,Very Low
Stressed,Very Heavy,5.6,Exhausted,None,No,8.7,1.1,Very High
Great,Light,8.6,Very Energized,Social,Yes,3.4,7.1,Very Low
Stressed,Moderate,5.7,Exhausted,Moderate,No,8.8,3.0,High
Okay,Moderate,8.2,Okay,Social,Yes,4.4,8.4,Low
Stressed,Heavy,6.8,Okay,Moderate,No,5.9,4.0,High
Good,Light,7.8,Very Energized,Social,Yes,1.1,9.1,Very Low
Low Mood,Moderate,7.3,Tired,Moderate,No,5.8,7.2,Normal
Great,Moderate,9.1,Okay,Very Social,Yes,3.2,7.4,Very Low
Good,Light,9.3,Very Energized,Moderate,Yes,2.9,5.6,Very Low
Stressed,Very Heavy,5.3,Exhausted,Moderate,No,5.3,5.5,Very High
Great,Light,9.5,Very Energized,Social,Yes,3.8,9.1,Very Low
Good,Very Heavy,8.3,Energized,Moderate,No,5.9,4.5,Normal
Good,Very Light,8.4,Okay,Social,No,4.4,6.9,Very Low
Okay,Light,7.2,Very Energized,Social,Yes,4.0,9.3,Low
Good,Heavy,7.4,Tired,Moderate,Yes,5.2,5.1,Normal
Low Mood,Very Heavy,4.6,Exhausted,Minimal,Yes,7.8,2.3,Very High
Okay,Very Light,7.8,Very Energized,Very Social,Yes,3.2,7.0,Very Low
Good,Very Light,7.8,Very Energized,Moderate,Yes,4.8,5.0,Very Low
Low Mood,Heavy,7.9,Okay,Minimal,No,4.6,6.1,Normal
Good,Very Light,8.3,Very Energized,Very Social,Yes,2.9,9.4,Very Low
Okay,Heavy,5.3,Okay,Minimal,Yes,8.0,3.1,Normal
Okay,Moderate,7.0,Tired,Moderate,No,7.1,2.0,Normal
Stressed,Heavy,6.8,Okay,None,No,7.6,3.3,High
Low Mood,Heavy,6.1,Tired,Moderate,No,7.3,5.9,High
Stressed,Very Heavy,5.5,Okay,None,Yes,6.1,2.6,High
Okay,Moderate,8.0,Energized,Moderate,No,5.2,4.2,Low
Okay,Very Heavy,5.4,Okay,None,No,5.5,5.5,High
Low Mood,Moderate,6.1,Exhausted,Minimal,Yes,7.6,4.9,Normal
Good,Light,7.5,Energized,Moderate,No,3.1,7.6,Low
Stressed,Moderate,5.3,Tired,Moderate,Yes,6.1,4.4,High
Stressed,Heavy,5.0,Tired,Moderate,Yes,8.9,5.1,High
Okay,Very Light,8.7,Very Energized,Moderate,Yes,4.3,8.5,Very Low
Okay,Moderate,6.2,Okay,Social,Yes,3.3,5.8,Normal
Great,Light,8.3,Energized,Moderate,No,4.3,6.9,Very Low
Great,Light,6.2,Energized,Minimal,Yes,3.7,5.0,Very Low
Good,Moderate,6.7,Tired,Moderate,Yes,4.8,6.9,Low
Low Mood,Heavy,4.7,Tired,Minimal,No,9.9,2.9,High
Low Mood,Heavy,6.4,Tired,Moderate,Yes,5.8,7.1,High
Low Mood,Very Heavy,4.3,Exhausted,Minimal,No,8.9,2.5,Very High
Great,Very Light,7.9,Energized,Social,Yes,3.4,10.0,Very Low
Good,Heavy,6.2,Okay,Minimal,No,3.5,7.0,Low
Okay,Very Heavy,5.9,Exhausted,Moderate,No,6.7,4.8,High
Good,Moderate,8.7,Very Energized,Social,No,4.9,5.6,Low
Low Mood,Heavy,4.7,Exhausted,Minimal,No,9.7,2.1,Very High
Low Mood,Very Heavy,5.8,Exhausted,None,Yes,7.3,2.6,High
Good,Light,9.7,Energized,Social,Yes,3.9,8.7,Low
Low Mood,Heavy,4.7,Exhausted,Minimal,No,8.0,3.5,High
Okay,Light,7.0,Okay,Minimal,Yes,4.3,5.8,Low
Low Mood,Heavy,5.5,Exhausted,Moderate,No,8.9,2.6,High
Low Mood,Heavy,6.6,Tired,Moderate,No,6.6,3.2,Normal
Good,Very Light,7.5,Very Energized,Social,Yes,4.7,9.8,Very Low
Great,Heavy,9.3,Okay,Very Social,No,3.1,7.7,Low
Okay,Heavy,6.7,Okay,None,No,5.3,5.5,Normal
Okay,Very Light,7.9,Very Energized,Moderate,Yes,2.4,5.7,Very Low
Low Mood,Very Heavy,5.8,Exhausted,None,Yes,8.2,3.1,High
Okay,Heavy,7.6,Energized,Moderate,Yes,4.2,4.6,Normal
Low Mood,Very Heavy,7.0,Okay,Moderate,No,5.8,2.8,High
Good,Very Light,6.1,Okay,Moderate,No,5.3,5.9,Low
Good,Moderate,7.8,Okay,Social,Yes,4.0,8.4,Low
Stressed,Heavy,4.6,Exhausted,Minimal,Yes,9.4,4.0,High
Okay,Heavy,5.3,Okay,Moderate,Yes,7.6,2.1,Low
Okay,Moderate,6.7,Tired,Social,No,3.9,7.4,Normal
Good,Moderate,6.4,Tired,Social,Yes,3.8,7.6,Low
Great,Light,7.5,Okay,Minimal,No,4.6,7.0,Low
Low Mood,Moderate,6.3,Okay,Minimal,Yes,5.8,4.6,Normal
Okay,Light,7.6,Okay,Social,No,4.0,4.8,Low
Good,Very Light,8.2,Energized,Very Social,Yes,1.6,7.1,Low
Okay,Very Heavy,6.8,Exhausted,Moderate,No,7.7,4.2,High
Low Mood,Very Heavy,4.0,Exhausted,Minimal,No,9.0,3.6,Very High
Good,Light,9.2,Energized,Social,Yes,2.6,5.8,Very Low
Okay,Light,6.5,Okay,Minimal,No,3.1,4.4,Normal
Stressed,Heavy,6.3,Okay,Moderate,Yes,7.5,3.4,Normal
Low Mood,Very Heavy,6.9,Okay,Minimal,No,6.6,2.8,High
Stressed,Very Heavy,5.3,Tired,None,Yes,6.8,2.7,High
Low Mood,Heavy,8.3,Okay,Moderate,Yes,5.0,7.0,Normal
Great,Very Light,7.6,Okay,Social,Yes,4.4,8.1,Very Low
Okay,Heavy,6.4,Okay,Moderate,No,8.8,4.2,Normal
Good,Very Light,8.5,Energized,Very Social,Yes,1.2,8.5,Very Low
Good,Moderate,7.6,Very Energized,Moderate,No,3.6,7.7,Low
Good,Moderate,7.0,Tired,Social,Yes,3.3,6.1,Normal
Stressed,Moderate,5.5,Tired,None,No,5.8,4.5,High
Low Mood,Very Heavy,5.2,Okay,None,Yes,5.6,2.9,Normal
Low Mood,Very Heavy,4.1,Tired,None,No,9.9,2.6,High
Good,Moderate,6.3,Tired,Minimal,No,4.9,7.3,Low
Okay,Heavy,5.2,Exhausted,None,No,8.2,3.5,High
Okay,Heavy,8.3,Okay,Minimal,Yes,4.5,6.7,Low
Okay,Moderate,8.2,Okay,Minimal,Yes,4.4,6.5,Normal
Good,Very Light,9.0,Okay,Moderate,No,4.9,5.8,Very Low
Okay,Very Heavy,6.3,Okay,Moderate,Yes,8.4,3.3,Normal
Great,Light,9.0,Energized,Very Social,No,4.0,10.3,Very Low
Okay,Very Heavy,5.8,Okay,None,Yes,7.4,5.5,Normal
Stressed,Heavy,5.8,Tired,Minimal,Yes,6.2,5.2,High
Great,Light,9.8,Very Energized,Social,Yes,1.7,7.4,Very Low
Okay,Heavy,6.2,Energized,Moderate,Yes,3.3,5.1,Low
Great,Very Light,7.4,Energized,Very Social,Yes,4.9,6.4,Very Low
Good,Light,7.5,Energized,Moderate,Yes,5.0,5.0,Low
Good,Light,7.6,Okay,Minimal,Yes,4.6,7.0,Low
Okay,Very Light,7.6,Energized,Social,Yes,3.9,5.3,Low
Good,Moderate,6.0,Energized,Social,No,3.1,7.7,Low
Okay,Very Heavy,6.5,Exhausted,None,No,7.9,5.3,High
Okay,Light,7.4,Okay,Moderate,No,4.1,4.8,Low
Okay,Heavy,5.5,Exhausted,Minimal,No,7.6,3.4,High
Good,Moderate,7.5,Tired,Moderate,No,4.7,5.3,Normal
Okay,Moderate,6.6,Energized,Social,No,3.8,7.3,Normal
Great,Light,8.2,Very Energized,Very Social,Yes,3.7,7.9,Very Low
Okay,Light,7.4,Very Energized,Very Social,Yes,4.7,6.0,Very Low
Okay,Heavy,6.5,Okay,Moderate,No,8.1,3.1,Normal
Stressed,Very Heavy,6.1,Exhausted,Minimal,No,6.0,5.6,High
Good,Moderate,7.6,Energized,Minimal,Yes,4.0,7.3,Low
Good,Light,9.2,Energized,Social,No,2.3,6.5,Low
Good,Moderate,6.4,Energized,Moderate,Yes,3.8,4.2,Low
Stressed,Very Heavy,4.5,Exhausted,None,No,9.6,1.4,Very High
Good,Light,8.5,Okay,Social,Yes,2.8,5.7,Very Low
Okay,Moderate,8.3,Tired,Social,Yes,3.8,4.4,Very Low
Okay,Moderate,7.1,Energized,Moderate,Yes,4.1,7.6,Normal
Good,Moderate,8.2,Okay,Social,No,3.2,8.0,Normal
Good,Moderate,8.9,Okay,Moderate,No,2.2,7.9,Low
Good,Light,7.1,Energized,Very Social,Yes,2.6,5.2,Very Low
Great,Light,7.9,Energized,Moderate,No,3.7,7.7,Low
Low Mood,Very Heavy,5.7,Tired,None,No,7.7,2.4,High
Stressed,Heavy,7.0,Okay,None,No,7.0,3.0,High
Low Mood,Very Heavy,6.7,Exhausted,Moderate,No,6.0,3.3,High
Great,Very Light,8.8,Energized,Social,Yes,2.9,9.5,Very Low
Good,Light,6.4,Energized,Social,Yes,4.1,6.6,Very Low
Good,Moderate,6.9,Tired,Moderate,No,4.8,5.6,Normal
Low Mood,Moderate,5.3,Tired,Minimal,No,6.2,3.1,High
Okay,Light,8.5,Very Energized,Social,No,2.5,5.7,Low
Stressed,Heavy,5.8,Tired,None,No,5.1,3.8,High
Okay,Light,8.7,Very Energized,Moderate,Yes,3.0,9.2,Very Low
Stressed,Moderate,6.3,Exhausted,Minimal,No,5.9,5.4,High
Good,Very Light,7.9,Very Energized,Social,Yes,2.2,10.0,Very Low
Okay,Heavy,4.5,Exhausted,None,No,7.5,1.7,High
Good,Moderate,7.2,Okay,Minimal,Yes,4.3,4.9,Low
Stressed,Very Heavy,4.7,Tired,None,Yes,7.6,3.3,Very High
Good,Very Light,9.5,Energized,Social,Yes,2.1,8.3,Very Low
Great,Very Light,8.6,Okay,Very Social,Yes,2.1,7.4,Very Low
Stressed,Heavy,6.2,Exhausted,Moderate,No,6.9,4.5,High
Good,Very Light,7.8,Very Energized,Very Social,Yes,3.4,6.4,Very Low
Low Mood,Heavy,6.3,Tired,Moderate,No,7.1,5.8,High
Stressed,Very Heavy,6.0,Exhausted,Moderate,No,7.7,2.2,Very High
Okay,Moderate,5.5,Okay,None,No,8.1,3.5,Normal
Stressed,Very Heavy,5.4,Tired,Minimal,No,8.6,2.3,Very High
Okay,Light,7.8,Energized,Social,Yes,2.7,11.8,Very Low
Okay,Very Heavy,5.1,Tired,Moderate,No,6.4,3.2,High
Great,Light,8.0,Energized,Very Social,Yes,1.7,11.9,Very Low
Good,Light,8.6,Okay,Moderate,Yes,4.1,7.5,Very Low
Okay,Moderate,8.7,Energized,Very Social,No,2.4,9.1,Low
Great,Very Light,8.3,Very Energized,Social,No,3.1,8.8,Very Low
Good,Moderate,7.5,Energized,Moderate,Yes,4.4,6.3,Low
Stressed,Very Heavy,6.0,Tired,None,Yes,9.8,1.5,High
Okay,Heavy,8.2,Okay,Moderate,Yes,4.2,5.6,Normal
Low Mood,Moderate,6.0,Okay,Minimal,Yes,5.7,4.2,Normal
Great,Heavy,7.8,Energized,Social,No,5.4,7.3,Low
Okay,Very Light,6.7,Tired,Social,Yes,3.2,5.9,Low
Okay,Heavy,8.0,Very Energized,Very Social,Yes,4.8,8.5,Low
Low Mood,Heavy,4.9,Exhausted,Minimal,No,9.3,2.9,Very High
Good,Moderate,7.4,Okay,Moderate,Yes,2.5,7.6,Low
Great,Moderate,7.1,Very Energized,Social,No,4.6,9.1,Low
Good,Very Light,8.4,Energized,Social,Yes,1.5,8.5,Very Low
Stressed,Heavy,4.8,Tired,None,No,7.5,2.4,High
Low Mood,Light,8.4,Okay,Minimal,No,5.7,7.0,Normal
Low Mood,Light,7.9,Energized,Minimal,No,5.5,5.7,Normal
Low Mood,Heavy,5.6,Tired,Minimal,No,9.0,5.4,Normal
Low Mood,Heavy,8.2,Tired,Social,No,3.2,4.9,Normal
Stressed,Moderate,6.8,Exhausted,Minimal,No,5.2,3.7,High
Good,Very Light,9.0,Very Energized,Very Social,Yes,2.9,11.9,Very Low
Okay,Heavy,4.1,Tired,None,Yes,8.8,3.6,High
Great,Very Light,7.4,Very Energized,Moderate,Yes,3.5,6.3,Very Low
Okay,Moderate,9.0,Energized,Moderate,Yes,3.9,8.8,Normal
Great,Moderate,7.1,Very Energized,Social,Yes,3.5,10.0,Very Low
Great,Very Light,8.3,Energized,Very Social,No,3.9,8.7,Very Low
Low Mood,Light,6.9,Tired,Minimal,No,5.1,4.8,Normal
Great,Light,7.8,Very Energized,Moderate,No,3.4,6.9,Very Low
Good,Light,8.0,Energized,Very Social,Yes,1.5,10.9,Very Low
Okay,Moderate,6.2,Okay,Minimal,Yes,7.1,2.5,Normal
Stressed,Heavy,7.0,Tired,Moderate,No,7.0,3.1,High
Stressed,Moderate,5.9,Tired,None,No,5.7,5.4,Normal
Low Mood,Heavy,5.8,Exhausted,None,No,7.1,2.5,High
Great,Light,9.0,Very Energized,Social,Yes,2.1,7.5,Very Low
Great,Light,8.2,Okay,Social,Yes,3.7,7.1,Very Low
Stressed,Very Heavy,6.8,Tired,Moderate,Yes,6.4,2.2,High
Good,Heavy,6.1,Okay,Moderate,Yes,6.0,6.3,Normal
Low Mood,Very Heavy,5.3,Exhausted,None,No,5.5,5.3,High
Great,Very Light,7.3,Very Energized,Social,Yes,2.9,7.9,Very Low
Low Mood,Light,7.9,Energized,Minimal,No,4.8,5.1,Low
Okay,Moderate,5.5,Exhausted,Minimal,No,6.9,4.6,High
Good,Light,9.0,Energized,Social,Yes,4.4,6.4,Very Low
Stressed,Heavy,5.9,Exhausted,Minimal,No,8.6,3.8,Very High
Good,Moderate,9.1,Okay,Moderate,Yes,4.9,7.1,Low
Low Mood,Moderate,6.6,Exhausted,None,No,6.7,4.2,High
Good,Light,6.1,Okay,Social,Yes,4.8,7.0,Low
Low Mood,Very Heavy,5.1,Tired,None,No,8.8,1.6,Very High
Okay,Light,7.0,Energized,Social,Yes,4.9,7.6,Low
Stressed,Very Heavy,4.4,Exhausted,Minimal,Yes,9.9,1.0,Very High
Okay,Heavy,6.5,Energized,Moderate,Yes,5.3,4.7,Normal
Stressed,Very Heavy,5.3,Tired,None,No,9.2,1.8,Very High
Stressed,Heavy,6.5,Tired,Minimal,No,7.3,3.2,Normal
Okay,Very Light,8.9,Okay,Very Social,Yes,4.2,6.1,Very Low
Okay,Moderate,8.2,Very Energized,Very Social,Yes,4.9,9.2,Very Low
Okay,Very Heavy,6.9,Okay,Moderate,No,8.5,4.5,Normal
Stressed,Very Heavy,4.5,Tired,None,Yes,9.4,1.8,Very High
Good,Light,6.2,Tired,Moderate,Yes,3.5,5.8,Low
Stressed,Moderate,6.2,Exhausted,None,No,5.3,3.5,High
Good,Light,8.6,Okay,Very Social,No,3.9,9.0,Low
Great,Light,7.8,Energized,Social,Yes,2.5,12.0,Very Low
Good,Heavy,8.2,Energized,Social,No,5.6,6.7,Normal
Okay,Moderate,5.1,Okay,Minimal,Yes,6.6,2.4,Normal
Stressed,Very Heavy,5.3,Exhausted,None,Yes,7.2,1.8,Very High
Okay,Heavy,6.2,Energized,Moderate,No,5.8,7.7,Normal
Stressed,Very Heavy,4.8,Exhausted,None,No,7.8,2.6,Very High
Stressed,Heavy,6.7,Okay,Minimal,No,7.9,5.5,High
Okay,Heavy,6.7,Okay,Minimal,Yes,8.0,3.0,Normal
Stressed,Very Heavy,5.0,Exhausted,None,Yes,7.2,2.4,High
Okay,Heavy,6.4,Tired,Moderate,No,4.9,4.9,High
Great,Very Light,7.5,Energized,Social,Yes,4.8,7.3,Very Low
Good,Moderate,8.8,Okay,Moderate,No,4.1,5.3,Low
Great,Light,7.7,Very Energized,Very Social,No,2.1,9.1,Very Low
Great,Light,7.7,Energized,Very Social,Yes,2.0,8.2,Very Low
Stressed,Heavy,5.8,Exhausted,None,No,8.7,3.4,High
Good,Very Light,8.2,Very Energized,Social,Yes,3.3,10.4,Very Low
Good,Heavy,6.0,Tired,Moderate,Yes,7.2,2.7,Normal
Stressed,Very Heavy,5.4,Okay,Moderate,Yes,6.5,2.8,High
Good,Very Light,9.3,Very Energized,Very Social,No,3.3,11.9,Very Low
Good,Heavy,9.0,Energized,Very Social,No,4.9,9.3,Low
Low Mood,Heavy,6.6,Okay,Moderate,Yes,4.3,6.2,Normal
Low Mood,Heavy,7.9,Okay,Moderate,No,5.6,7.6,Normal
Okay,Light,7.0,Okay,Minimal,Yes,4.3,4.1,Low
Low Mood,Light,7.8,Okay,Social,Yes,3.2,4.7,Normal
Stressed,Heavy,5.8,Tired,Minimal,No,7.6,5.6,High
Great,Heavy,7.6,Tired,Minimal,No,3.4,5.1,Normal
Low Mood,Very Heavy,5.5,Tired,Minimal,Yes,9.0,1.1,High
Low Mood,Heavy,6.7,Okay,Minimal,Yes,5.0,7.4,Normal
Okay,Heavy,6.4,Okay,Moderate,Yes,8.9,3.2,Normal
Good,Very Light,8.9,Energized,Social,Yes,2.8,7.7,Very Low
Low Mood,Heavy,4.7,Exhausted,Minimal,No,9.3,2.2,High
Low Mood,Very Heavy,6.9,Tired,Minimal,No,6.4,4.9,Normal
Okay,Very Light,9.7,Very Energized,Very Social,Yes,1.7,8.0,Very Low
Stressed,Heavy,7.7,Energized,Moderate,Yes,3.5,6.5,Normal
Good,Light,9.1,Very Energized,Very Social,Yes,3.0,7.4,Very Low
Good,Moderate,7.5,Okay,Social,No,4.8,9.6,Low
Good,Light,8.5,Very Energized,Very Social,Yes,4.1,7.9,Very Low
Okay,Moderate,6.2,Energized,Minimal,No,4.9,5.7,Low
Okay,Very Light,7.3,Okay,Social,Yes,2.7,5.5,Low
Okay,Heavy,6.6,Exhausted,Minimal,No,7.1,2.9,High
Low Mood,Very Heavy,5.3,Tired,None,No,8.6,2.3,High
Great,Light,7.8,Okay,Moderate,Yes,3.5,8.6,Low
Okay,Light,7.9,Okay,Moderate,Yes,5.9,7.8,Normal
Okay,Heavy,6.5,Okay,None,No,6.3,3.5,Normal
Okay,Light,6.0,Energized,Moderate,No,4.7,4.6,Low
Low Mood,Moderate,6.5,Tired,Moderate,No,4.9,7.3,Normal
Low Mood,Heavy,6.0,Tired,None,No,6.2,5.3,High
Good,Light,7.3,Tired,Social,Yes,4.8,5.8,Low
Low Mood,Heavy,7.0,Okay,Minimal,No,7.9,4.4,High
Low Mood,Moderate,6.0,Tired,None,No,9.0,3.2,Normal
Stressed,Moderate,5.1,Tired,Moderate,No,5.3,4.3,High
Stressed,Very Heavy,5.8,Okay,None,No,6.9,2.4,High
Good,Light,7.2,Okay,Social,Yes,4.7,7.6,Very Low
Low Mood,Heavy,8.1,Tired,Social,No,3.2,4.7,High
Stressed,Very Heavy,5.2,Exhausted,None,No,7.9,3.7,Very High
Okay,Heavy,6.5,Exhausted,Minimal,Yes,8.3,3.0,Normal
Low Mood,Heavy,6.6,Tired,None,Yes,5.5,4.6,Normal
Low Mood,Heavy,7.9,Okay,Minimal,Yes,4.2,7.3,Normal
Low Mood,Very Heavy,6.6,Tired,None,No,6.8,2.2,High
Okay,Light,8.7,Okay,Moderate,No,4.7,7.3,Low
Stressed,Moderate,7.7,Okay,Moderate,Yes,5.6,4.9,Normal
Good,Light,7.6,Okay,Moderate,Yes,3.8,7.4,Low
Good,Moderate,6.4,Energized,Minimal,Yes,4.9,5.6,Low
Good,Light,8.3,Okay,Minimal,Yes,5.5,5.2,Low
Good,Light,7.6,Energized,Social,No,3.8,7.9,Low
Okay,Light,6.2,Energized,Social,Yes,5.0,6.3,Low
Great,Light,8.0,Energized,Social,No,1.7,9.2,Very Low
Good,Moderate,7.2,Very Energized,Very Social,No,2.8,5.8,Low
Okay,Light,7.4,Tired,Moderate,Yes,4.4,5.6,Low
Great,Light,9.7,Energized,Social,Yes,2.5,8.8,Very Low
Low Mood,Moderate,8.2,Okay,Very Social,No,4.3,7.8,Normal
Stressed,Heavy,5.7,Exhausted,Minimal,No,5.3,2.0,High
Good,Moderate,9.4,Very Energized,Social,Yes,1.9,8.8,Very Low
Low Mood,Heavy,5.4,Tired,Minimal,Yes,9.5,2.8,High
Low Mood,Very Heavy,5.7,Tired,None,No,7.7,3.7,Very High
Low Mood,Heavy,6.0,Exhausted,Minimal,Yes,6.9,5.3,High
Okay,Moderate,6.6,Tired,None,No,6.9,3.8,Normal
Good,Very Light,10.0,Energized,Very Social,Yes,1.4,11.9,Very Low
Low Mood,Moderate,5.5,Okay,Moderate,Yes,6.9,3.9,Normal
Okay,Very Light,8.0,Energized,Very Social,Yes,4.9,8.8,Low
Okay,Moderate,8.0,Energized,Moderate,No,4.3,5.5,Low
Good,Very Light,7.7,Okay,Moderate,No,4.5,6.3,Low
Low Mood,Light,7.2,Tired,Social,Yes,5.5,5.6,Low
Low Mood,Heavy,5.1,Exhausted,None,No,9.8,3.8,High
Okay,Very Light,8.7,Very Energized,Social,Yes,3.9,9.2,Very Low
Good,Very Light,8.6,Energized,Very Social,No,2.9,9.9,Very Low
Okay,Light,6.1,Okay,Social,Yes,5.2,7.2,Low
Stressed,Heavy,6.9,Exhausted,Minimal,No,7.7,5.1,High
Stressed,Heavy,5.9,Exhausted,Moderate,No,5.8,4.4,High
Okay,Very Light,8.2,Okay,Very Social,Yes,3.0,8.6,Very Low
Great,Very Light,9.8,Very Energized,Social,Yes,3.6,11.7,Very Low
Low Mood,Light,7.7,Energized,Social,No,3.7,5.9,Low
Good,Light,6.6,Energized,Minimal,Yes,4.2,6.9,Low
Okay,Light,8.1,Tired,Social,No,3.2,7.6,Normal
Good,Moderate,8.1,Energized,Social,No,3.0,7.5,Low
Okay,Heavy,6.9,Exhausted,None,Yes,5.5,3.3,Normal
Good,Heavy,7.6,Energized,Social,Yes,4.2,7.7,Low
Stressed,Very Heavy,4.9,Tired,Minimal,No,7.5,1.4,Very High
Okay,Light,7.5,Tired,Moderate,No,5.9,7.2,Normal
Okay,Light,9.1,Energized,Very Social,Yes,2.4,9.4,Low
Great,Very Light,9.4,Okay,Social,Yes,3.7,7.9,Very Low
Low Mood,Very Heavy,4.2,Exhausted,Minimal,No,7.0,2.9,Very High
Great,Light,7.9,Very Energized,Moderate,Yes,2.2,8.5,Very Low
Low Mood,Very Heavy,5.1,Exhausted,None,No,7.0,5.2,High
Good,Light,7.0,Very Energized,Very Social,Yes,4.4,7.3,Very Low
Okay,Light,8.1,Energized,Social,Yes,3.5,5.7,Low
Low Mood,Heavy,5.4,Exhausted,None,No,8.3,1.0,High
Low Mood,Very Heavy,5.0,Tired,Minimal,No,7.7,2.8,High
Good,Light,8.4,Tired,Minimal,No,3.3,5.1,Low
Low Mood,Moderate,6.4,Tired,Minimal,No,8.8,3.2,High
Low Mood,Heavy,8.2,Energized,Social,Yes,5.8,7.2,Normal
Low Mood,Moderate,6.6,Okay,Minimal,Yes,8.6,4.3,Normal
Good,Moderate,8.8,Energized,Moderate,Yes,3.7,5.9,Low
Low Mood,Heavy,6.2,Okay,Minimal,No,3.5,6.3,Normal
Great,Light,7.9,Very Energized,Social,Yes,4.9,7.9,Low
Okay,Light,6.2,Energized,Moderate,Yes,5.0,5.7,Low
Okay,Light,7.3,Okay,Social,Yes,4.0,6.3,Low
Low Mood,Moderate,7.1,Energized,Social,Yes,3.1,7.2,Normal
Good,Moderate,8.7,Energized,Very Social,Yes,1.1,8.4,Low
Stressed,Heavy,5.5,Tired,None,No,8.4,2.5,High
Good,Heavy,7.7,Okay,Minimal,No,4.5,6.4,Low
Low Mood,Moderate,6.8,Tired,Social,Yes,5.4,6.0,Normal
Low Mood,Very Light,7.2,Okay,Social,Yes,4.0,6.4,Low
Okay,Heavy,8.1,Okay,Minimal,Yes,3.9,7.5,Normal
Low Mood,Heavy,5.2,Exhausted,None,No,8.2,1.3,High
Low Mood,Heavy,6.8,Exhausted,Moderate,Yes,5.7,3.7,Normal
Stressed,Heavy,5.6,Exhausted,Moderate,No,6.5,2.7,Very High
Okay,Heavy,6.5,Energized,Minimal,Yes,3.7,6.5,Normal
Okay,Very Light,7.7,Energized,Very Social,No,3.1,8.0,Low
Great,Light,9.5,Energized,Social,Yes,3.7,9.9,Very Low
Good,Very Light,9.2,Energized,Very Social,No,2.5,9.4,Very Low
Great,Light,8.0,Energized,Very Social,Yes,1.9,10.3,Very Low
Okay,Moderate,7.1,Energized,Social,No,3.4,4.7,Normal
Okay,Heavy,7.3,Okay,Social,No,3.4,4.2,Normal
Great,Very Light,8.1,Very Energized,Very Social,Yes,3.3,9.1,Very Low
Low Mood,Heavy,5.7,Exhausted,Moderate,No,6.6,2.4,High
Stressed,Heavy,5.0,Okay,Minimal,Yes,6.4,6.0,Normal
Great,Moderate,8.1,Very Energized,Moderate,No,4.7,8.8,Low
Low Mood,Heavy,4.4,Exhausted,Minimal,No,7.8,1.5,High
Low Mood,Very Heavy,5.7,Tired,None,Yes,5.2,3.4,Very High
Great,Very Light,9.4,Very Energized,Very Social,No,4.5,7.6,Very Low
Okay,Very Light,8.4,Energized,Social,Yes,2.9,6.4,Very Low
Okay,Very Light,8.8,Okay,Moderate,Yes,4.8,7.9,Low
Low Mood,Heavy,6.3,Okay,None,Yes,7.9,4.8,Normal
Okay,Light,9.4,Very Energized,Very Social,Yes,2.1,7.9,Very Low
Okay,Moderate,6.4,Okay,Minimal,No,5.5,4.1,Normal
Low Mood,Moderate,8.5,Tired,Minimal,Yes,5.5,6.7,Normal
Great,Heavy,7.4,Tired,Social,Yes,5.7,7.3,Low
Stressed,Heavy,5.2,Exhausted,None,No,7.4,2.2,Very High
Great,Very Light,7.2,Very Energized,Moderate,Yes,4.7,9.0,Very Low
Great,Moderate,7.5,Energized,Very Social,No,4.6,5.7,Low
Great,Very Light,8.3,Energized,Very Social,No,3.3,7.7,Very Low
Good,Moderate,6.2,Tired,Moderate,No,5.2,4.7,Normal
Great,Moderate,8.8,Very Energized,Very Social,Yes,3.3,11.6,Very Low
Good,Light,6.9,Okay,Minimal,Yes,5.5,6.8,Low
Good,Light,9.2,Very Energized,Very Social,Yes,3.4,8.9,Very Low
Stressed,Very Heavy,6.8,Tired,Moderate,No,7.8,4.0,High
Good,Very Light,7.8,Very Energized,Moderate,Yes,2.4,5.7,Very Low
Good,Very Light,7.9,Very Energized,Social,Yes,2.5,5.6,Very Low
Okay,Heavy,6.9,Tired,Social,Yes,3.2,4.5,Normal
Okay,Moderate,5.2,Okay,None,No,8.2,6.0,Normal
Stressed,Light,6.9,Energized,Minimal,Yes,5.6,7.8,Low
Okay,Moderate,5.2,Okay,None,No,6.8,3.8,Normal
Good,Light,7.5,Energized,Social,Yes,3.1,10.7,Low
Low Mood,Very Heavy,4.4,Tired,None,No,7.3,2.8,High
Low Mood,Moderate,6.3,Energized,Minimal,No,3.4,4.2,Normal
Okay,Heavy,7.3,Okay,Minimal,No,5.0,5.7,Normal
Low Mood,Very Heavy,5.7,Tired,None,No,8.3,2.2,High
Okay,Moderate,8.1,Energized,Moderate,Yes,4.7,5.7,Low
Okay,Very Heavy,7.0,Okay,Minimal,No,5.8,5.0,Normal
Great,Moderate,8.1,Very Energized,Very Social,Yes,2.0,9.0,Very Low
Great,Moderate,7.2,Okay,Social,Yes,2.7,9.9,Low
Stressed,Heavy,7.0,Energized,Minimal,Yes,5.7,4.3,Normal
Low Mood,Heavy,6.3,Tired,Moderate,No,5.4,5.1,High
Low Mood,Heavy,5.5,Tired,Moderate,No,7.1,4.6,Normal
Low Mood,Heavy,4.5,Exhausted,None,No,8.8,1.2,High
Good,Heavy,7.0,Energized,Minimal,No,4.2,6.3,Normal
Stressed,Very Heavy,5.9,Okay,Minimal,No,5.5,4.1,High
Okay,Moderate,6.4,Energized,Moderate,Yes,5.0,6.8,Low
Okay,Moderate,7.8,Energized,Minimal,Yes,3.1,4.8,Low
Okay,Moderate,6.0,Energized,Minimal,Yes,3.0,4.2,Low
Great,Very Light,9.1,Energized,Very Social,Yes,4.4,5.0,Low
Great,Moderate,8.0,Very Energized,Moderate,Yes,4.9,8.0,Very Low
Good,Very Light,8.1,Very Energized,Very Social,No,1.1,10.5,Very Low
Good,Light,7.5,Tired,Minimal,Yes,3.7,5.2,Low
Good,Light,9.9,Very Energized,Very Social,Yes,1.1,8.4,Very Low
Okay,Light,7.1,Okay,Moderate,No,5.2,7.3,Normal
Great,Very Light,9.8,Very Energized,Social,Yes,2.8,8.6,Very Low
Okay,Moderate,6.1,Okay,None,No,6.1,2.7,Normal
Good,Very Light,7.8,Very Energized,Very Social,Yes,4.2,7.7,Very Low
Great,Moderate,8.6,Very Energized,Moderate,Yes,3.0,9.7,Very Low
Okay,Light,6.4,Okay,Moderate,Yes,5.5,4.3,Low
Good,Light,7.8,Energized,Minimal,No,4.3,6.9,Low
Good,Light,7.7,Energized,Social,No,4.6,9.2,Low
Okay,Moderate,6.7,Okay,Minimal,No,4.1,7.0,Low
Good,Light,9.2,Okay,Moderate,No,2.2,7.9,Low
Low Mood,Heavy,6.8,Tired,Moderate,Yes,7.6,3.8,High
Stressed,Very Heavy,5.6,Tired,Minimal,Yes,8.4,3.8,High
Okay,Heavy,5.8,Okay,Minimal,No,6.3,2.8,High
Stressed,Moderate,6.5,Okay,Minimal,Yes,3.0,4.8,Normal
Low Mood,Heavy,6.9,Okay,Moderate,Yes,4.7,5.6,Normal
Good,Very Light,7.7,Very Energized,Social,Yes,1.6,9.2,Very Low
Okay,Moderate,9.2,Energized,Moderate,Yes,2.9,6.6,Low
Okay,Heavy,5.1,Okay,None,Yes,6.2,4.9,Normal
Okay,Heavy,7.7,Tired,Minimal,No,3.3,6.8,Normal
Great,Very Light,8.9,Okay,Moderate,Yes,3.9,5.8,Very Low
Good,Light,7.1,Very Energized,Moderate,Yes,3.4,9.6,Very Low
Low Mood,Heavy,6.0,Tired,Minimal,Yes,3.4,7.3,Normal
Great,Very Light,8.2,Energized,Very Social,Yes,3.9,8.8,Very Low
Okay,Heavy,7.6,Tired,Social,Yes,3.1,6.7,Normal
Great,Very Light,8.5,Very Energized,Very Social,Yes,1.1,7.9,Very Low
Good,Light,8.1,Energized,Moderate,Yes,2.0,5.1,Very Low
Low Mood,Moderate,6.7,Okay,Social,No,5.5,7.0,Normal
Low Mood,Very Heavy,5.2,Exhausted,None,No,5.7,4.8,High
Okay,Light,7.2,Energized,Moderate,Yes,4.7,5.6,Low
Great,Moderate,7.5,Very Energized,Very Social,Yes,2.7,7.2,Very Low
Low Mood,Heavy,6.0,Exhausted,Minimal,No,7.3,5.1,High
Stressed,Moderate,5.9,Tired,None,Yes,5.9,4.2,High
Good,Light,9.9,Very Energized,Very Social,No,4.0,11.5,Very Low
Good,Moderate,7.9,Okay,Social,Yes,3.0,7.9,Low
Low Mood,Heavy,7.1,Energized,Minimal,Yes,3.0,7.3,Normal
Good,Light,7.1,Energized,Moderate,No,5.0,4.7,Low
Good,Very Light,8.0,Energized,Social,Yes,1.2,7.5,Very Low
Low Mood,Heavy,5.1,Tired,Moderate,No,5.9,4.8,Normal
Good,Light,7.2,Energized,Moderate,No,5.4,6.2,Low
Low Mood,Very Heavy,5.3,Exhausted,None,No,7.6,3.4,Very High
Great,Very Light,9.2,Very Energized,Social,Yes,1.3,11.5,Very Low
Great,Heavy,6.4,Tired,Moderate,No,5.5,7.6,Normal
Good,Moderate,8.1,Energized,Moderate,Yes,2.2,8.6,Low
Great,Very Light,8.6,Very Energized,Very Social,Yes,1.7,9.1,Very Low
Stressed,Very Heavy,6.4,Tired,Moderate,No,7.9,5.6,Very High
Low Mood,Heavy,7.5,Energized,Moderate,Yes,4.0,6.6,Normal
Okay,Very Light,9.5,Very Energized,Moderate,Yes,2.0,6.4,Very Low
Great,Light,9.6,Very Energized,Very Social,Yes,4.0,9.0,Very Low
Low Mood,Heavy,6.5,Okay,Moderate,No,6.7,4.9,Normal
Okay,Heavy,5.2,Tired,Moderate,No,8.9,5.4,High
Stressed,Very Heavy,6.6,Okay,None,No,5.7,3.4,High
Okay,Light,7.3,Energized,Moderate,Yes,2.7,7.0,Low
Okay,Light,10.0,Very Energized,Social,Yes,1.5,12.0,Low
Stressed,Heavy,5.2,Exhausted,Minimal,No,8.2,2.9,High
Low Mood,Heavy,6.9,Tired,None,No,6.7,5.6,High
Good,Very Heavy,7.5,Tired,Moderate,Yes,4.1,7.5,Normal
Okay,Moderate,6.1,Tired,Minimal,No,4.2,7.4,Normal
Stressed,Heavy,5.9,Exhausted,None,No,8.7,3.5,High
Stressed,Very Heavy,4.6,Exhausted,None,No,7.7,1.3,Very High
Okay,Moderate,7.1,Okay,Minimal,No,4.3,4.3,Normal
Stressed,Very Heavy,5.0,Exhausted,None,No,8.5,1.7,Very High
Low Mood,Very Light,7.6,Energized,Social,No,4.0,9.7,Very Low
Good,Heavy,6.5,Tired,Social,Yes,3.4,4.9,Normal
Low Mood,Heavy,5.0,Exhausted,Minimal,No,7.4,2.0,High
Okay,Moderate,5.5,Okay,Minimal,No,6.8,5.2,Normal
Stressed,Heavy,4.2,Exhausted,None,No,8.6,1.4,Very High
Low Mood,Heavy,6.5,Energized,Social,No,3.8,6.2,Normal
Great,Light,7.2,Okay,Very Social,Yes,2.3,8.5,Very Low
Good,Very Light,8.0,Very Energized,Social,Yes,2.2,11.2,Very Low
Good,Light,7.0,Energized,Minimal,Yes,3.8,4.8,Low
Okay,Light,7.5,Okay,Social,Yes,2.1,6.9,Low
Okay,Moderate,5.5,Okay,Minimal,No,7.4,2.9,Low
Low Mood,Light,7.2,Energized,Minimal,Yes,5.3,6.0,Normal
Low Mood,Heavy,4.7,Tired,None,No,8.5,2.4,High
Good,Light,7.8,Energized,Very Social,Yes,4.0,10.4,Very Low
Low Mood,Moderate,7.4,Tired,Minimal,No,3.1,6.9,Normal
Stressed,Very Heavy,5.0,Tired,Minimal,No,8.5,2.8,Very High
Good,Moderate,6.5,Tired,Minimal,No,5.7,7.4,Normal
Low Mood,Heavy,5.6,Exhausted,Minimal,No,9.8,2.2,High
Okay,Light,6.7,Energized,Minimal,Yes,3.0,7.0,Low
Low Mood,Very Heavy,5.9,Exhausted,None,No,9.7,1.3,High
Stressed,Very Heavy,5.7,Exhausted,None,No,7.0,2.9,Very High
Stressed,Light,6.5,Energized,Moderate,No,4.8,5.8,Normal
Stressed,Very Heavy,5.6,Exhausted,Minimal,No,5.3,5.1,Very High
Okay,Heavy,8.2,Energized,Minimal,Yes,3.0,6.3,Low
Okay,Heavy,5.2,Tired,None,No,8.8,2.6,High
Stressed,Moderate,5.8,Exhausted,Moderate,Yes,8.0,3.8,High
Great,Very Light,9.5,Very Energized,Very Social,Yes,2.5,11.7,Very Low
Okay,Heavy,6.6,Tired,Moderate,No,5.7,7.9,Normal
Low Mood,Very Heavy,4.3,Tired,None,No,8.1,3.5,High
Okay,Heavy,7.7,Energized,Minimal,No,3.4,6.4,Normal
Low Mood,Light,7.1,Okay,Social,Yes,4.8,6.0,Low
Stressed,Very Heavy,4.9,Tired,Minimal,No,8.2,3.6,High
Stressed,Heavy,7.3,Okay,Minimal,Yes,5.6,7.8,High
Okay,Moderate,7.0,Tired,Social,No,3.3,5.0,Normal
Good,Light,8.2,Energized,Social,Yes,1.5,10.1,Low
Stressed,Very Heavy,7.8,Okay,Minimal,Yes,3.4,4.4,High
Okay,Light,7.0,Tired,Social,No,5.6,6.2,Normal
Low Mood,Light,8.3,Tired,Minimal,Yes,4.0,6.7,Normal
Low Mood,Light,6.1,Tired,Minimal,No,3.5,7.5,Normal
Okay,Very Heavy,5.4,Exhausted,Minimal,Yes,6.3,5.3,Normal
Good,Moderate,8.9,Okay,Very Social,No,4.4,8.7,Low
Good,Moderate,8.2,Okay,Minimal,No,5.5,7.0,Low
Low Mood,Light,8.3,Okay,Moderate,Yes,3.3,6.0,Low
Okay,Light,8.1,Okay,Very Social,Yes,4.3,8.6,Low
Stressed,Very Heavy,4.8,Exhausted,Minimal,No,8.3,1.2,Very High
Good,Light,9.4,Energized,Social,Yes,4.6,6.9,Low
Okay,Heavy,8.1,Okay,Social,Yes,4.1,7.0,Normal
Good,Very Light,8.2,Very Energized,Moderate,No,4.1,9.9,Very Low
Low Mood,Heavy,6.5,Exhausted,None,No,8.9,5.7,High
Low Mood,Moderate,5.4,Okay,None,No,8.7,3.6,Normal
Great,Moderate,7.2,Energized,Moderate,Yes,3.9,6.6,Low
Stressed,Very Heavy,5.7,Exhausted,None,Yes,7.4,2.2,High
Great,Very Light,8.2,Energized,Very Social,Yes,1.8,10.0,Very Low
Okay,Light,8.5,Okay,Social,No,4.6,8.8,Low
Okay,Moderate,8.1,Okay,Social,No,5.1,5.9,Normal
Stressed,Heavy,4.3,Tired,Minimal,Yes,9.0,2.5,High
Good,Moderate,9.3,Very Energized,Moderate,Yes,3.3,6.7,Low
Low Mood,Very Heavy,5.6,Exhausted,Minimal,Yes,7.5,2.6,High
Okay,Moderate,8.3,Very Energized,Moderate,Yes,2.4,5.6,Low
Good,Light,9.3,Energized,Social,Yes,2.5,8.7,Low
Okay,Very Light,9.5,Very Energized,Moderate,Yes,3.1,7.7,Low
Okay,Heavy,7.0,Okay,Moderate,Yes,9.0,2.0,Normal
Great,Light,9.1,Energized,Very Social,Yes,2.6,7.4,Very Low
Stressed,Heavy,7.2,Okay,Moderate,No,3.3,5.2,High
Good,Very Light,8.3,Very Energized,Social,Yes,1.6,10.3,Very Low
Okay,Very Light,7.7,Energized,Very Social,Yes,4.0,9.7,Low
Low Mood,Heavy,6.1,Energized,Social,No,3.0,5.0,Normal
Low Mood,Very Light,7.2,Energized,Social,No,3.3,9.8,Low
Stressed,Heavy,4.1,Exhausted,Minimal,No,8.7,1.0,Very High
Okay,Moderate,6.8,Energized,Moderate,Yes,5.7,6.2,Low
Okay,Moderate,6.5,Tired,Minimal,No,8.4,4.9,Normal
Stressed,Heavy,5.9,Tired,Minimal,No,9.1,2.9,High
Stressed,Heavy,5.8,Exhausted,None,No,5.6,2.3,Very High
Low Mood,Heavy,5.3,Exhausted,None,No,8.4,3.7,High
Stressed,Heavy,4.7,Tired,None,Yes,7.3,2.5,High
Great,Light,9.0,Energized,Social,No,2.6,10.6,Very Low
Low Mood,Heavy,5.1,Tired,Minimal,Yes,10.0,1.8,High
Okay,Moderate,7.7,Okay,Very Social,Yes,4.6,5.1,Normal
Low Mood,Heavy,6.5,Tired,Social,Yes,4.3,6.0,Normal
Stressed,Very Heavy,5.4,Tired,None,No,7.0,4.3,High
Low Mood,Heavy,7.8,Okay,Minimal,No,5.5,7.8,Normal
Low Mood,Moderate,6.2,Tired,Moderate,No,7.6,4.4,Normal
Low Mood,Moderate,7.0,Tired,Minimal,Yes,5.9,7.6,Normal
Stressed,Very Heavy,5.8,Exhausted,Moderate,No,6.4,2.8,Very High
Stressed,Moderate,6.9,Exhausted,None,No,7.2,2.9,Very High
Good,Moderate,8.3,Tired,Minimal,No,3.3,7.2,Low
Good,Moderate,8.5,Okay,Moderate,Yes,3.8,9.9,Low
Great,Heavy,7.8,Okay,Minimal,Yes,4.6,6.0,Very Low
Good,Heavy,7.3,Energized,Social,Yes,3.2,4.6,Low
Stressed,Very Heavy,4.9,Tired,None,No,9.4,1.5,High
Low Mood,Light,7.6,Energized,Moderate,No,4.8,6.5,Normal
Low Mood,Very Heavy,4.3,Tired,Minimal,Yes,9.5,2.3,High
Low Mood,Moderate,4.4,Exhausted,None,No,7.4,1.4,Very High
Good,Very Light,9.5,Energized,Very Social,Yes,3.7,8.6,Very Low
Great,Light,7.8,Energized,Social,Yes,4.4,8.0,Very Low
Great,Moderate,8.8,Energized,Very Social,No,2.6,8.9,Low
Great,Very Light,7.9,Energized,Very Social,No,3.6,8.8,Very Low
Stressed,Very Heavy,5.9,Tired,None,No,8.8,2.9,Very High
Low Mood,Moderate,6.5,Exhausted,None,No,8.1,3.2,High
Great,Very Light,6.9,Energized,Social,No,4.4,7.8,Very Low
Stressed,Very Heavy,6.7,Okay,None,Yes,6.9,3.7,High
Great,Light,8.2,Very Energized,Very Social,Yes,4.3,9.1,Very Low
Okay,Light,8.3,Energized,Very Social,Yes,3.5,5.3,Low
Great,Very Light,8.6,Very Energized,Very Social,Yes,2.7,7.8,Very Low
Stressed,Heavy,6.9,Tired,None,Yes,6.3,5.1,Normal
Stressed,Very Heavy,5.1,Okay,Minimal,No,5.5,2.9,High
Stressed,Very Heavy,5.1,Exhausted,Minimal,No,7.1,1.2,Very High
Low Mood,Heavy,7.3,Energized,Social,Yes,5.6,5.3,Normal
Okay,Moderate,7.2,Tired,Social,Yes,5.1,4.9,Normal
Low Mood,Light,7.4,Tired,Social,No,5.2,5.1,Normal
Stressed,Very Heavy,6.0,Tired,Moderate,Yes,8.3,3.4,High
Okay,Moderate,8.3,Energized,Moderate,Yes,3.4,6.5,Low
Great,Light,8.9,Energized,Social,Yes,2.6,8.2,Very Low
Low Mood,Very Heavy,4.8,Exhausted,Minimal,No,7.4,3.4,High
Okay,Very Light,8.1,Okay,Social,No,2.8,9.3,Low
Low Mood,Moderate,7.2,Okay,Minimal,No,3.8,4.7,Normal
Okay,Light,6.3,Tired,Moderate,Yes,3.9,6.6,Low
Stressed,Very Heavy,5.3,Okay,None,No,8.8,3.4,High
Good,Light,8.2,Very Energized,Very Social,Yes,3.9,7.6,Very Low
Okay,Heavy,6.4,Exhausted,None,Yes,8.1,5.8,Normal
Okay,Very Light,8.7,Very Energized,Social,Yes,2.3,5.4,Low
Low Mood,Heavy,5.7,Exhausted,Moderate,No,8.5,2.6,Very High
Good,Light,8.2,Energized,Social,Yes,3.9,5.4,Very Low
Great,Very Light,7.8,Energized,Social,Yes,1.4,7.5,Very Low
Great,Very Light,9.0,Okay,Very Social,No,2.0,7.0,Very Low
Great,Light,9.7,Energized,Very Social,Yes,3.4,11.0,Very Low
Good,Moderate,8.5,Okay,Moderate,Yes,4.9,9.6,Normal
Okay,Moderate,6.0,Energized,Minimal,Yes,3.2,6.0,Normal
Okay,Very Light,8.2,Very Energized,Moderate,Yes,4.3,5.4,Very Low
Low Mood,Moderate,7.9,Tired,Social,No,3.4,4.5,Normal
Okay,Very Light,7.9,Okay,Very Social,Yes,2.7,8.3,Very Low
Stressed,Heavy,6.7,Okay,Moderate,No,6.6,5.9,Normal
Great,Light,8.6,Energized,Very Social,Yes,3.2,11.5,Very Low
Great,Light,8.0,Okay,Moderate,Yes,4.4,5.3,Very Low
Good,Light,7.2,Energized,Very Social,Yes,4.3,5.3,Very Low
Low Mood,Very Heavy,4.6,Exhausted,None,No,7.5,2.7,Very High
Okay,Moderate,5.1,Exhausted,Minimal,No,5.4,5.8,High
Great,Light,8.9,Energized,Social,No,3.4,11.6,Low
Stressed,Very Heavy,5.2,Okay,Moderate,No,5.8,5.8,High
Good,Heavy,6.4,Okay,Minimal,Yes,4.7,5.2,Low
Low Mood,Moderate,5.1,Exhausted,None,Yes,7.5,3.6,High
Good,Heavy,6.8,Tired,Minimal,Yes,4.5,8.0,Normal
Good,Moderate,9.8,Very Energized,Very Social,Yes,2.3,12.0,Low
Low Mood,Heavy,4.1,Exhausted,Minimal,No,7.1,2.2,High
Low Mood,Heavy,5.3,Exhausted,Minimal,No,7.5,2.8,High
Good,Light,8.2,Very Energized,Social,Yes,3.1,5.8,Very Low
Good,Light,7.7,Okay,Moderate,Yes,4.4,8.4,Low
Low Mood,Moderate,5.0,Tired,Moderate,Yes,7.5,4.7,Normal
Okay,Very Light,9.7,Very Energized,Social,Yes,1.4,10.3,Very Low
Low Mood,Moderate,6.0,Energized,Social,Yes,3.7,4.6,Normal
Stressed,Moderate,6.1,Okay,None,No,7.1,4.2,High
Okay,Moderate,6.5,Okay,None,No,8.8,3.1,Low
Great,Light,9.3,Energized,Social,Yes,3.3,7.3,Very Low
Low Mood,Heavy,6.6,Energized,Minimal,Yes,5.7,4.3,Normal
Great,Very Light,8.8,Very Energized,Social,Yes,2.9,10.9,Very Low
Great,Moderate,9.0,Very Energized,Social,Yes,3.1,10.3,Very Low
Good,Very Light,8.0,Energized,Very Social,Yes,2.3,8.4,Very Low
Okay,Very Heavy,5.8,Okay,Minimal,Yes,6.1,4.1,Normal
Good,Light,7.4,Energized,Moderate,No,3.7,6.0,Low
Okay,Light,9.9,Energized,Social,Yes,3.5,7.1,Low
Low Mood,Moderate,6.7,Tired,Moderate,No,7.7,4.7,Normal
Okay,Heavy,6.8,Energized,Social,No,3.2,5.6,Normal
Low Mood,Very Heavy,6.9,Tired,None,No,5.5,3.1,High
Low Mood,Heavy,5.4,Tired,Minimal,No,8.1,1.4,High
Okay,Moderate,5.8,Tired,None,Yes,5.1,2.1,Normal
Okay,Heavy,7.0,Energized,Moderate,No,5.2,4.1,Normal
Low Mood,Light,8.1,Tired,Moderate,No,6.0,4.5,Normal
Okay,Very Heavy,6.4,Tired,Moderate,No,7.4,2.8,High
Good,Heavy,5.3,Exhausted,Minimal,Yes,6.4,4.6,Normal
Low Mood,Light,6.3,Energized,Minimal,Yes,5.8,7.6,Low
Good,Light,8.8,Energized,Very Social,Yes,3.9,7.3,Very Low
Stressed,Heavy,4.9,Exhausted,Minimal,No,10.0,1.0,Very High
Okay,Heavy,5.7,Exhausted,None,No,7.8,5.1,High
Stressed,Very Heavy,6.3,Okay,Minimal,No,6.9,4.1,High
Okay,Light,7.9,Very Energized,Moderate,Yes,3.9,8.6,Very Low
Low Mood,Very Heavy,5.5,Exhausted,None,Yes,8.4,2.7,High
Good,Light,7.3,Energized,Very Social,No,2.6,5.2,Low
Stressed,Light,6.7,Okay,Minimal,No,5.5,7.4,Normal
Good,Light,7.6,Energized,Moderate,Yes,4.5,9.5,Low
Okay,Heavy,5.4,Okay,Moderate,Yes,8.4,5.3,Normal
Great,Light,8.2,Very Energized,Social,No,1.7,8.5,Very Low
Good,Light,9.0,Very Energized,Very Social,Yes,3.6,7.6,Very Low
Okay,Very Heavy,5.4,Okay,Moderate,Yes,8.2,4.3,Normal
Great,Light,7.5,Energized,Very Social,Yes,2.3,9.3,Very Low
Good,Heavy,6.1,Tired,Minimal,Yes,3.2,6.6,Normal
Low Mood,Moderate,5.2,Tired,Moderate,No,8.9,3.4,Normal
Good,Light,7.8,Energized,Moderate,Yes,5.9,7.7,Low
Good,Light,8.0,Okay,Social,Yes,5.4,7.0,Very Low
Good,Very Light,7.8,Okay,Moderate,Yes,2.2,5.2,Very Low
Low Mood,Moderate,5.6,Tired,Minimal,No,8.3,3.5,High
Low Mood,Very Heavy,5.7,Okay,Minimal,No,5.8,2.2,High
Great,Light,8.2,Very Energized,Moderate,Yes,4.0,9.4,Very Low
Good,Light,8.2,Very Energized,Moderate,Yes,4.7,6.2,Very Low
Low Mood,Moderate,6.9,Exhausted,Moderate,Yes,7.8,2.2,Normal
Stressed,Very Heavy,4.5,Exhausted,None,No,7.3,2.5,Very High
Great,Light,9.2,Energized,Very Social,Yes,2.1,7.2,Very Low
Stressed,Heavy,5.3,Exhausted,Minimal,No,8.7,2.2,High
Stressed,Very Heavy,6.4,Exhausted,Moderate,No,5.0,4.0,High
Great,Light,9.9,Very Energized,Social,Yes,3.3,10.9,Very Low
Okay,Light,6.2,Energized,Moderate,No,5.3,6.4,Low
Okay,Heavy,5.2,Okay,Minimal,No,7.1,3.9,Normal
Okay,Light,9.2,Very Energized,Very Social,Yes,4.9,7.9,Low
Great,Light,9.8,Energized,Very Social,Yes,3.2,7.1,Very Low
Okay,Very Heavy,7.0,Exhausted,Moderate,No,8.1,2.6,High
Okay,Very Heavy,5.1,Tired,Minimal,Yes,6.3,4.0,High
Low Mood,Very Heavy,5.8,Tired,None,Yes,6.7,3.1,High
Good,Very Light,8.8,Energized,Social,Yes,1.8,11.6,Very Low
Low Mood,Heavy,4.5,Tired,None,No,7.1,1.1,High
Stressed,Very Heavy,5.9,Tired,Minimal,No,9.9,1.3,Very High
Low Mood,Moderate,6.3,Exhausted,None,No,6.6,2.7,Normal
Okay,Light,8.3,Energized,Moderate,Yes,2.6,7.7,Low
Okay,Light,7.9,Okay,Moderate,Yes,5.4,6.9,Low
Okay,Moderate,7.4,Energized,Minimal,Yes,5.9,4.7,Low
Good,Light,9.2,Very Energized,Social,Yes,3.4,11.5,Very Low
Low Mood,Very Heavy,5.2,Exhausted,None,No,9.1,1.0,Very High
Low Mood,Very Heavy,5.0,Exhausted,Moderate,Yes,7.4,5.6,Very High
Good,Light,7.7,Energized,Social,Yes,1.5,10.4,Very Low
Good,Very Light,8.6,Energized,Social,Yes,1.6,7.3,Very Low
Stressed,Light,6.8,Okay,Minimal,No,8.1,4.2,Normal
Stressed,Very Heavy,4.7,Exhausted,None,Yes,9.6,2.8,Very High
Good,Light,7.1,Energized,Moderate,No,3.2,4.8,Low
Great,Very Light,8.6,Very Energized,Very Social,Yes,3.3,8.2,Very Low
Low Mood,Heavy,7.5,Okay,Minimal,Yes,4.0,7.2,Low
Low Mood,Moderate,6.2,Tired,Moderate,No,5.8,3.0,Normal
Good,Light,9.4,Energized,Very Social,No,2.8,8.5,Low
Good,Moderate,7.2,Okay,Social,Yes,4.6,7.6,Low
Okay,Moderate,7.9,Very Energized,Social,Yes,4.0,6.8,Low
Low Mood,Very Heavy,4.6,Tired,None,No,9.9,1.6,Very High
Okay,Heavy,6.5,Energized,Minimal,No,5.4,7.9,Normal
Okay,Moderate,5.5,Okay,Moderate,Yes,8.7,2.9,Normal
Stressed,Very Heavy,5.7,Tired,None,No,9.7,2.0,Very High
Low Mood,Very Heavy,5.7,Exhausted,Moderate,No,7.5,3.8,Very High
Good,Heavy,7.8,Okay,Minimal,Yes,5.7,5.3,Normal
Low Mood,Heavy,5.3,Exhausted,None,Yes,7.5,5.7,High
Okay,Moderate,5.9,Okay,Minimal,No,5.8,5.7,Normal
Great,Moderate,6.8,Okay,Moderate,No,6.0,5.5,Low
Good,Very Light,8.1,Very Energized,Social,Yes,1.4,10.1,Very Low
Low Mood,Heavy,5.3,Tired,None,No,7.5,1.8,High
Great,Light,8.8,Very Energized,Social,Yes,2.8,11.2,Very Low
Stressed,Heavy,6.4,Exhausted,Minimal,Yes,7.0,4.5,High
Great,Very Light,7.3,Very Energized,Social,Yes,4.6,9.2,Very Low
Low Mood,Very Heavy,6.6,Okay,Minimal,No,5.2,5.8,Normal
Okay,Light,8.5,Energized,Moderate,No,3.2,6.3,Low
Okay,Heavy,5.4,Okay,Moderate,No,6.8,4.8,Normal
Low Mood,Very Heavy,4.2,Tired,Minimal,No,7.8,1.4,Very High
Low Mood,Moderate,7.2,Okay,Social,Yes,5.9,4.1,Normal
Good,Light,9.2,Energized,Social,No,2.6,8.3,Low
Low Mood,Very Heavy,6.4,Okay,None,No,7.5,4.9,High
Okay,Light,7.1,Okay,Moderate,Yes,3.2,7.3,Low
Great,Light,8.0,Very Energized,Very Social,Yes,4.7,8.3,Very Low
Okay,Moderate,8.0,Tired,Minimal,No,3.9,6.5,Normal
Good,Light,7.3,Energized,Moderate,No,5.2,7.3,Low
Stressed,Moderate,7.7,Okay,Social,Yes,5.1,5.5,Normal
Low Mood,Light,7.0,Okay,Moderate,Yes,3.1,4.1,Normal
Stressed,Very Heavy,5.0,Tired,Minimal,No,7.7,2.2,Very High
Low Mood,Heavy,8.2,Energized,Social,Yes,4.6,7.3,Normal
Low Mood,Very Heavy,5.3,Exhausted,None,No,8.5,1.1,High
Low Mood,Heavy,5.8,Okay,Minimal,Yes,7.5,2.6,Normal
Okay,Light,8.5,Okay,Moderate,Yes,3.4,6.3,Low
Stressed,Moderate,7.9,Okay,Minimal,No,3.8,5.9,Normal
Good,Heavy,7.4,Tired,Social,No,3.6,7.7,Normal
Okay,Light,5.5,Tired,None,Yes,5.4,4.9,Low
Good,Light,7.0,Energized,Minimal,Yes,3.8,6.2,Low
Great,Moderate,8.4,Very Energized,Moderate,Yes,2.9,9.1,Very Low
Great,Light,9.0,Energized,Very Social,Yes,3.1,10.1,Very Low
Great,Light,8.4,Very Energized,Social,Yes,3.8,8.1,Very Low
Great,Light,9.3,Energized,Moderate,Yes,3.7,6.6,Very Low
Good,Heavy,7.3,Tired,Minimal,No,3.6,7.8,Normal
Low Mood,Heavy,6.3,Tired,Moderate,No,6.5,4.9,Normal
Great,Moderate,8.1,Very Energized,Social,Yes,2.6,9.1,Very Low
Great,Light,7.3,Energized,Very Social,Yes,3.4,8.5,Very Low
Great,Moderate,7.4,Very Energized,Very Social,Yes,4.3,5.9,Very Low
Good,Moderate,6.8,Energized,Minimal,No,4.3,4.7,Low
Stressed,Heavy,5.3,Okay,Minimal,No,7.2,3.1,High
Okay,Moderate,5.5,Tired,None,Yes,6.4,5.0,Normal
Great,Moderate,7.2,Very Energized,Social,No,2.9,9.8,Low
Okay,Heavy,6.4,Okay,Minimal,Yes,5.9,5.5,Normal
Low Mood,Moderate,6.2,Okay,Social,Yes,5.1,5.6,Low
Good,Moderate,8.2,Okay,Very Social,No,2.8,9.0,Low
Low Mood,Very Heavy,5.3,Tired,Moderate,No,6.4,5.2,High
Great,Moderate,8.1,Very Energized,Moderate,Yes,2.1,6.7,Very Low
Okay,Very Heavy,5.3,Okay,Minimal,No,7.8,5.6,Normal
Stressed,Moderate,5.8,Exhausted,Minimal,Yes,7.7,4.4,High
Good,Light,7.2,Okay,Social,Yes,4.5,9.7,Low
Great,Light,10.0,Energized,Very Social,Yes,2.1,7.3,Very Low
Low Mood,Heavy,4.8,Tired,Minimal,No,8.1,2.4,High
Low Mood,Light,7.3,Energized,Minimal,Yes,5.3,4.9,Low
Great,Moderate,8.2,Very Energized,Social,Yes,3.1,5.4,Very Low
Okay,Light,6.0,Energized,Minimal,No,5.6,6.6,Low
Low Mood,Heavy,5.3,Tired,None,No,7.8,2.9,High
Good,Light,8.2,Okay,Moderate,Yes,4.3,4.7,Low
Low Mood,Heavy,6.3,Okay,Minimal,Yes,3.2,6.0,Normal
Okay,Moderate,7.9,Okay,Moderate,No,3.2,4.4,Low
Low Mood,Very Heavy,4.6,Exhausted,None,Yes,7.7,1.3,High
Great,Very Light,8.3,Energized,Social,Yes,1.8,9.8,Very Low
Low Mood,Heavy,4.3,Tired,None,No,8.4,3.8,High
Good,Very Light,8.3,Okay,Social,Yes,2.2,6.5,Very Low
Low Mood,Very Heavy,4.9,Tired,None,No,8.3,1.8,Very High
Good,Light,8.4,Tired,Moderate,No,3.6,5.3,Normal
Okay,Very Light,8.7,Okay,Social,No,3.4,6.5,Low
Okay,Heavy,7.5,Energized,Minimal,No,4.5,4.4,Normal
Great,Very Light,8.4,Energized,Social,No,4.0,5.9,Very Low
Good,Heavy,6.3,Okay,Social,Yes,5.4,5.3,Low
Okay,Light,6.0,Energized,Social,Yes,5.4,6.3,Very Low
Low Mood,Moderate,5.8,Okay,Minimal,No,8.4,2.7,Normal
Good,Moderate,9.0,Energized,Very Social,Yes,3.8,5.6,Low
Great,Light,8.4,Very Energized,Social,Yes,3.7,8.7,Very Low
Good,Heavy,6.7,Okay,Minimal,No,4.3,4.4,Normal
Low Mood,Light,5.0,Okay,None,Yes,7.8,2.6,Normal
Good,Light,8.4,Energized,Social,Yes,3.4,8.9,Low
Good,Very Light,9.6,Energized,Social,Yes,2.2,11.2,Very Low
Stressed,Heavy,4.0,Tired,Minimal,No,9.9,3.8,High
Low Mood,Moderate,7.5,Energized,Moderate,No,5.6,6.3,Low
Okay,Light,8.5,Very Energized,Very Social,Yes,3.8,8.1,Low
Okay,Heavy,5.4,Tired,None,No,9.6,3.5,High
Low Mood,Heavy,5.9,Tired,Moderate,No,6.1,4.0,High
Low Mood,Heavy,4.1,Tired,None,No,9.2,2.9,High
Good,Heavy,6.3,Tired,Minimal,Yes,5.5,4.8,Normal
Low Mood,Heavy,5.7,Tired,None,No,7.2,3.2,High
Okay,Very Heavy,6.6,Okay,Minimal,No,5.8,3.0,High
Good,Light,8.0,Tired,Moderate,Yes,4.7,5.8,Low
Low Mood,Heavy,5.5,Tired,Minimal,No,7.2,1.1,Normal
Low Mood,Heavy,5.5,Exhausted,None,No,8.5,3.4,Very High
Low Mood,Moderate,6.1,Tired,Social,Yes,5.6,7.7,Normal
Stressed,Heavy,5.5,Tired,Minimal,No,7.5,1.6,High
Okay,Moderate,6.1,Okay,Moderate,Yes,5.9,2.8,Normal
Low Mood,Light,6.1,Energized,Moderate,No,3.7,5.1,Normal
Low Mood,Very Heavy,6.2,Okay,Minimal,No,8.0,4.2,High
Good,Moderate,8.0,Okay,Minimal,Yes,5.5,5.6,Low
Great,Very Light,9.0,Very Energized,Very Social,Yes,3.9,11.2,Very Low
Low Mood,Heavy,4.7,Exhausted,Minimal,No,9.8,1.6,High
Okay,Heavy,7.0,Tired,None,No,5.2,3.6,High
Low Mood,Moderate,6.0,Exhausted,Minimal,No,7.2,4.8,High
Great,Moderate,8.1,Energized,Social,No,3.1,9.3,Very Low
Low Mood,Moderate,7.9,Energized,Minimal,Yes,5.6,5.2,Normal
Great,Light,7.9,Very Energized,Social,Yes,3.5,8.4,Very Low
Low Mood,Moderate,7.5,Tired,Moderate,No,4.7,7.2,Normal
Okay,Moderate,8.2,Tired,Moderate,Yes,3.3,5.8,Normal
Good,Heavy,6.2,Energized,Minimal,No,4.3,7.3,Low
Okay,Moderate,6.3,Tired,Minimal,No,3.4,7.0,Normal
Low Mood,Heavy,4.2,Tired,Minimal,No,9.0,2.3,High
Okay,Heavy,6.1,Energized,Social,Yes,3.5,6.6,Normal
Low Mood,Heavy,6.7,Okay,Moderate,Yes,5.0,5.2,Normal
Okay,Moderate,6.4,Tired,Moderate,No,7.8,5.4,Normal
Good,Very Light,8.8,Very Energized,Social,Yes,3.0,10.1,Very Low
Low Mood,Moderate,5.2,Okay,None,No,6.8,5.8,Normal
Low Mood,Heavy,5.4,Tired,Minimal,No,9.0,2.1,High
Okay,Very Light,8.4,Energized,Moderate,Yes,4.4,7.0,Very Low
Great,Moderate,7.7,Very Energized,Very Social,Yes,4.8,6.3,Very Low
Stressed,Very Heavy,6.4,Tired,None,No,8.4,5.6,Very High
Okay,Heavy,7.4,Energized,Social,No,4.0,4.7,Low
Okay,Moderate,7.2,Energized,Minimal,No,5.3,6.4,Low
Okay,Heavy,4.2,Exhausted,Minimal,No,8.6,2.8,High
Good,Moderate,6.3,Okay,Moderate,Yes,4.4,5.0,Low
Good,Moderate,6.8,Tired,Social,Yes,4.7,5.1,Normal
Good,Moderate,8.3,Energized,Moderate,Yes,4.1,4.9,Low
Stressed,Very Heavy,6.3,Exhausted,Moderate,No,5.7,4.1,High
Low Mood,Heavy,4.3,Exhausted,None,Yes,9.3,2.8,High
Stressed,Moderate,6.8,Exhausted,None,No,7.2,5.4,High
Okay,Heavy,5.3,Okay,Moderate,Yes,8.4,4.5,Normal
Good,Moderate,6.4,Tired,Social,Yes,5.8,6.6,Low
Good,Light,9.3,Okay,Moderate,No,3.3,8.5,Low
Great,Light,7.6,Energized,Very Social,Yes,1.6,8.2,Very Low
Okay,Moderate,6.3,Okay,Minimal,No,5.3,4.8,Normal
Good,Light,9.4,Energized,Social,Yes,1.1,9.7,Low
Good,Light,9.6,Energized,Social,Yes,3.9,11.2,Very Low
Good,Very Light,9.5,Energized,Very Social,Yes,4.0,10.8,Very Low
Okay,Moderate,6.1,Exhausted,Moderate,No,5.6,4.3,Normal
Low Mood,Light,6.6,Tired,Moderate,No,3.3,7.6,Normal
Low Mood,Very Heavy,5.2,Tired,Moderate,No,5.1,5.4,High
Stressed,Very Heavy,6.2,Okay,Minimal,No,5.7,4.4,High
Low Mood,Heavy,4.8,Tired,Minimal,Yes,7.8,3.0,High
Okay,Heavy,6.2,Tired,Minimal,No,5.3,4.9,High
Low Mood,Moderate,6.6,Tired,Moderate,Yes,7.2,4.3,Normal
Good,Moderate,8.5,Okay,Moderate,No,2.5,7.7,Low
Stressed,Heavy,6.6,Okay,None,No,5.6,4.7,High
Okay,Very Light,9.3,Okay,Very Social,No,3.7,7.7,Low
Great,Light,9.4,Very Energized,Very Social,Yes,3.1,10.7,Very Low
Okay,Heavy,6.7,Tired,Moderate,No,5.6,4.6,Normal
Low Mood,Heavy,5.5,Okay,Moderate,Yes,5.7,3.3,Normal
Okay,Light,9.1,Very Energized,Social,No,3.2,5.7,Very Low
Okay,Heavy,6.4,Tired,Minimal,Yes,5.0,6.2,High
Okay,Moderate,7.2,Very Energized,Social,Yes,3.3,5.1,Low
Okay,Very Heavy,5.5,Okay,Moderate,No,6.2,5.5,High
Good,Moderate,7.0,Okay,Moderate,Yes,5.6,5.2,Low
Great,Very Light,7.2,Energized,Moderate,No,4.7,7.1,Very Low
Okay,Moderate,6.4,Tired,Moderate,No,5.1,7.8,Normal
Stressed,Very Heavy,5.4,Okay,None,No,6.9,5.2,Very High
Low Mood,Heavy,4.0,Exhausted,None,No,7.1,3.9,High
Great,Moderate,8.7,Very Energized,Social,Yes,3.8,8.2,Very Low
Good,Heavy,6.2,Energized,Minimal,Yes,4.4,5.3,Low
Low Mood,Very Heavy,5.4,Tired,Moderate,No,7.5,3.0,High
Low Mood,Light,6.0,Energized,Minimal,No,3.0,4.6,Normal
Okay,Heavy,6.5,Tired,Social,No,5.7,7.3,Normal
Okay,Very Heavy,5.9,Okay,Minimal,No,5.4,3.5,Normal
Okay,Light,8.3,Okay,Moderate,Yes,4.1,7.4,Low
Low Mood,Heavy,4.0,Exhausted,None,No,8.4,2.4,High
Okay,Light,8.6,Energized,Social,Yes,3.1,5.2,Low
Good,Very Light,8.9,Energized,Very Social,Yes,2.6,10.8,Very Low
Okay,Moderate,5.2,Okay,None,No,5.6,5.6,Normal
Great,Very Light,8.1,Very Energized,Very Social,Yes,3.5,8.2,Very Low
Low Mood,Heavy,5.3,Tired,Minimal,No,9.7,1.6,High
Low Mood,Heavy,5.2,Exhausted,None,No,7.9,2.5,High
Okay,Heavy,5.8,Okay,Minimal,No,5.8,2.2,Normal
Good,Moderate,7.5,Okay,Moderate,No,3.2,5.3,Low
Great,Light,8.1,Okay,Social,No,4.1,9.0,Low
Low Mood,Heavy,5.6,Tired,Moderate,No,6.9,3.7,Normal
Great,Light,9.4,Okay,Very Social,Yes,3.9,7.4,Very Low
Stressed,Very Heavy,4.5,Exhausted,Minimal,Yes,9.4,2.5,High
Great,Light,7.5,Energized,Moderate,Yes,4.1,5.6,Very Low
Good,Moderate,6.1,Tired,Social,No,5.4,7.0,Normal
Good,Light,6.1,Tired,Social,No,4.6,6.8,Low
Okay,Moderate,7.6,Okay,Moderate,Yes,5.0,4.7,Normal
Low Mood,Moderate,5.7,Tired,Minimal,No,6.1,2.3,High
Great,Moderate,8.6,Okay,Moderate,Yes,2.8,9.7,Low
Great,Very Light,8.7,Energized,Very Social,Yes,3.6,11.6,Very Low
Good,Light,8.3,Very Energized,Very Social,Yes,2.7,9.7,Very Low
Low Mood,Heavy,6.8,Okay,Minimal,No,3.2,6.5,High
Good,Very Heavy,5.6,Tired,Minimal,No,5.5,3.3,Normal
Stressed,Heavy,5.2,Exhausted,Minimal,No,5.6,3.1,Very High
Good,Light,8.5,Very Energized,Very Social,Yes,2.5,7.4,Very Low
Low Mood,Heavy,6.0,Tired,Moderate,No,6.7,5.5,High
Low Mood,Light,6.7,Tired,Minimal,Yes,4.3,7.1,Normal
Okay,Heavy,8.3,Energized,Moderate,Yes,3.4,6.3,Low
Stressed,Moderate,7.0,Exhausted,Minimal,No,6.9,3.7,Very High
Good,Light,10.0,Energized,Social,Yes,2.4,10.8,Very Low
Great,Very Light,9.8,Very Energized,Social,Yes,2.3,9.8,Very Low
Okay,Light,7.9,Okay,Moderate,No,5.8,6.3,Low
Good,Moderate,6.3,Tired,Moderate,No,5.5,4.9,Normal
Okay,Light,7.1,Okay,Very Social,Yes,3.8,9.2,Low
Great,Very Light,9.4,Energized,Very Social,No,3.3,5.8,Very Low
Stressed,Heavy,5.1,Tired,Minimal,No,7.4,3.2,High
Good,Heavy,8.2,Okay,Minimal,Yes,4.1,4.6,Low
Low Mood,Very Heavy,5.0,Exhausted,None,Yes,7.7,3.7,High
Low Mood,Heavy,7.0,Exhausted,None,No,7.4,3.9,High
Great,Moderate,8.6,Okay,Social,No,2.6,6.3,Very Low
Stressed,Heavy,6.0,Tired,Minimal,Yes,7.9,2.1,Very High
Okay,Very Light,7.5,Energized,Social,Yes,3.5,9.9,Low
Okay,Heavy,6.9,Energized,Minimal,No,5.7,4.0,Normal
Great,Very Light,9.3,Very Energized,Social,No,4.5,7.2,Very Low
Great,Very Light,7.7,Very Energized,Very Social,Yes,1.5,7.1,Very Low
Great,Moderate,7.1,Very Energized,Social,No,5.0,7.9,Very Low
Low Mood,Heavy,4.1,Exhausted,None,No,9.0,2.7,High
Stressed,Very Heavy,5.6,Okay,None,Yes,5.4,2.7,High
Okay,Light,9.4,Very Energized,Moderate,No,3.6,9.5,Low
Great,Moderate,9.1,Energized,Very Social,No,4.1,5.1,Very Low
Okay,Heavy,4.7,Tired,None,No,9.9,1.3,High
Low Mood,Moderate,5.6,Tired,Moderate,No,8.3,2.6,Normal
Low Mood,Moderate,7.2,Tired,Social,No,5.8,4.5,Normal
Low Mood,Very Heavy,4.7,Tired,Minimal,No,8.7,3.6,High
Good,Moderate,8.8,Very Energized,Social,Yes,3.6,9.4,Very Low
Low Mood,Moderate,6.8,Tired,Minimal,Yes,6.0,7.4,Normal
Great,Very Light,9.3,Very Energized,Social,Yes,3.8,8.7,Very Low
Great,Moderate,9.4,Energized,Very Social,Yes,4.3,8.2,Very Low
Okay,Heavy,7.9,Okay,Moderate,No,3.9,7.6,Normal
Low Mood,Moderate,8.0,Energized,Social,No,3.5,7.0,Normal
Stressed,Very Heavy,4.5,Exhausted,None,No,7.2,2.1,Very High
Okay,Heavy,8.1,Energized,Minimal,No,5.3,4.2,Normal
Low Mood,Heavy,5.9,Tired,Moderate,No,7.4,4.2,Normal
Okay,Light,8.2,Okay,Very Social,Yes,4.8,9.5,Low
Good,Very Light,8.2,Very Energized,Very Social,Yes,3.2,8.6,Very Low
Great,Light,8.5,Energized,Moderate,Yes,4.6,9.1,Very Low
Low Mood,Very Heavy,5.8,Exhausted,None,No,9.6,1.1,Very High
Low Mood,Very Heavy,5.1,Exhausted,Minimal,No,9.0,1.1,High
Okay,Heavy,5.2,Okay,None,Yes,6.8,3.2,Normal
Low Mood,Moderate,8.1,Okay,Social,No,3.1,4.2,Normal
Low Mood,Heavy,6.0,Okay,Social,No,5.1,5.6,Normal
Low Mood,Heavy,5.2,Exhausted,Moderate,No,5.6,2.2,High
Okay,Heavy,7.9,Tired,Minimal,No,3.6,6.4,Normal
Okay,Moderate,7.0,Okay,Minimal,Yes,3.9,8.0,Normal
Good,Light,7.9,Very Energized,Moderate,Yes,4.6,8.1,Very Low
Great,Light,9.2,Energized,Moderate,Yes,5.0,6.1,Low
Okay,Moderate,6.6,Energized,Social,No,3.4,4.6,Normal
Stressed,Very Heavy,6.6,Tired,Minimal,No,7.2,2.8,High
Great,Heavy,7.1,Energized,Social,Yes,5.8,7.5,Very Low
Great,Moderate,9.5,Energized,Very Social,Yes,3.0,8.9,Very Low
Great,Very Light,8.8,Energized,Social,Yes,2.6,9.3,Very Low
Great,Very Light,7.5,Very Energized,Social,Yes,1.8,8.6,Very Low
Low Mood,Moderate,7.2,Okay,Minimal,Yes,3.3,4.3,Normal
Stressed,Heavy,5.4,Tired,None,No,9.0,3.1,Very High
Good,Heavy,6.7,Okay,Minimal,Yes,5.6,6.4,Normal
Okay,Light,7.3,Okay,Moderate,Yes,4.6,8.6,Low
Low Mood,Heavy,4.3,Exhausted,Minimal,Yes,7.6,3.1,High
Okay,Light,8.4,Very Energized,Very Social,Yes,2.4,7.8,Very Low
Great,Moderate,9.4,Energized,Social,Yes,3.8,7.0,Very Low
Good,Heavy,7.9,Okay,Minimal,No,4.5,7.3,Low
Stressed,Very Heavy,6.2,Tired,None,No,6.5,4.3,High
Low Mood,Very Heavy,5.6,Tired,None,Yes,6.3,5.2,High
Great,Light,9.8,Energized,Social,Yes,1.4,7.8,Very Low
Low Mood,Moderate,6.0,Exhausted,Moderate,No,5.7,4.8,High
Good,Very Light,8.6,Energized,Very Social,Yes,1.7,10.3,Very Low
Great,Light,7.2,Energized,Moderate,Yes,4.7,7.6,Very Low
Good,Very Light,7.0,Okay,Moderate,No,2.6,7.5,Low
Good,Light,7.7,Very Energized,Social,Yes,1.8,11.8,Very Low
Good,Light,7.9,Energized,Moderate,Yes,4.8,4.7,Very Low
Great,Light,8.4,Energized,Social,Yes,3.3,9.9,Very Low
Great,Moderate,9.1,Energized,Social,Yes,1.6,7.5,Very Low
Low Mood,Light,7.7,Energized,Minimal,Yes,4.9,7.4,Normal
Good,Light,7.1,Tired,Moderate,Yes,4.1,4.5,Low
Good,Moderate,8.6,Okay,Very Social,Yes,2.9,5.5,Low
Stressed,Moderate,4.4,Exhausted,Minimal,No,9.2,1.5,High
Low Mood,Heavy,5.1,Okay,Minimal,Yes,5.2,2.3,Normal
Okay,Light,7.7,Energized,Social,Yes,2.2,8.7,Low
Low Mood,Heavy,5.8,Exhausted,Minimal,Yes,5.6,2.8,High
Stressed,Very Heavy,6.3,Exhausted,Minimal,No,6.7,4.2,Very High
Stressed,Very Heavy,7.2,Energized,Minimal,Yes,5.0,5.2,Normal
Good,Heavy,6.2,Energized,Moderate,Yes,5.8,7.9,Normal
Good,Light,9.1,Very Energized,Very Social,Yes,1.7,11.6,Very Low
Great,Very Light,8.4,Energized,Social,No,1.6,9.5,Very Low
Stressed,Heavy,4.1,Exhausted,Minimal,No,7.3,1.7,Very High
Low Mood,Heavy,5.6,Exhausted,None,No,6.4,5.9,High
Good,Very Light,7.1,Okay,Moderate,Yes,4.3,8.6,Low
Low Mood,Very Heavy,6.2,Tired,Moderate,No,7.9,3.6,High
Okay,Very Light,7.9,Very Energized,Very Social,No,3.9,6.8,Very Low
Okay,Moderate,6.8,Tired,Moderate,Yes,5.7,2.5,Normal
Low Mood,Moderate,6.4,Energized,Moderate,Yes,5.9,4.6,Normal
Okay,Moderate,7.9,Very Energized,Social,No,4.5,7.7,Low
Low Mood,Very Heavy,4.9,Exhausted,Minimal,No,8.3,2.4,Very High
Low Mood,Moderate,6.8,Okay,Moderate,No,6.9,2.8,Normal
Low Mood,Heavy,6.3,Tired,None,Yes,5.8,3.5,Normal
Stressed,Moderate,4.1,Tired,None,No,8.7,2.9,High
Great,Very Light,7.4,Okay,Social,Yes,2.0,5.3,Very Low
Okay,Light,7.3,Tired,Minimal,No,4.3,5.7,Normal
Okay,Moderate,5.0,Exhausted,Minimal,No,5.2,5.3,Normal
Low Mood,Light,6.6,Tired,Minimal,No,5.5,7.3,Normal
Low Mood,Heavy,5.9,Tired,Moderate,Yes,9.0,4.3,High
Okay,Moderate,6.7,Tired,Minimal,No,5.9,2.8,Normal
Good,Light,8.2,Energized,Social,Yes,3.5,10.0,Very Low
Stressed,Heavy,5.3,Tired,None,No,8.5,2.1,High
Okay,Moderate,5.6,Tired,Moderate,No,8.6,5.1,Normal
Okay,Very Light,7.4,Okay,Very Social,Yes,2.4,9.6,Low
Low Mood,Moderate,7.2,Okay,Minimal,No,4.7,7.9,Normal
Okay,Very Heavy,6.8,Okay,Minimal,No,5.5,3.4,High
Good,Heavy,5.4,Exhausted,Minimal,No,7.1,2.9,High
Okay,Very Light,9.0,Okay,Moderate,Yes,4.6,5.9,Low
Okay,Light,9.4,Very Energized,Moderate,No,2.8,8.5,Low
Low Mood,Light,6.6,Tired,Moderate,Yes,5.8,5.7,Low
Great,Light,7.9,Energized,Very Social,Yes,2.8,11.0,Very Low
Great,Moderate,8.3,Energized,Social,No,2.8,5.2,Low
Great,Very Light,7.6,Okay,Very Social,No,4.1,5.1,Very Low
Okay,Heavy,5.9,Tired,None,Yes,8.7,5.7,Normal
Okay,Heavy,8.3,Okay,Moderate,Yes,4.8,4.1,Normal
Stressed,Very Heavy,4.7,Exhausted,Minimal,No,9.0,1.4,Very High
Great,Very Light,8.9,Energized,Moderate,Yes,4.0,8.4,Very Low
Okay,Very Heavy,5.7,Tired,None,No,6.6,2.7,High
Great,Light,8.5,Very Energized,Very Social,Yes,3.6,9.6,Very Low
Good,Heavy,7.3,Energized,Moderate,No,5.8,7.6,Normal
Low Mood,Light,8.5,Okay,Moderate,No,5.0,7.9,Normal
Okay,Very Light,8.9,Energized,Very Social,No,2.4,5.1,Low
Good,Very Light,9.3,Energized,Very Social,Yes,2.4,11.9,Very Low
Good,Light,7.8,Tired,Social,Yes,4.3,6.2,Low
Stressed,Light,6.5,Okay,Moderate,Yes,3.9,6.1,Normal
Great,Light,9.8,Very Energized,Very Social,Yes,2.9,8.0,Very Low
Good,Light,7.7,Energized,Social,Yes,2.2,9.7,Very Low
Low Mood,Very Heavy,4.9,Exhausted,Minimal,No,9.4,1.4,High
Stressed,Very Heavy,4.6,Tired,Minimal,No,9.9,3.0,Very High
Good,Moderate,6.4,Energized,Moderate,Yes,3.3,5.4,Low
Okay,Heavy,7.9,Okay,Minimal,Yes,4.8,7.6,Normal
Low Mood,Very Heavy,4.6,Exhausted,None,No,8.5,1.1,Very High
Low Mood,Heavy,5.0,Tired,None,No,8.3,3.5,High
Great,Very Light,7.8,Energized,Social,Yes,4.1,9.0,Very Low
Good,Moderate,8.4,Okay,Moderate,No,4.5,8.3,Low
Low Mood,Very Heavy,6.2,Exhausted,Moderate,No,8.8,5.4,High
Stressed,Very Heavy,5.0,Tired,Minimal,No,9.9,1.6,Very High
Okay,Heavy,6.3,Tired,Minimal,Yes,5.7,3.5,Normal
Okay,Moderate,9.0,Very Energized,Very Social,Yes,2.9,5.3,Low
Good,Very Light,9.3,Energized,Very Social,Yes,1.5,11.9,Very Low
Good,Light,9.2,Energized,Very Social,Yes,3.9,11.9,Very Low
Low Mood,Very Heavy,5.4,Tired,Minimal,Yes,8.6,3.7,High
Okay,Moderate,8.0,Okay,Moderate,No,5.7,4.1,Normal
Low Mood,Moderate,6.6,Tired,Social,Yes,5.1,4.2,Normal
Good,Light,8.5,Energized,Very Social,Yes,4.7,9.1,Very Low
Great,Very Light,8.4,Very Energized,Very Social,Yes,2.6,9.7,Very Low
Great,Moderate,9.5,Energized,Very Social,No,5.0,8.4,Low
Stressed,Heavy,5.2,Exhausted,Minimal,Yes,5.1,4.7,High
Low Mood,Light,6.8,Okay,Minimal,No,5.5,4.8,Normal
Low Mood,Very Heavy,4.5,Exhausted,Minimal,Yes,9.6,1.2,High
Low Mood,Very Heavy,6.5,Tired,None,Yes,6.0,4.6,High
Good,Very Light,8.2,Energized,Very Social,No,3.2,5.8,Very Low
Low Mood,Light,8.2,Energized,Minimal,No,4.9,4.1,Low
Great,Light,8.8,Energized,Moderate,Yes,4.9,5.0,Very Low
Great,Very Light,8.3,Energized,Very Social,Yes,3.2,5.2,Very Low
Low Mood,Heavy,6.2,Tired,Social,No,4.0,5.6,High
Good,Light,8.9,Energized,Social,No,3.4,7.5,Low
Stressed,Very Heavy,6.3,Exhausted,None,No,6.0,3.8,High
Great,Very Light,7.4,Energized,Moderate,Yes,3.9,6.4,Very Low
Stressed,Very Heavy,5.0,Okay,Minimal,Yes,6.9,3.6,High
Low Mood,Very Heavy,6.2,Exhausted,Minimal,No,8.7,3.9,Very High
Low Mood,Light,8.4,Okay,Moderate,No,6.0,5.6,Low
Great,Very Light,7.9,Energized,Very Social,Yes,1.7,11.6,Very Low
Stressed,Very Heavy,5.3,Exhausted,Minimal,No,8.2,2.4,Very High
Low Mood,Moderate,6.8,Tired,Social,No,3.6,6.9,Normal
Okay,Moderate,8.7,Very Energized,Moderate,Yes,3.1,8.8,Very Low
Great,Very Light,8.9,Energized,Very Social,Yes,3.1,7.9,Very Low
Okay,Very Heavy,6.7,Exhausted,Minimal,Yes,5.2,2.4,Normal
Great,Light,7.3,Okay,Moderate,No,3.1,8.2,Low
Okay,Moderate,9.0,Very Energized,Social,No,4.2,9.3,Low
Good,Light,9.2,Energized,Very Social,Yes,4.2,5.5,Very Low
Good,Moderate,8.6,Very Energized,Social,Yes,3.3,7.8,Very Low
Good,Light,7.6,Energized,Very Social,No,3.0,10.7,Low
Great,Moderate,8.0,Very Energized,Moderate,Yes,3.9,6.8,Very Low
Okay,Moderate,7.7,Energized,Social,No,2.7,5.6,Low
Good,Heavy,7.2,Okay,Moderate,No,4.9,7.1,Normal
Low Mood,Very Heavy,4.1,Tired,Minimal,No,8.7,3.5,Very High
Good,Heavy,7.4,Energized,Minimal,No,3.1,7.2,Low
Good,Heavy,7.9,Energized,Minimal,Yes,5.8,7.8,Low
Stressed,Heavy,5.2,Tired,Minimal,No,9.1,2.1,High
Okay,Very Heavy,5.8,Exhausted,None,No,7.2,2.5,High
Low Mood,Very Heavy,6.8,Okay,None,No,8.9,3.7,High
Good,Heavy,7.5,Okay,Moderate,No,4.4,4.4,Low
Low Mood,Heavy,6.4,Tired,Minimal,Yes,5.6,6.7,Normal
Okay,Moderate,7.3,Tired,Moderate,No,5.2,4.6,Normal
Okay,Heavy,6.0,Tired,Moderate,No,5.2,5.9,Normal
Low Mood,Heavy,6.0,Tired,None,No,6.9,2.5,High
Okay,Light,7.2,Okay,Social,Yes,5.5,6.7,Low
Good,Light,9.1,Okay,Social,No,3.7,5.5,Low
Low Mood,Moderate,6.7,Tired,Moderate,Yes,8.9,5.1,Normal
Great,Moderate,8.5,Energized,Social,No,4.4,6.2,Very Low
Stressed,Moderate,5.7,Exhausted,Minimal,No,6.2,3.6,High
Okay,Heavy,6.8,Okay,None,Yes,6.2,4.4,Normal
Okay,Moderate,7.0,Tired,Moderate,No,8.1,4.8,Normal
Low Mood,Moderate,6.0,Exhausted,Moderate,No,5.9,2.5,Normal
Low Mood,Moderate,8.3,Energized,Moderate,Yes,4.6,6.3,Low
Low Mood,Heavy,6.5,Exhausted,None,No,8.9,5.6,High
Okay,Moderate,8.1,Energized,Moderate,Yes,2.9,5.3,Normal
Low Mood,Heavy,5.1,Tired,None,No,6.9,5.9,High
Low Mood,Heavy,5.9,Okay,Moderate,Yes,5.5,4.5,Normal
Low Mood,Moderate,7.3,Okay,Minimal,Yes,5.0,5.6,Normal
Okay,Moderate,6.9,Energized,Minimal,Yes,3.2,5.9,Low
Okay,Moderate,8.2,Okay,Moderate,Yes,4.0,8.1,Low
Stressed,Light,6.1,Tired,Moderate,Yes,8.0,3.7,Normal
Great,Very Light,9.2,Very Energized,Very Social,Yes,4.1,5.2,Very Low
Stressed,Light,7.3,Okay,Social,No,5.6,5.4,Normal
Low Mood,Moderate,7.3,Tired,Social,No,3.4,5.0,Normal
Low Mood,Very Heavy,4.7,Tired,Minimal,No,7.9,2.3,High
Great,Very Light,8.4,Very Energized,Moderate,Yes,3.2,9.7,Very Low
Low Mood,Heavy,5.3,Exhausted,None,Yes,6.7,2.1,High
Stressed,Very Heavy,4.6,Tired,Minimal,No,8.7,2.3,High
Stressed,Very Heavy,5.2,Exhausted,Moderate,Yes,8.8,3.2,High
Okay,Very Light,9.3,Okay,Social,Yes,4.1,9.2,Low
Great,Heavy,6.2,Okay,Social,Yes,4.4,5.8,Low
Okay,Light,7.3,Tired,Minimal,No,5.5,7.9,Normal
Okay,Moderate,6.3,Okay,Moderate,No,5.2,7.2,Normal
Stressed,Moderate,5.4,Tired,Moderate,No,8.2,4.9,High
Low Mood,Moderate,7.0,Energized,Social,Yes,5.6,4.8,Low
Okay,Heavy,6.9,Energized,Minimal,Yes,5.4,5.8,Normal
Okay,Heavy,8.9,Very Energized,Very Social,No,2.9,5.6,Low
Stressed,Very Heavy,4.1,Exhausted,Minimal,No,8.8,2.9,Very High
Good,Moderate,7.4,Tired,Social,Yes,4.1,7.9,Low
Good,Very Light,7.8,Very Energized,Social,No,1.5,8.1,Very Low
Low Mood,Very Heavy,4.9,Exhausted,None,No,7.2,1.4,Very High
Good,Heavy,7.2,Tired,Social,No,5.7,4.4,Normal
Stressed,Very Heavy,6.0,Exhausted,None,No,5.2,5.4,Very High
Low Mood,Moderate,7.9,Okay,Moderate,No,4.7,5.7,Normal
Great,Very Light,8.9,Energized,Very Social,Yes,3.1,12.0,Very Low
Okay,Very Heavy,5.2,Okay,Minimal,No,7.2,2.5,High
Good,Very Light,8.5,Very Energized,Very Social,Yes,2.9,10.1,Very Low
Great,Light,8.6,Energized,Social,Yes,3.9,11.1,Very Low
Okay,Very Light,9.3,Okay,Moderate,Yes,4.3,9.0,Low
Great,Light,7.9,Energized,Social,Yes,2.8,7.1,Very Low
Good,Heavy,6.8,Tired,Social,No,5.9,8.0,Normal
Good,Light,6.8,Tired,Moderate,No,5.1,6.0,Low
Great,Light,7.7,Energized,Social,Yes,2.0,8.5,Very Low
Okay,Light,8.3,Energized,Social,Yes,2.3,7.8,Low
Good,Moderate,8.5,Very Energized,Moderate,Yes,3.2,9.9,Low
Good,Light,8.4,Energized,Moderate,Yes,3.3,6.7,Very Low
Good,Very Light,8.0,Very Energized,Very Social,Yes,2.2,8.0,Very Low
Good,Light,8.6,Very Energized,Very Social,Yes,1.4,7.0,Very Low
Great,Heavy,8.4,Okay,Social,Yes,3.8,8.4,Low
Good,Very Light,7.3,Energized,Very Social,No,4.7,8.2,Low
Low Mood,Heavy,8.1,Okay,Moderate,Yes,4.4,7.7,Normal
Good,Light,7.4,Energized,Minimal,No,6.0,6.8,Low
Good,Heavy,6.4,Tired,Minimal,No,7.9,3.4,Normal
Great,Very Light,8.2,Energized,Social,Yes,1.7,10.7,Very Low
Okay,Moderate,6.0,Okay,Minimal,No,5.7,5.3,Normal
Low Mood,Light,7.5,Okay,Moderate,Yes,4.3,5.3,Low
Great,Very Light,9.7,Very Energized,Very Social,Yes,3.4,8.3,Very Low
Good,Light,9.3,Very Energized,Very Social,No,1.7,11.5,Very Low
Good,Very Light,7.8,Energized,Social,No,3.2,10.7,Very Low
Okay,Very Light,8.0,Very Energized,Social,No,3.5,8.8,Low
Good,Very Light,7.1,Energized,Moderate,Yes,2.3,9.9,Low
Okay,Moderate,6.2,Tired,None,No,7.9,5.4,High
Okay,Heavy,6.2,Energized,Moderate,No,5.4,6.5,Normal
Stressed,Heavy,5.6,Exhausted,None,Yes,9.9,3.9,High
Good,Light,9.2,Okay,Social,Yes,3.6,6.1,Very Low
Low Mood,Heavy,5.9,Tired,None,No,9.6,3.9,High
Low Mood,Heavy,7.7,Okay,Minimal,Yes,4.4,6.0,Normal
Stressed,Heavy,4.3,Exhausted,None,No,7.6,1.1,Very High
Stressed,Very Heavy,4.8,Exhausted,Minimal,No,7.4,2.3,Very High
Okay,Moderate,7.2,Okay,Minimal,Yes,4.1,5.9,Low
Great,Moderate,8.8,Very Energized,Social,Yes,4.1,6.6,Very Low
Stressed,Very Heavy,4.5,Tired,Minimal,No,8.7,1.5,Very High
Okay,Light,6.3,Okay,Social,No,4.8,6.7,Normal
Low Mood,Moderate,5.8,Exhausted,None,Yes,6.1,5.9,Normal
Low Mood,Moderate,5.8,Tired,Minimal,No,6.9,2.1,Normal
Stressed,Very Heavy,5.7,Exhausted,None,No,10.0,1.4,Very High
Great,Moderate,7.6,Energized,Very Social,Yes,2.0,5.1,Very Low
Good,Moderate,9.9,Very Energized,Social,Yes,2.9,10.4,Very Low
Okay,Very Light,9.2,Okay,Very Social,Yes,4.1,9.6,Low
Stressed,Very Heavy,5.1,Tired,Minimal,No,6.2,5.6,Very High
Okay,Light,5.3,Okay,None,No,8.1,3.9,Normal
Good,Very Light,6.8,Okay,Social,No,4.7,6.7,Low
Okay,Very Light,7.6,Energized,Very Social,Yes,2.3,6.8,Very Low
Good,Light,7.2,Okay,Minimal,Yes,3.5,7.1,Low
Stressed,Very Heavy,4.1,Exhausted,Minimal,No,8.2,2.0,Very High
Good,Moderate,6.8,Tired,Social,No,3.3,6.1,Low
Okay,Light,7.7,Energized,Minimal,No,5.3,5.5,Low
Good,Light,8.0,Very Energized,Very Social,Yes,1.3,10.3,Very Low
Great,Very Light,8.8,Very Energized,Very Social,Yes,1.1,11.4,Very Low
Okay,Very Light,8.8,Very Energized,Moderate,Yes,3.6,8.0,Very Low
Stressed,Moderate,6.1,Exhausted,Moderate,No,7.8,2.6,High
Stressed,Moderate,6.3,Tired,Minimal,No,7.3,2.3,High
Low Mood,Heavy,6.3,Tired,None,No,6.8,3.4,High
Low Mood,Very Heavy,5.4,Exhausted,Minimal,Yes,9.0,1.4,High
Good,Moderate,9.1,Okay,Moderate,Yes,3.8,9.9,Low
Okay,Light,7.9,Tired,Moderate,No,5.2,7.8,Normal
Good,Very Light,8.7,Energized,Very Social,Yes,2.1,10.9,Very Low
Good,Heavy,6.5,Okay,Minimal,No,6.7,2.9,Normal
Low Mood,Heavy,6.9,Energized,Social,Yes,3.6,5.4,Normal
Okay,Light,8.3,Very Energized,Social,No,2.3,5.3,Low
Okay,Very Heavy,5.1,Exhausted,Minimal,No,7.5,3.0,High
Low Mood,Moderate,6.7,Okay,Minimal,No,6.4,3.1,Normal
Okay,Light,8.4,Tired,Minimal,No,5.7,4.1,Low
Stressed,Moderate,6.7,Tired,None,Yes,8.6,2.3,Normal
Great,Very Light,9.9,Energized,Social,Yes,2.0,9.5,Very Low
Stressed,Heavy,6.0,Tired,None,No,8.7,1.2,Very High
Great,Very Light,8.7,Very Energized,Very Social,Yes,1.1,8.4,Very Low
Low Mood,Very Heavy,4.1,Exhausted,Minimal,No,9.0,1.2,Very High
Stressed,Very Heavy,5.1,Exhausted,None,Yes,7.5,3.9,High
Good,Light,9.2,Okay,Social,Yes,2.3,8.0,Very Low
Good,Light,9.1,Energized,Moderate,No,2.1,7.2,Low
Low Mood,Light,8.3,Okay,Social,No,3.5,4.9,Low
Good,Light,6.4,Tired,Minimal,No,4.3,6.4,Normal
Low Mood,Moderate,6.8,Okay,None,No,5.2,5.4,Normal
Great,Light,8.7,Very Energized,Very Social,Yes,3.9,11.0,Very Low
Okay,Heavy,5.2,Tired,Minimal,No,6.5,3.0,Normal
Stressed,Very Heavy,4.8,Exhausted,None,No,9.1,3.0,Very High
Great,Light,9.4,Very Energized,Very Social,Yes,2.1,7.3,Very Low
Good,Light,8.1,Very Energized,Social,Yes,2.4,11.6,Very Low
Okay,Light,9.0,Energized,Moderate,Yes,4.5,5.1,Low
Okay,Light,9.5,Very Energized,Social,Yes,2.6,5.5,Low
Stressed,Moderate,5.5,Tired,Minimal,No,8.8,2.1,High
Okay,Moderate,5.9,Exhausted,None,No,5.7,3.3,Normal
Okay,Very Heavy,6.7,Exhausted,Minimal,No,5.1,4.2,High
Okay,Very Heavy,6.7,Tired,Moderate,No,5.3,3.0,High
Good,Light,7.4,Tired,Minimal,No,3.2,7.9,Low
Great,Light,9.3,Energized,Social,Yes,4.4,5.4,Very Low
Okay,Light,6.4,Okay,Moderate,Yes,3.5,6.6,Low
Good,Moderate,8.2,Energized,Social,Yes,3.2,5.4,Low
Stressed,Very Heavy,5.7,Exhausted,None,No,9.7,2.5,Very High
Good,Moderate,7.2,Very Energized,Moderate,Yes,3.7,8.9,Very Low
Low Mood,Moderate,6.7,Okay,Moderate,No,6.4,2.1,Normal
Low Mood,Very Heavy,4.2,Exhausted,None,No,8.6,3.6,Very High
Great,Light,9.0,Okay,Very Social,Yes,4.4,6.4,Very Low
Good,Moderate,7.0,Very Energized,Moderate,Yes,5.0,7.7,Low
Okay,Moderate,7.8,Okay,Minimal,Yes,5.4,7.5,Normal
Good,Very Light,8.8,Okay,Moderate,No,3.1,8.8,Low
Good,Light,7.3,Okay,Moderate,Yes,5.1,5.5,Low
Okay,Moderate,6.0,Tired,Moderate,No,7.3,5.9,Normal
Good,Very Light,7.8,Okay,Social,Yes,5.5,7.0,Very Low
Low Mood,Moderate,7.9,Okay,Moderate,Yes,5.0,7.9,Normal
Good,Heavy,7.2,Tired,Moderate,No,3.1,4.3,Normal
Stressed,Moderate,6.2,Okay,Moderate,No,8.4,2.1,High
Good,Very Light,8.5,Okay,Moderate,Yes,5.0,9.9,Very Low
Great,Light,9.2,Very Energized,Very Social,Yes,2.8,7.4,Very Low
Low Mood,Heavy,5.5,Okay,Minimal,No,5.8,4.8,High
Good,Light,6.6,Okay,Minimal,No,5.4,6.4,Low
Good,Very Heavy,7.3,Tired,Moderate,Yes,5.0,6.3,Normal
Okay,Heavy,6.1,Energized,Minimal,Yes,3.4,7.4,Normal
Okay,Heavy,4.3,Tired,Minimal,No,7.8,3.5,High
Low Mood,Light,8.1,Tired,Social,No,4.8,7.5,Normal
Low Mood,Moderate,6.1,Tired,Social,Yes,3.2,4.6,Normal
Okay,Moderate,6.6,Tired,Minimal,Yes,5.1,7.5,Normal
Stressed,Heavy,4.9,Tired,None,No,8.2,1.2,Very High
Okay,Heavy,6.9,Energized,Minimal,No,3.4,5.1,Normal
Good,Moderate,8.2,Okay,Social,Yes,2.9,9.8,Low
Great,Light,9.9,Very Energized,Very Social,No,2.1,8.9,Very Low
Okay,Very Light,9.1,Okay,Social,Yes,2.2,5.5,Low
Okay,Moderate,8.4,Tired,Minimal,No,5.8,6.6,Normal
Low Mood,Very Heavy,4.8,Exhausted,None,No,8.3,2.3,Very High
Stressed,Heavy,5.1,Exhausted,Minimal,No,8.6,1.1,Very High
Great,Light,7.8,Very Energized,Social,No,2.4,8.4,Very Low
Low Mood,Moderate,6.5,Tired,None,No,6.9,2.3,Normal
Good,Heavy,7.1,Energized,Moderate,No,4.1,4.2,Normal
Low Mood,Very Heavy,5.4,Tired,Minimal,No,7.9,1.4,Very High
Low Mood,Moderate,7.9,Okay,Moderate,Yes,4.2,7.7,Normal
Low Mood,Heavy,6.4,Tired,Social,Yes,3.0,5.3,Normal
Good,Heavy,8.5,Tired,Social,No,3.4,5.7,Normal
Good,Very Light,7.2,Okay,Very Social,Yes,2.1,5.7,Very Low
Low Mood,Heavy,6.6,Exhausted,Minimal,No,8.7,3.6,High
Low Mood,Moderate,6.1,Energized,Minimal,No,5.2,7.8,Normal
Okay,Moderate,6.5,Tired,None,Yes,6.5,5.5,Normal
Good,Heavy,8.5,Okay,Very Social,Yes,4.1,8.8,Low
Good,Heavy,7.8,Energized,Social,No,5.2,5.7,Normal
Good,Light,6.1,Okay,Minimal,Yes,4.1,4.4,Low
Good,Very Light,9.2,Energized,Social,No,3.5,9.2,Low
Stressed,Light,6.5,Exhausted,None,No,6.5,4.9,High
Great,Moderate,7.9,Tired,Social,Yes,3.8,7.9,Low
Good,Moderate,7.4,Energized,Social,No,3.5,8.1,Low
Good,Light,9.1,Energized,Very Social,No,2.7,5.4,Very Low
Stressed,Heavy,4.1,Exhausted,None,No,9.2,2.9,Very High
Stressed,Heavy,4.8,Tired,None,No,7.7,1.6,High
Low Mood,Heavy,6.2,Energized,Social,Yes,5.5,7.3,Normal
Great,Very Light,8.3,Very Energized,Very Social,Yes,1.1,11.6,Very Low
Stressed,Heavy,5.6,Exhausted,None,Yes,5.9,3.2,Very High
Good,Moderate,7.4,Energized,Social,Yes,4.3,4.4,Low
Stressed,Very Heavy,5.2,Okay,Moderate,Yes,6.8,4.3,High
Okay,Moderate,7.8,Okay,Minimal,No,5.3,5.3,Normal
Good,Light,7.0,Okay,Social,Yes,5.9,4.2,Low
Good,Very Light,9.0,Very Energized,Social,Yes,1.2,8.9,Very Low
Okay,Heavy,7.7,Energized,Moderate,Yes,5.7,7.5,Normal
Good,Moderate,7.9,Very Energized,Very Social,No,3.0,8.0,Low
Stressed,Moderate,6.8,Tired,Minimal,No,4.6,5.7,Normal
Okay,Very Heavy,4.0,Tired,None,No,8.5,2.3,High
Stressed,Heavy,4.3,Tired,None,Yes,7.1,1.3,High
Okay,Light,8.8,Energized,Moderate,Yes,3.7,9.6,Low
Low Mood,Heavy,7.7,Okay,Social,No,4.9,4.3,Normal
Stressed,Very Heavy,4.5,Tired,Minimal,Yes,9.6,1.6,Very High
Good,Heavy,6.5,Okay,Moderate,Yes,4.4,5.5,Low
Stressed,Moderate,8.4,Okay,Minimal,Yes,4.8,6.1,Normal
Stressed,Very Heavy,4.3,Exhausted,Minimal,No,9.8,3.0,Very High
Good,Very Light,9.9,Very Energized,Social,Yes,2.1,7.3,Very Low
Okay,Very Heavy,5.2,Exhausted,Moderate,Yes,8.7,4.4,High
Good,Very Light,8.4,Very Energized,Very Social,Yes,5.0,9.3,Very Low
Great,Light,6.3,Energized,Social,No,5.2,4.3,Very Low
Okay,Heavy,6.3,Tired,Moderate,No,8.5,3.5,High
Low Mood,Light,7.1,Energized,Minimal,No,4.3,7.4,Normal
Great,Very Light,7.2,Energized,Very Social,Yes,2.8,8.9,Very Low
Low Mood,Light,5.8,Okay,None,No,5.7,5.1,Normal
Okay,Moderate,7.3,Energized,Moderate,No,4.6,7.4,Low
Stressed,Heavy,4.7,Exhausted,Minimal,No,8.7,2.4,Very High
Good,Light,7.7,Okay,Moderate,Yes,4.8,5.2,Low
Stressed,Very Heavy,4.1,Tired,None,No,9.2,1.1,Very High
Good,Light,7.3,Okay,Moderate,Yes,3.4,6.3,Low
Low Mood,Light,8.2,Tired,Moderate,Yes,4.2,7.7,Normal
Good,Light,7.0,Tired,Moderate,No,5.0,7.7,Low
Great,Heavy,6.0,Tired,Moderate,Yes,3.2,5.3,Normal
Okay,Heavy,5.5,Tired,Minimal,Yes,7.6,3.2,High
Okay,Heavy,6.5,Exhausted,Moderate,Yes,6.3,3.5,High
Low Mood,Heavy,6.4,Okay,Social,Yes,4.4,6.3,Normal
Stressed,Very Heavy,5.9,Exhausted,Minimal,No,6.6,4.3,Very High
Low Mood,Moderate,6.4,Okay,None,Yes,7.1,3.8,Normal
Okay,Light,7.8,Very Energized,Very Social,No,4.1,6.6,Low
Low Mood,Heavy,7.8,Tired,Minimal,No,4.0,4.2,Normal
Stressed,Moderate,5.5,Tired,Minimal,Yes,8.4,4.6,High
Okay,Very Light,8.3,Energized,Social,Yes,1.7,8.9,Very Low
Good,Very Light,9.3,Energized,Social,Yes,2.0,9.6,Very Low
Great,Light,8.4,Very Energized,Social,Yes,2.2,7.8,Very Low
Great,Very Light,8.0,Energized,Social,Yes,3.3,8.1,Very Low
Low Mood,Heavy,5.1,Okay,None,Yes,7.7,2.1,High
Great,Light,7.6,Energized,Very Social,Yes,3.9,11.1,Very Low
Okay,Heavy,8.4,Energized,Minimal,No,3.2,4.3,Normal
Okay,Heavy,7.7,Energized,Minimal,Yes,3.0,7.7,Normal
Good,Moderate,8.0,Tired,Minimal,Yes,3.1,5.3,Normal
Low Mood,Moderate,5.8,Tired,None,No,5.2,4.4,Normal
Low Mood,Heavy,4.8,Exhausted,Minimal,No,7.3,3.4,High
Okay,Heavy,8.3,Okay,Minimal,Yes,4.9,7.3,Low
Okay,Heavy,8.0,Energized,Minimal,Yes,4.0,6.4,Normal
Low Mood,Very Light,8.6,Energized,Very Social,Yes,4.7,6.2,Very Low
Low Mood,Light,6.1,Okay,Social,No,5.0,5.1,Normal
Low Mood,Very Heavy,5.9,Tired,None,No,5.4,5.8,High
Stressed,Moderate,6.9,Okay,None,No,5.0,5.9,High
Low Mood,Heavy,4.8,Exhausted,Minimal,No,7.7,1.6,Very High
Stressed,Heavy,6.1,Okay,Moderate,No,7.9,3.1,High
Good,Light,8.0,Very Energized,Very Social,Yes,3.1,10.2,Very Low
Good,Moderate,6.6,Okay,Minimal,Yes,5.9,5.5,Low
Okay,Moderate,5.2,Tired,None,Yes,6.9,5.1,Normal
Good,Very Light,6.7,Tired,Moderate,No,3.2,6.4,Low
Okay,Moderate,7.8,Okay,Social,No,5.9,4.9,Low
Stressed,Heavy,5.5,Tired,Moderate,Yes,6.6,3.5,High
Good,Light,7.1,Very Energized,Very Social,Yes,2.6,6.3,Very Low
Great,Moderate,7.4,Very Energized,Moderate,Yes,4.5,5.9,Very Low
Good,Heavy,6.9,Okay,Social,Yes,4.2,7.9,Normal
Good,Moderate,8.4,Energized,Moderate,Yes,3.6,9.2,Low
Okay,Moderate,6.5,Energized,Moderate,Yes,3.8,6.7,Low
Great,Moderate,8.6,Energized,Moderate,Yes,3.6,6.1,Very Low
Great,Heavy,8.0,Very Energized,Moderate,No,2.3,5.1,Very Low
Okay,Light,6.3,Tired,Moderate,Yes,6.0,5.7,Normal
Great,Light,9.3,Energized,Very Social,No,3.4,8.9,Very Low
Okay,Moderate,9.1,Okay,Very Social,Yes,3.3,8.1,Low
Okay,Very Light,7.2,Very Energized,Moderate,No,3.1,5.5,Very Low
Okay,Heavy,6.5,Tired,Moderate,No,5.5,5.7,High
Okay,Very Light,9.0,Okay,Very Social,Yes,3.5,7.0,Low
Stressed,Heavy,7.0,Exhausted,Minimal,No,5.5,3.7,High
Okay,Moderate,7.9,Energized,Very Social,Yes,3.4,5.3,Low
Good,Heavy,6.7,Energized,Minimal,No,5.7,6.3,Normal
Stressed,Very Heavy,5.5,Exhausted,Minimal,No,5.2,5.3,High
Stressed,Very Heavy,4.3,Tired,Minimal,No,9.4,3.4,Very High
Good,Moderate,6.0,Okay,Moderate,Yes,4.2,4.7,Low
Good,Heavy,8.1,Okay,Minimal,No,5.6,7.5,Normal
Stressed,Heavy,4.6,Exhausted,Minimal,No,7.2,2.3,Very High
Good,Moderate,8.3,Tired,Moderate,Yes,5.3,6.1,Low
Okay,Heavy,7.7,Energized,Minimal,Yes,4.8,7.7,Low
Low Mood,Light,7.2,Okay,Moderate,Yes,4.8,7.7,Normal
Great,Moderate,8.0,Okay,Moderate,No,4.9,5.1,Low
Stressed,Heavy,6.8,Tired,Moderate,Yes,8.4,5.5,High
Low Mood,Heavy,4.8,Exhausted,None,No,8.2,2.4,High
Okay,Moderate,5.2,Exhausted,Moderate,Yes,5.2,2.7,Normal
Low Mood,Very Heavy,5.3,Okay,None,No,5.2,3.2,High
Okay,Very Light,7.6,Okay,Moderate,Yes,4.2,7.6,Very Low
Good,Light,8.2,Energized,Social,Yes,3.5,5.1,Low
Good,Heavy,7.3,Energized,Social,Yes,3.2,8.9,Low
Great,Very Light,9.6,Very Energized,Social,Yes,3.4,11.0,Very Low
Okay,Heavy,6.7,Okay,Moderate,Yes,3.0,5.4,Normal
Low Mood,Very Heavy,5.9,Exhausted,None,No,7.7,1.9,High
Low Mood,Heavy,5.5,Tired,Minimal,Yes,9.4,3.6,High
Low Mood,Very Heavy,4.3,Tired,None,No,8.6,1.3,High
Great,Very Light,9.5,Okay,Moderate,Yes,4.1,6.9,Very Low
Low Mood,Moderate,6.7,Energized,Minimal,No,4.0,6.7,Normal
Great,Light,8.4,Very Energized,Social,No,2.4,9.4,Very Low
Good,Very Light,7.7,Okay,Moderate,Yes,3.9,8.0,Low
Okay,Very Heavy,6.7,Energized,Minimal,No,3.4,6.3,Normal
Great,Moderate,8.0,Okay,Very Social,Yes,2.5,9.8,Low
Low Mood,Heavy,6.9,Tired,Minimal,Yes,4.0,7.2,Normal
Low Mood,Moderate,6.4,Okay,None,No,6.7,3.7,Normal
Okay,Moderate,7.2,Okay,Social,Yes,3.4,5.8,Low
Good,Heavy,8.4,Tired,Moderate,No,5.0,5.0,Normal
Low Mood,Heavy,4.8,Exhausted,None,No,8.1,1.8,High
Good,Light,7.8,Very Energized,Social,No,3.5,9.9,Very Low
Great,Very Light,7.7,Energized,Very Social,Yes,3.9,8.9,Very Low
Great,Moderate,7.9,Okay,Moderate,No,3.1,5.1,Low
Good,Very Light,8.8,Very Energized,Very Social,No,1.1,8.7,Very Low
Good,Light,7.9,Tired,Minimal,Yes,4.2,6.1,Low
Great,Very Light,8.0,Energized,Moderate,No,4.4,9.1,Very Low
Great,Moderate,7.3,Okay,Moderate,Yes,4.0,5.1,Low
Stressed,Very Heavy,5.9,Exhausted,None,No,9.2,1.8,Very High
Okay,Heavy,7.0,Okay,Moderate,Yes,2.4,10.0,Normal
Okay,Light,7.3,Very Energized,Very Social,Yes,4.9,7.1,Low
Okay,Moderate,6.9,Okay,Moderate,Yes,5.8,7.2,Normal
Okay,Heavy,6.1,Tired,Social,No,5.7,5.5,High
Stressed,Very Heavy,6.5,Exhausted,Moderate,Yes,5.7,2.9,Very High
Good,Very Light,8.8,Energized,Social,No,3.4,8.3,Very Low
Stressed,Heavy,6.8,Okay,None,No,5.6,5.2,High
Okay,Light,8.7,Very Energized,Very Social,Yes,2.1,6.3,Low
Great,Light,7.7,Energized,Social,Yes,1.7,10.1,Very Low
Great,Moderate,7.3,Very Energized,Very Social,Yes,2.8,6.1,Very Low
Okay,Very Light,7.1,Okay,Very Social,No,2.3,9.8,Very Low
Okay,Light,6.8,Energized,Minimal,No,5.3,6.6,Low
Okay,Heavy,6.3,Okay,Social,No,4.2,7.8,Normal
Stressed,Heavy,5.6,Tired,None,No,7.3,2.3,High
Okay,Moderate,6.3,Tired,Moderate,No,6.4,2.6,Normal
Stressed,Moderate,6.4,Okay,Moderate,No,5.2,2.6,High
Great,Very Light,7.2,Energized,Very Social,Yes,4.6,9.9,Very Low
Low Mood,Light,7.6,Energized,Social,No,5.0,6.9,Low
Okay,Moderate,6.6,Energized,Moderate,No,4.4,4.2,Normal
Great,Light,9.1,Okay,Moderate,No,2.7,8.3,Very Low
Low Mood,Heavy,5.7,Exhausted,Minimal,No,6.2,4.5,High
Low Mood,Light,8.1,Energized,Moderate,No,5.3,6.5,Normal
Okay,Light,6.2,Energized,Moderate,Yes,4.5,6.9,Low
Great,Light,7.6,Energized,Social,No,2.0,11.9,Very Low
Good,Very Light,8.5,Very Energized,Very Social,Yes,3.8,10.2,Very Low
Great,Light,7.5,Very Energized,Social,Yes,4.5,8.0,Very Low
Great,Very Light,7.7,Okay,Social,Yes,4.3,6.9,Very Low
Great,Light,9.1,Energized,Moderate,No,2.6,9.8,Very Low
Good,Moderate,6.3,Okay,Moderate,No,4.8,6.2,Low
Good,Heavy,6.6,Tired,Minimal,No,8.2,5.8,Normal
Low Mood,Moderate,6.4,Exhausted,None,No,5.4,2.4,High
Good,Heavy,5.6,Tired,Moderate,Yes,7.3,5.1,Normal
Great,Light,8.2,Energized,Very Social,Yes,2.8,9.3,Very Low
Low Mood,Very Heavy,5.9,Okay,None,Yes,7.9,5.3,High
Low Mood,Moderate,5.5,Tired,Minimal,No,8.3,3.0,High
Great,Heavy,7.5,Okay,Minimal,No,6.0,6.9,Low
Low Mood,Very Heavy,4.1,Exhausted,Minimal,Yes,8.5,2.5,High
Great,Moderate,7.5,Very Energized,Very Social,Yes,3.3,9.0,Very Low
Okay,Very Heavy,4.3,Tired,None,Yes,9.0,3.8,High
Low Mood,Very Heavy,5.7,Exhausted,Minimal,No,8.6,3.3,Very High
Okay,Light,7.6,Okay,Social,Yes,4.9,9.1,Low
Stressed,Moderate,5.9,Exhausted,Moderate,Yes,5.6,5.7,High
Good,Light,8.5,Energized,Very Social,Yes,3.3,6.7,Very Low
Stressed,Heavy,4.4,Tired,None,No,9.6,2.5,Very High
Low Mood,Moderate,6.5,Okay,None,No,6.8,2.4,Normal
Low Mood,Light,6.9,Energized,Moderate,Yes,5.7,5.9,Low
Good,Light,6.7,Tired,Moderate,No,5.2,6.0,Low
Stressed,Heavy,5.7,Tired,None,No,8.9,1.4,High
Okay,Heavy,7.4,Very Energized,Very Social,Yes,3.6,9.6,Low
Stressed,Heavy,5.1,Exhausted,None,No,8.8,4.3,High
Low Mood,Moderate,6.7,Tired,Minimal,No,5.9,2.1,Normal
Okay,Light,7.2,Energized,Social,No,4.8,7.8,Low
Low Mood,Light,5.4,Exhausted,None,No,5.6,4.7,High
Okay,Light,8.6,Very Energized,Social,Yes,2.5,6.5,Very Low
Stressed,Heavy,5.8,Exhausted,None,No,9.3,2.8,High
Low Mood,Very Heavy,8.2,Tired,Minimal,Yes,5.3,4.3,High
Low Mood,Heavy,8.0,Tired,Social,Yes,4.1,5.6,Normal
Good,Heavy,7.2,Okay,Moderate,No,3.4,4.5,Normal
Okay,Moderate,5.0,Okay,Minimal,No,6.3,3.0,Normal
Good,Moderate,8.0,Okay,Social,Yes,4.2,5.7,Low
Okay,Light,8.6,Very Energized,Social,No,2.0,7.8,Very Low
Low Mood,Moderate,5.3,Exhausted,Minimal,Yes,6.4,5.2,High
Low Mood,Light,8.1,Okay,Moderate,Yes,4.1,7.4,Low
Low Mood,Very Heavy,5.6,Tired,Minimal,No,7.0,1.9,High
Low Mood,Very Heavy,5.5,Exhausted,None,No,7.6,2.9,Very High
Okay,Moderate,7.4,Okay,Moderate,Yes,5.4,7.6,Low
Okay,Light,7.7,Okay,Social,No,2.2,6.2,Low
Good,Heavy,5.5,Exhausted,None,No,7.8,4.6,Normal
Stressed,Heavy,6.1,Okay,Moderate,No,6.6,3.1,High
Low Mood,Moderate,6.8,Okay,None,No,6.2,3.0,Normal
Good,Moderate,8.2,Okay,Social,Yes,3.0,8.6,Low
Great,Moderate,8.6,Okay,Moderate,No,2.4,7.9,Low
Okay,Very Light,9.3,Energized,Social,Yes,2.1,7.5,Very Low
Low Mood,Very Heavy,5.4,Exhausted,Moderate,No,5.3,2.2,High
Okay,Heavy,6.1,Okay,Minimal,Yes,8.5,2.6,Normal
Good,Heavy,8.2,Tired,Social,Yes,5.9,7.0,Low
Stressed,Moderate,6.6,Exhausted,None,No,8.7,2.8,High
Stressed,Heavy,5.9,Tired,Minimal,No,7.4,2.0,High
Okay,Heavy,6.9,Tired,Minimal,No,5.8,5.4,Normal
Okay,Very Heavy,6.9,Exhausted,Minimal,No,8.5,5.3,Normal
Low Mood,Heavy,8.2,Tired,Minimal,No,3.8,5.4,Normal
Okay,Very Heavy,6.5,Okay,Minimal,No,6.8,3.2,Normal
Good,Moderate,6.1,Okay,Moderate,No,3.8,5.0,Low
Great,Very Light,8.7,Very Energized,Social,Yes,4.0,6.8,Very Low
Low Mood,Very Heavy,5.7,Exhausted,Minimal,No,5.9,5.9,High
Good,Heavy,7.1,Tired,Minimal,No,3.5,4.4,Normal
Stressed,Very Heavy,4.1,Exhausted,None,No,9.4,2.3,Very High
Low Mood,Moderate,6.5,Okay,None,No,5.1,5.1,Normal
Okay,Heavy,6.3,Exhausted,None,No,7.2,3.6,Normal
Good,Light,8.8,Very Energized,Social,Yes,4.3,5.3,Very Low
Okay,Heavy,6.9,Okay,Social,No,5.1,4.6,Normal
Okay,Moderate,6.4,Tired,Moderate,No,5.5,6.0,Normal
Okay,Light,8.0,Tired,Moderate,Yes,5.3,7.2,Normal
Good,Very Light,8.7,Energized,Social,Yes,3.4,7.3,Very Low
Stressed,Heavy,5.9,Tired,None,No,7.2,2.5,High
Okay,Light,7.4,Tired,Moderate,Yes,4.8,7.5,Low
Good,Light,6.5,Energized,Social,No,3.5,4.7,Very Low
Great,Very Light,8.8,Very Energized,Social,Yes,2.6,8.9,Very Low
Stressed,Moderate,6.7,Okay,Moderate,Yes,8.7,5.3,Normal
Good,Light,8.7,Very Energized,Social,Yes,3.7,8.8,Very Low
Okay,Heavy,7.7,Tired,Minimal,Yes,5.4,5.5,Normal
Great,Light,9.3,Energized,Very Social,Yes,2.4,9.7,Very Low
Stressed,Very Heavy,5.6,Tired,Minimal,Yes,7.6,3.7,High
Okay,Very Heavy,6.3,Tired,None,No,6.0,5.4,Normal
Stressed,Heavy,5.1,Tired,None,No,9.2,1.4,High
Good,Heavy,6.9,Tired,Moderate,Yes,5.1,4.4,Normal
Good,Light,7.1,Energized,Very Social,Yes,3.5,9.1,Very Low
Low Mood,Light,8.4,Okay,Moderate,Yes,3.5,7.2,Low
Good,Light,8.1,Tired,Moderate,No,5.5,6.1,Low
Okay,Very Heavy,6.9,Exhausted,Minimal,No,7.1,4.8,High
Low Mood,Heavy,8.3,Okay,Minimal,No,4.6,5.4,Normal
Okay,Moderate,9.0,Okay,Social,Yes,3.1,9.5,Low
Okay,Moderate,6.0,Exhausted,None,No,8.8,3.2,Normal
Stressed,Heavy,4.1,Tired,None,Yes,8.2,1.5,High
Good,Heavy,8.7,Energized,Social,No,2.8,7.8,Normal
Low Mood,Moderate,6.6,Exhausted,Minimal,No,7.5,4.0,High
Low Mood,Very Heavy,5.4,Exhausted,Minimal,No,7.9,2.9,High
Okay,Moderate,5.1,Exhausted,None,Yes,5.4,2.5,Normal
Great,Moderate,7.9,Energized,Very Social,Yes,3.1,5.2,Very Low
Okay,Moderate,6.8,Okay,Minimal,Yes,3.3,6.0,Low
Okay,Light,8.2,Okay,Moderate,No,3.2,5.5,Normal
Low Mood,Light,7.4,Tired,Social,No,5.1,6.6,Low
Good,Moderate,9.0,Energized,Moderate,Yes,4.1,6.1,Low
Low Mood,Moderate,7.3,Energized,Moderate,Yes,4.5,4.6,Low
Okay,Moderate,6.2,Tired,Moderate,Yes,6.2,2.1,Normal
Low Mood,Moderate,6.9,Exhausted,None,No,8.6,5.6,High
Okay,Light,7.1,Okay,Minimal,Yes,5.9,4.9,Low
Okay,Light,7.7,Energized,Very Social,Yes,2.4,6.6,Very Low
Low Mood,Heavy,7.0,Okay,Minimal,No,8.6,5.4,Normal
Great,Very Light,7.6,Very Energized,Social,No,2.4,8.0,Very Low
Low Mood,Moderate,7.8,Tired,Moderate,Yes,3.8,4.6,Normal
Great,Light,9.3,Very Energized,Social,Yes,2.7,8.2,Very Low
Okay,Moderate,7.8,Energized,Social,Yes,3.5,7.1,Low
Okay,Heavy,6.9,Tired,Minimal,No,3.5,5.0,Normal
Okay,Heavy,6.8,Tired,Moderate,No,7.4,3.6,Normal
Great,Light,8.7,Energized,Social,Yes,1.6,8.4,Very Low
Good,Moderate,7.6,Okay,Minimal,No,4.0,7.9,Normal
Okay,Moderate,6.9,Okay,Moderate,No,6.6,2.5,Normal
Stressed,Heavy,5.4,Okay,Minimal,Yes,6.9,2.7,High
Great,Light,7.6,Very Energized,Very Social,Yes,3.0,10.8,Very Low
Good,Heavy,7.4,Tired,Moderate,No,3.4,5.3,Normal
Low Mood,Moderate,6.6,Tired,Minimal,Yes,4.8,4.7,Normal
Low Mood,Heavy,6.8,Tired,Minimal,No,7.1,3.2,High
Stressed,Very Heavy,5.2,Tired,Minimal,No,8.5,3.7,High
Great,Moderate,7.5,Very Energized,Moderate,Yes,4.6,9.0,Very Low
Low Mood,Very Heavy,4.1,Exhausted,None,Yes,10.0,1.0,Very High
Great,Very Light,9.1,Very Energized,Very Social,Yes,1.4,7.2,Very Low
Great,Light,8.5,Okay,Social,Yes,4.1,4.4,Very Low
Okay,Heavy,8.3,Energized,Social,No,4.8,4.8,Normal
Stressed,Moderate,6.4,Exhausted,Moderate,Yes,8.4,5.1,High
Okay,Moderate,7.7,Okay,Moderate,No,5.6,5.5,Normal
Good,Light,8.0,Energized,Moderate,Yes,3.2,5.1,Low
Low Mood,Light,8.2,Okay,Moderate,No,3.8,4.1,Low
Okay,Moderate,9.3,Okay,Very Social,Yes,3.7,7.4,Normal
Good,Light,8.5,Very Energized,Moderate,Yes,2.9,7.5,Very Low
Good,Moderate,7.7,Okay,Moderate,No,4.9,5.1,Low
Okay,Light,7.2,Energized,Moderate,No,3.9,5.3,Low
Low Mood,Heavy,5.8,Okay,Moderate,No,7.7,4.9,Normal
Okay,Moderate,7.6,Energized,Social,No,5.2,6.5,Normal
Low Mood,Very Heavy,6.5,Okay,Moderate,No,5.9,2.5,High
Good,Very Light,7.7,Energized,Moderate,Yes,3.7,7.5,Very Low
Low Mood,Very Heavy,5.1,Okay,Moderate,No,8.2,5.3,High
Low Mood,Heavy,6.9,Tired,Moderate,No,3.4,4.2,Normal
Okay,Moderate,6.9,Energized,Minimal,Yes,3.9,5.6,Low
Great,Light,9.2,Energized,Social,Yes,1.3,8.8,Very Low
Good,Very Light,9.4,Very Energized,Very Social,No,3.9,6.1,Very Low
Good,Moderate,7.2,Tired,Moderate,Yes,4.7,6.4,Low
Good,Heavy,6.3,Energized,Social,Yes,5.9,7.6,Low
Low Mood,Heavy,6.6,Tired,None,No,5.9,4.7,High
Good,Very Light,9.3,Energized,Moderate,No,3.8,6.3,Very Low
Okay,Moderate,7.8,Energized,Social,No,5.8,6.5,Low
Great,Light,9.5,Energized,Very Social,No,1.0,9.8,Very Low
Low Mood,Moderate,7.4,Tired,Minimal,No,3.0,5.7,Normal
Great,Moderate,8.4,Energized,Very Social,Yes,3.5,8.8,Very Low
Great,Light,10.0,Very Energized,Social,Yes,2.2,10.8,Very Low
Okay,Moderate,8.1,Energized,Social,Yes,2.2,9.6,Low
Great,Moderate,6.3,Energized,Social,Yes,4.0,7.4,Low
Okay,Moderate,9.3,Energized,Social,Yes,4.8,5.8,Low
Good,Light,8.8,Energized,Very Social,No,2.7,8.9,Low
Good,Moderate,9.2,Very Energized,Social,No,3.0,9.5,Very Low
Low Mood,Moderate,6.3,Exhausted,None,No,6.8,5.2,Normal
Great,Light,9.4,Energized,Social,Yes,3.4,7.7,Very Low
Low Mood,Very Heavy,5.5,Exhausted,None,No,5.2,2.7,High
Good,Light,6.4,Tired,Minimal,No,4.5,6.0,Low
Stressed,Moderate,6.1,Okay,Moderate,No,8.4,5.7,Normal
Good,Heavy,6.7,Energized,Minimal,Yes,5.4,5.4,Normal
Great,Very Light,8.5,Energized,Social,Yes,3.1,11.6,Very Low
Stressed,Heavy,6.0,Exhausted,Minimal,No,9.7,2.7,High
Low Mood,Very Heavy,6.7,Exhausted,None,No,8.6,3.7,High
Low Mood,Moderate,8.5,Energized,Social,Yes,5.8,4.3,Normal
Great,Light,8.7,Very Energized,Social,Yes,1.1,11.5,Very Low
Low Mood,Heavy,6.7,Energized,Minimal,Yes,3.3,7.9,Normal
Great,Light,7.1,Okay,Moderate,Yes,4.7,6.3,Very Low
Okay,Heavy,6.5,Okay,Moderate,No,8.3,3.0,Normal
Okay,Moderate,6.2,Okay,Minimal,No,3.4,4.3,Low
Low Mood,Very Heavy,6.0,Tired,None,No,7.7,1.0,High
Okay,Moderate,6.0,Exhausted,Moderate,Yes,6.0,3.2,Normal
Low Mood,Light,8.5,Okay,Moderate,No,3.7,5.6,Normal
Good,Very Heavy,7.0,Tired,Moderate,Yes,3.7,6.5,Normal
Low Mood,Moderate,6.3,Okay,Moderate,Yes,4.5,6.5,Normal
Great,Very Light,8.9,Energized,Social,Yes,2.7,9.0,Very Low
Okay,Moderate,7.6,Okay,Social,Yes,3.8,6.6,Low
Low Mood,Very Heavy,6.9,Okay,Minimal,Yes,5.5,5.2,Normal
Good,Light,7.9,Energized,Very Social,Yes,2.4,7.0,Very Low
Okay,Moderate,5.6,Okay,Moderate,No,8.9,5.3,Normal
Low Mood,Heavy,5.5,Okay,None,No,7.8,5.9,High
Stressed,Heavy,4.0,Tired,Minimal,No,8.0,3.9,Very High
Low Mood,Very Heavy,5.3,Tired,Moderate,Yes,8.1,3.0,High
Okay,Moderate,5.9,Exhausted,Minimal,Yes,6.7,3.4,Normal
Stressed,Very Heavy,5.9,Exhausted,Moderate,No,7.1,2.0,Very High
Good,Light,9.0,Very Energized,Social,Yes,2.8,12.0,Very Low
Stressed,Moderate,6.9,Okay,None,No,8.2,5.8,Normal
Okay,Moderate,7.3,Energized,Social,No,2.7,7.7,Low
Okay,Heavy,5.8,Exhausted,None,No,8.2,2.5,Normal
Good,Light,8.7,Very Energized,Very Social,No,2.1,9.9,Very Low
Low Mood,Heavy,6.4,Energized,Moderate,Yes,5.6,5.0,Normal
Low Mood,Very Heavy,5.2,Tired,Minimal,No,9.8,2.7,Very High
Okay,Heavy,6.9,Tired,Moderate,Yes,5.8,3.0,Normal
Good,Moderate,7.9,Energized,Moderate,Yes,3.0,6.4,Very Low
Okay,Very Heavy,5.9,Okay,Moderate,No,7.3,5.2,Normal
Great,Light,9.2,Very Energized,Social,Yes,3.6,7.7,Very Low
Good,Moderate,8.4,Okay,Very Social,Yes,3.1,7.1,Low
Low Mood,Light,6.2,Tired,Moderate,Yes,5.7,4.2,Normal
Great,Light,9.6,Energized,Social,Yes,2.4,9.2,Very Low
Low Mood,Light,8.5,Very Energized,Moderate,No,2.8,9.0,Low
Okay,Light,6.9,Okay,Moderate,Yes,4.5,4.1,Low
Great,Very Light,8.1,Okay,Moderate,No,4.0,6.1,Very Low
Great,Moderate,8.6,Very Energized,Social,No,3.7,7.2,Low
Stressed,Heavy,5.6,Tired,Minimal,No,8.0,1.8,High
Low Mood,Very Heavy,5.7,Exhausted,None,No,7.2,4.0,Very High
Great,Very Light,7.5,Very Energized,Moderate,Yes,3.0,9.7,Very Low
Good,Light,7.8,Okay,Very Social,Yes,5.0,9.4,Low
Good,Heavy,6.0,Okay,Minimal,Yes,5.5,6.8,Normal
Good,Moderate,8.3,Energized,Social,No,2.8,11.3,Low
Okay,Very Heavy,6.1,Exhausted,None,No,8.1,2.7,High
Okay,Heavy,5.9,Okay,Moderate,Yes,6.6,4.1,Normal
Good,Very Heavy,6.9,Energized,Social,No,3.1,5.7,Normal
Great,Moderate,9.0,Okay,Moderate,No,3.7,6.9,Low
Okay,Heavy,7.4,Tired,Social,Yes,4.1,5.4,Normal
Okay,Light,8.3,Energized,Social,Yes,4.8,6.6,Low
Stressed,Heavy,6.9,Tired,Moderate,No,6.1,5.3,Normal
Great,Very Light,8.3,Okay,Social,Yes,2.5,5.8,Very Low
Stressed,Very Heavy,4.0,Tired,None,No,7.8,2.4,Very High
Great,Moderate,9.0,Energized,Moderate,No,3.4,7.5,Low
Great,Light,8.2,Energized,Very Social,Yes,2.1,8.8,Very Low
Low Mood,Light,6.7,Okay,Minimal,No,3.8,7.7,Normal
Stressed,Moderate,5.2,Exhausted,Minimal,No,7.7,5.1,High
Good,Very Light,8.6,Energized,Social,Yes,3.2,10.4,Very Low
Good,Very Light,7.8,Okay,Very Social,No,3.2,7.6,Very Low
Good,Very Light,10.0,Energized,Social,No,1.2,10.9,Very Low
Okay,Heavy,6.7,Tired,Minimal,Yes,3.7,7.9,Normal
Low Mood,Light,7.7,Energized,Minimal,Yes,4.8,5.6,Low
Low Mood,Light,7.9,Energized,Minimal,No,4.7,7.5,Low
Good,Very Light,8.6,Very Energized,Social,Yes,3.9,11.9,Very Low
Low Mood,Moderate,5.7,Okay,Minimal,No,6.8,5.7,Normal
Low Mood,Moderate,5.7,Okay,Moderate,No,5.1,2.9,Normal
Low Mood,Heavy,6.6,Okay,None,Yes,7.4,6.0,Normal
Low Mood,Heavy,6.3,Exhausted,None,No,7.0,5.2,High
Low Mood,Light,8.5,Tired,Social,Yes,4.1,4.1,Low
Okay,Moderate,8.1,Okay,Moderate,Yes,2.2,8.0,Low
Good,Light,7.3,Tired,Social,Yes,3.2,7.3,Low
Great,Light,7.0,Energized,Very Social,No,4.4,5.7,Very Low
Okay,Moderate,8.9,Very Energized,Moderate,Yes,4.6,9.1,Low
Great,Moderate,8.5,Energized,Moderate,No,3.5,7.7,Low
Great,Moderate,8.9,Okay,Social,Yes,2.6,8.8,Low
Stressed,Moderate,5.7,Tired,Minimal,No,6.5,3.2,High
Good,Moderate,8.1,Okay,Social,Yes,5.6,4.7,Low
Low Mood,Very Heavy,4.6,Exhausted,Minimal,Yes,9.1,2.7,High
Okay,Heavy,6.8,Energized,Minimal,No,4.5,7.5,Normal
Good,Moderate,7.7,Okay,Moderate,Yes,4.2,4.8,Normal
Great,Heavy,7.1,Energized,Moderate,Yes,4.2,5.6,Low
Good,Light,7.6,Very Energized,Very Social,Yes,4.1,6.0,Very Low
Good,Very Light,8.8,Energized,Social,Yes,4.3,8.4,Very Low
Stressed,Very Heavy,6.9,Exhausted,None,No,8.1,3.8,Very High
Low Mood,Heavy,4.9,Exhausted,None,No,7.9,3.3,Very High
Low Mood,Moderate,7.6,Energized,Moderate,Yes,6.0,4.4,Normal
Stressed,Moderate,5.5,Exhausted,Minimal,Yes,6.6,5.9,High
Stressed,Heavy,4.1,Exhausted,None,No,7.6,3.8,Very High
Low Mood,Light,6.4,Okay,Moderate,Yes,3.5,7.7,Low
Good,Heavy,6.9,Energized,Minimal,Yes,4.9,7.0,Low
Okay,Heavy,6.4,Okay,Moderate,No,6.0,4.6,Normal
Great,Very Light,8.1,Very Energized,Very Social,Yes,1.5,9.5,Very Low
Good,Moderate,7.5,Energized,Social,Yes,3.2,9.3,Low
Good,Moderate,6.8,Tired,Minimal,Yes,5.0,6.6,Normal
Low Mood,Heavy,6.5,Tired,Minimal,No,5.5,3.3,High
Stressed,Heavy,6.0,Okay,None,No,8.5,2.3,High
Stressed,Heavy,6.2,Tired,Moderate,No,5.1,2.3,High
Good,Very Light,7.4,Very Energized,Social,Yes,3.9,7.1,Very Low
Good,Light,7.3,Energized,Very Social,Yes,4.8,6.1,Very Low
Low Mood,Heavy,5.2,Exhausted,Moderate,Yes,9.0,5.3,High
Low Mood,Heavy,7.7,Okay,Moderate,Yes,5.8,4.3,Normal
Great,Very Light,7.7,Okay,Social,Yes,4.7,8.4,Very Low
Low Mood,Moderate,8.4,Okay,Minimal,Yes,3.6,6.6,Normal
Low Mood,Moderate,6.0,Okay,Moderate,No,8.9,5.0,Normal
Low Mood,Light,7.3,Okay,Moderate,Yes,4.4,6.2,Low
Low Mood,Very Heavy,5.3,Exhausted,Minimal,No,8.1,1.4,High
Low Mood,Very Heavy,5.8,Okay,Minimal,No,6.6,2.5,High
Great,Light,8.7,Energized,Very Social,No,4.6,9.5,Very Low
Low Mood,Heavy,4.8,Tired,None,No,7.7,1.6,High
Stressed,Heavy,6.2,Okay,None,No,7.6,4.5,High
Stressed,Very Heavy,6.9,Okay,Moderate,No,5.1,3.7,High
Great,Light,7.7,Very Energized,Social,Yes,1.3,9.0,Very Low
Okay,Very Light,7.2,Energized,Very Social,Yes,3.3,8.4,Low
Good,Moderate,7.3,Energized,Minimal,No,3.8,5.2,Low
Low Mood,Moderate,6.9,Okay,Minimal,No,7.1,5.8,Normal
Good,Very Light,9.1,Very Energized,Social,No,1.2,10.6,Very Low
Low Mood,Moderate,5.1,Tired,Minimal,No,5.1,4.8,High
Good,Light,8.1,Energized,Social,No,4.8,5.1,Low
Great,Moderate,9.1,Energized,Moderate,Yes,2.3,5.0,Very Low
Good,Light,7.6,Tired,Social,Yes,4.3,7.4,Low
Okay,Light,8.2,Okay,Moderate,Yes,2.5,9.9,Low
Great,Very Light,9.5,Energized,Very Social,Yes,2.2,8.9,Very Low
Okay,Heavy,5.1,Tired,None,No,6.5,2.7,High
Stressed,Heavy,6.1,Exhausted,Moderate,No,7.4,2.6,High
Low Mood,Heavy,4.2,Exhausted,Minimal,No,9.6,3.6,High
Stressed,Very Heavy,4.5,Tired,Minimal,No,9.4,1.9,Very High
Okay,Light,7.6,Energized,Moderate,No,3.0,4.7,Low
Okay,Moderate,7.0,Tired,Minimal,No,5.2,6.2,Normal
Okay,Heavy,5.4,Tired,Moderate,Yes,7.2,4.9,Normal
Good,Light,9.8,Very Energized,Social,No,3.3,7.2,Very Low
Low Mood,Moderate,6.6,Tired,None,No,7.8,2.6,Normal
Good,Light,8.7,Energized,Very Social,Yes,3.9,7.7,Very Low
Good,Light,8.2,Very Energized,Very Social,Yes,1.4,7.7,Very Low
Low Mood,Moderate,6.6,Exhausted,Moderate,No,6.1,3.6,High
Low Mood,Very Heavy,4.0,Tired,None,No,8.9,3.7,Very High
Good,Very Light,9.2,Very Energized,Moderate,No,3.5,8.3,Very Low
Okay,Heavy,7.8,Tired,Minimal,Yes,5.2,5.1,Normal
Okay,Light,8.7,Energized,Social,Yes,3.8,9.5,Low
Low Mood,Heavy,4.3,Exhausted,Minimal,No,9.2,2.4,High
Good,Moderate,7.8,Tired,Social,No,4.4,7.3,Normal
Okay,Moderate,8.6,Okay,Very Social,Yes,2.4,5.2,Low
Okay,Moderate,5.3,Exhausted,Minimal,No,6.2,5.7,High
Low Mood,Moderate,6.7,Tired,Minimal,No,6.2,5.0,High
Okay,Very Heavy,5.8,Exhausted,None,No,6.3,4.7,High
Good,Moderate,7.7,Okay,Moderate,Yes,3.2,4.6,Low
Low Mood,Heavy,6.9,Tired,Social,Yes,5.5,6.4,Normal
Low Mood,Heavy,5.2,Exhausted,Moderate,Yes,6.5,4.6,High
Great,Moderate,7.1,Okay,Moderate,No,3.8,8.6,Low
Great,Light,8.5,Very Energized,Social,No,2.7,10.5,Very Low
Great,Very Light,9.8,Very Energized,Social,Yes,3.2,8.4,Very Low
Stressed,Heavy,5.0,Exhausted,Minimal,No,9.6,3.4,High
Low Mood,Very Heavy,5.8,Exhausted,None,Yes,8.3,1.3,High
Okay,Light,8.6,Okay,Very Social,Yes,4.1,8.4,Low
Good,Light,8.4,Energized,Minimal,No,4.0,6.7,Low
Great,Very Light,9.2,Energized,Social,Yes,1.9,10.8,Very Low
Low Mood,Heavy,5.6,Tired,None,No,8.3,1.2,Normal
Stressed,Heavy,4.5,Exhausted,Minimal,No,7.5,1.1,Very High
Okay,Light,7.5,Okay,Social,Yes,3.8,7.2,Low
Great,Moderate,7.3,Okay,Very Social,Yes,4.5,6.0,Very Low
Okay,Heavy,6.0,Okay,Social,Yes,5.5,6.5,Normal
Good,Light,6.4,Energized,Moderate,No,3.6,6.6,Low
Great,Light,8.4,Very Energized,Social,No,2.9,9.0,Very Low
Great,Very Light,8.7,Okay,Moderate,No,3.9,6.8,Very Low
Okay,Light,8.3,Energized,Moderate,No,5.0,5.2,Low
Okay,Moderate,7.8,Okay,Social,No,3.6,7.4,Normal
Okay,Light,8.8,Energized,Very Social,Yes,4.0,5.3,Low
Stressed,Heavy,4.5,Tired,Minimal,No,8.8,1.0,High
Stressed,Heavy,5.8,Okay,Moderate,Yes,5.4,5.5,Normal
Good,Heavy,6.7,Energized,Minimal,Yes,5.7,6.2,Normal
Great,Very Light,7.9,Very Energized,Social,Yes,2.2,7.6,Very Low
Low Mood,Very Heavy,5.5,Tired,None,No,8.3,1.6,Very High
Okay,Very Heavy,5.7,Okay,None,No,6.1,4.7,Normal
Low Mood,Moderate,6.6,Okay,Minimal,No,4.7,4.8,Normal
Low Mood,Heavy,6.4,Exhausted,Moderate,No,6.4,5.2,High
Low Mood,Heavy,4.2,Tired,Minimal,No,9.3,3.3,High
Stressed,Heavy,5.5,Tired,None,No,6.7,2.3,High
Low Mood,Very Heavy,6.1,Exhausted,Moderate,No,6.9,5.4,High
Low Mood,Heavy,7.0,Okay,None,Yes,5.8,4.9,Normal
Low Mood,Light,8.0,Energized,Social,Yes,5.3,6.1,Low
Okay,Light,8.0,Okay,Very Social,Yes,3.9,5.5,Low
Good,Moderate,7.8,Okay,Moderate,Yes,4.8,7.0,Low
Great,Very Light,8.0,Very Energized,Very Social,Yes,2.6,11.0,Very Low
Good,Very Light,8.5,Energized,Social,Yes,2.9,8.3,Low
Good,Moderate,8.2,Okay,Moderate,Yes,4.1,6.7,Low
Stressed,Very Heavy,5.2,Tired,None,No,8.9,2.2,Very High
Low Mood,Heavy,6.7,Tired,None,No,8.0,5.1,Normal
Good,Light,7.1,Very Energized,Social,Yes,4.0,5.7,Very Low
Good,Very Light,9.2,Energized,Moderate,Yes,2.9,5.4,Very Low
Okay,Moderate,7.6,Energized,Social,No,2.5,7.4,Low
Low Mood,Heavy,4.9,Tired,None,No,9.7,2.4,High
Low Mood,Heavy,8.5,Okay,Moderate,Yes,4.5,4.0,Normal
Stressed,Moderate,5.3,Exhausted,Minimal,Yes,7.1,3.2,High
Good,Moderate,7.3,Energized,Moderate,Yes,3.2,5.5,Low
Low Mood,Very Heavy,4.8,Tired,None,No,7.0,3.4,High
Okay,Heavy,5.2,Tired,Moderate,Yes,6.4,3.1,Normal
Good,Moderate,7.0,Energized,Minimal,No,4.6,7.0,Low
Good,Moderate,7.5,Okay,Moderate,Yes,3.6,6.7,Low
Good,Light,7.5,Energized,Social,Yes,4.7,5.9,Very Low
Okay,Moderate,8.7,Energized,Social,No,3.6,9.3,Normal
Good,Moderate,7.4,Energized,Moderate,No,6.0,7.5,Low
Okay,Very Light,8.1,Energized,Very Social,Yes,3.4,6.1,Very Low
Good,Very Light,8.1,Okay,Social,Yes,3.0,6.2,Very Low
Great,Light,8.0,Energized,Moderate,No,3.6,8.0,Very Low
Stressed,Very Heavy,5.0,Tired,None,No,8.9,3.8,Very High
Good,Light,7.4,Tired,Moderate,Yes,5.3,4.7,Low
Good,Moderate,7.3,Okay,Moderate,Yes,4.5,6.3,Low
Great,Very Light,8.2,Very Energized,Very Social,Yes,3.9,9.1,Very Low
Low Mood,Moderate,7.7,Tired,Minimal,Yes,4.9,4.6,Normal
Okay,Moderate,6.9,Exhausted,Minimal,Yes,7.0,4.6,Normal
Stressed,Very Heavy,4.1,Exhausted,None,No,7.7,3.0,Very High
Low Mood,Light,6.2,Tired,Moderate,No,5.3,7.5,Normal
Okay,Light,7.3,Very Energized,Very Social,Yes,4.1,9.8,Low
Good,Moderate,6.8,Okay,Social,No,3.2,4.2,Low
Stressed,Very Heavy,5.9,Exhausted,None,No,6.4,2.8,Very High
Okay,Heavy,5.3,Exhausted,Moderate,No,5.3,3.8,High
Great,Very Light,9.2,Very Energized,Moderate,Yes,4.5,10.0,Very Low
Okay,Light,8.1,Tired,Moderate,Yes,5.9,4.4,Low
Low Mood,Heavy,6.1,Exhausted,Moderate,No,6.8,3.5,Normal
Stressed,Heavy,5.4,Okay,None,Yes,8.3,2.5,High
Okay,Moderate,6.4,Tired,Moderate,Yes,6.8,2.2,Normal
Good,Moderate,8.3,Tired,Social,Yes,4.9,5.2,Normal
Great,Moderate,8.8,Very Energized,Very Social,No,2.2,7.7,Very Low
Low Mood,Heavy,5.7,Tired,None,No,8.1,5.3,High
Okay,Moderate,8.7,Very Energized,Moderate,No,2.9,6.4,Low
Good,Very Light,8.8,Very Energized,Very Social,Yes,3.4,10.4,Very Low
Low Mood,Moderate,5.1,Exhausted,Moderate,No,7.1,2.4,High
Low Mood,Light,6.2,Okay,Moderate,Yes,4.1,6.9,Normal
Great,Very Light,9.2,Okay,Very Social,No,4.0,9.3,Very Low
Okay,Moderate,8.1,Energized,Moderate,Yes,3.8,6.4,Low
Low Mood,Light,7.9,Energized,Minimal,Yes,3.9,7.4,Low
Great,Very Light,8.8,Very Energized,Social,Yes,2.8,10.9,Very Low
Okay,Moderate,6.9,Okay,Social,No,4.0,6.2,Normal
Stressed,Very Heavy,6.1,Okay,Minimal,No,6.1,3.6,High
Low Mood,Very Heavy,4.9,Tired,Minimal,Yes,7.2,3.3,High
Great,Moderate,8.2,Very Energized,Very Social,Yes,3.8,6.8,Very Low
Okay,Light,8.2,Energized,Minimal,Yes,4.4,5.9,Low
Stressed,Very Heavy,5.5,Exhausted,Minimal,Yes,7.4,3.5,Very High
Stressed,Moderate,7.0,Exhausted,Minimal,No,5.2,2.5,High
Okay,Very Light,8.7,Okay,Social,Yes,3.9,8.0,Low
Low Mood,Very Heavy,5.2,Exhausted,Minimal,No,7.4,4.0,Very High
Low Mood,Moderate,5.2,Exhausted,None,No,7.8,2.8,High
Okay,Moderate,8.1,Tired,Minimal,Yes,5.5,5.1,Normal
Okay,Very Heavy,6.8,Okay,Minimal,No,9.0,5.4,Normal
Okay,Heavy,7.4,Tired,Moderate,Yes,3.3,7.4,Normal
Great,Very Light,8.1,Okay,Social,Yes,3.6,5.5,Very Low
Stressed,Moderate,7.0,Okay,Minimal,No,6.1,2.1,High
Okay,Light,7.2,Tired,Minimal,Yes,5.1,4.9,Low
Stressed,Moderate,5.9,Exhausted,Moderate,Yes,7.2,5.2,High
Great,Very Light,8.6,Very Energized,Very Social,Yes,1.4,8.6,Very Low
Low Mood,Heavy,5.3,Tired,Minimal,No,8.7,3.5,High
Stressed,Heavy,6.0,Exhausted,Moderate,Yes,6.6,4.4,High
Great,Heavy,7.4,Energized,Social,Yes,4.0,5.6,Low
Great,Very Light,9.0,Very Energized,Social,Yes,3.4,9.3,Very Low
Okay,Very Light,7.2,Very Energized,Very Social,Yes,4.7,5.2,Very Low
Great,Light,7.1,Energized,Social,Yes,2.6,7.7,Very Low
Stressed,Moderate,5.8,Exhausted,None,No,6.0,4.3,High
Low Mood,Moderate,6.6,Energized,Minimal,No,3.6,6.7,Normal
Good,Light,9.5,Okay,Very Social,Yes,4.3,7.2,Low
Good,Very Light,9.2,Very Energized,Social,Yes,1.1,10.5,Very Low
Good,Heavy,7.2,Okay,Minimal,Yes,4.5,4.5,Normal
Low Mood,Light,6.5,Okay,Minimal,Yes,4.8,7.3,Normal
Great,Moderate,7.7,Very Energized,Social,Yes,2.9,8.8,Very Low
Okay,Moderate,8.2,Okay,Minimal,Yes,5.7,5.3,Low
Low Mood,Moderate,7.9,Okay,Moderate,Yes,3.7,5.2,Normal
Great,Light,9.3,Energized,Moderate,No,3.8,9.9,Very Low
Good,Heavy,6.7,Tired,Social,Yes,3.3,6.0,Low
Stressed,Heavy,5.6,Exhausted,Minimal,Yes,8.9,3.0,High
Good,Light,6.6,Energized,Moderate,No,5.7,6.4,Low
Great,Very Light,7.9,Energized,Moderate,No,3.8,7.4,Very Low
Good,Light,10.0,Very Energized,Social,Yes,3.9,10.6,Very Low
Great,Light,7.1,Okay,Social,Yes,2.0,6.8,Very Low
Low Mood,Heavy,6.9,Exhausted,None,Yes,6.9,2.3,High
Okay,Heavy,6.2,Exhausted,Minimal,No,6.9,2.7,Normal
Great,Light,7.4,Energized,Moderate,Yes,4.8,5.6,Low
Good,Moderate,8.2,Energized,Moderate,No,4.7,8.5,Low
Okay,Light,6.0,Tired,Social,No,3.5,7.6,Normal
Low Mood,Moderate,6.3,Tired,Social,Yes,5.0,7.4,Normal
Low Mood,Very Light,8.0,Energized,Minimal,Yes,4.3,6.9,Low
Low Mood,Heavy,5.6,Exhausted,Minimal,No,9.1,2.4,High
Great,Light,8.2,Energized,Very Social,Yes,4.0,10.2,Very Low
Stressed,Very Heavy,5.8,Tired,None,No,6.3,5.4,High
Good,Heavy,8.0,Tired,Social,No,3.8,5.8,Low
Okay,Light,8.3,Okay,Moderate,Yes,6.0,6.0,Low
Stressed,Very Light,8.3,Energized,Moderate,Yes,4.1,6.7,Low
Okay,Moderate,8.7,Okay,Social,No,3.4,6.1,Normal
Great,Light,7.3,Energized,Social,No,3.7,5.5,Very Low
Low Mood,Heavy,7.3,Energized,Moderate,Yes,3.6,6.3,Normal
Good,Light,9.4,Energized,Moderate,No,3.5,6.2,Low
Good,Moderate,7.2,Very Energized,Very Social,No,5.0,5.2,Low
Good,Very Light,9.2,Very Energized,Social,Yes,4.6,7.7,Very Low
Great,Very Light,9.0,Energized,Very Social,No,2.8,11.4,Very Low
Great,Moderate,8.6,Okay,Social,No,2.8,6.3,Low
Stressed,Very Heavy,5.2,Exhausted,None,No,9.6,2.6,Very High
Okay,Light,6.3,Okay,Social,Yes,5.3,4.7,Low
Good,Very Light,9.7,Very Energized,Social,No,3.6,7.5,Very Low
Great,Light,8.3,Very Energized,Moderate,Yes,3.7,5.9,Very Low
Stressed,Heavy,5.9,Tired,None,No,8.5,2.3,Very High
Low Mood,Heavy,4.4,Exhausted,None,No,7.4,2.0,Very High
Stressed,Heavy,6.5,Exhausted,Minimal,No,7.2,4.3,Very High
Okay,Very Light,8.5,Energized,Social,Yes,3.4,8.5,Very Low
Low Mood,Moderate,7.7,Okay,Minimal,No,4.9,4.9,Normal
Good,Light,9.1,Energized,Social,Yes,2.9,11.2,Low
Low Mood,Moderate,7.8,Tired,Minimal,Yes,4.9,6.8,Normal
Good,Moderate,6.7,Energized,Moderate,No,3.3,5.8,Low
Good,Very Light,9.0,Very Energized,Social,No,2.3,5.0,Very Low
Okay,Moderate,5.5,Tired,None,No,8.2,6.0,Normal
Stressed,Moderate,5.3,Okay,None,No,5.7,5.7,High
Good,Moderate,8.3,Tired,Moderate,Yes,5.0,4.4,Normal
Good,Moderate,8.4,Okay,Moderate,No,4.7,7.4,Low
Low Mood,Heavy,6.1,Exhausted,Moderate,No,7.7,3.9,High
Low Mood,Very Heavy,6.0,Exhausted,None,No,5.7,4.3,High
Great,Light,8.0,Very Energized,Social,Yes,1.3,9.5,Very Low
Good,Very Light,7.7,Energized,Very Social,Yes,4.9,8.3,Very Low
Okay,Light,6.4,Tired,Minimal,No,3.5,5.4,Normal
Good,Moderate,9.7,Energized,Very Social,Yes,1.7,8.9,Very Low
Okay,Light,7.5,Energized,Moderate,Yes,2.2,7.5,Low
Great,Light,8.0,Energized,Social,Yes,4.7,7.7,Very Low
Low Mood,Very Heavy,4.7,Tired,Minimal,No,7.2,1.8,High
Okay,Very Light,8.6,Very Energized,Very Social,No,3.1,9.4,Very Low
Stressed,Moderate,6.0,Okay,Moderate,No,5.3,2.2,Normal
Stressed,Heavy,6.4,Tired,None,No,8.8,4.9,High
Low Mood,Moderate,6.7,Okay,Social,No,4.1,6.5,Normal
Stressed,Very Heavy,6.4,Exhausted,Minimal,No,5.6,5.9,Very High
Good,Very Light,8.4,Energized,Very Social,Yes,3.9,9.5,Very Low
Low Mood,Light,7.3,Energized,Social,No,5.7,7.8,Low
Great,Very Light,7.2,Okay,Moderate,Yes,3.7,7.6,Very Low
Okay,Light,7.5,Tired,Social,No,3.3,5.9,Normal
Low Mood,Heavy,4.1,Tired,None,No,7.6,2.8,High
Low Mood,Light,6.1,Tired,Moderate,Yes,4.1,5.5,Normal
Okay,Moderate,5.2,Okay,Minimal,No,6.2,4.2,Normal
Okay,Heavy,6.6,Okay,Moderate,No,5.7,4.4,Normal
Great,Very Light,9.6,Energized,Very Social,Yes,1.6,9.7,Very Low
Good,Moderate,7.6,Tired,Minimal,Yes,5.1,7.6,Low
Okay,Moderate,7.7,Very Energized,Very Social,Yes,4.5,8.0,Low
Stressed,Very Heavy,6.6,Exhausted,Moderate,No,8.5,3.8,High
Great,Light,9.4,Very Energized,Very Social,Yes,2.8,5.8,Very Low
Low Mood,Heavy,5.0,Okay,None,No,8.8,5.9,Normal
Low Mood,Heavy,7.2,Tired,Minimal,Yes,4.5,7.3,Normal
Low Mood,Very Heavy,5.8,Tired,Minimal,No,7.1,1.3,High
Okay,Light,9.5,Very Energized,Very Social,Yes,1.0,11.6,Very Low
Good,Very Light,8.5,Very Energized,Very Social,Yes,4.2,7.5,Very Low
Stressed,Very Heavy,6.2,Exhausted,None,No,6.7,2.3,Very High
Okay,Heavy,5.9,Tired,Moderate,No,7.4,3.2,Normal
Low Mood,Moderate,6.0,Tired,Minimal,Yes,5.7,2.0,Normal
Stressed,Heavy,5.0,Exhausted,Minimal,Yes,7.3,1.9,Very High
Stressed,Heavy,5.5,Tired,Minimal,No,8.0,4.2,High
Great,Very Light,8.3,Okay,Moderate,Yes,4.9,6.1,Very Low
Okay,Very Light,8.3,Energized,Moderate,No,3.4,5.1,Low
Okay,Light,8.0,Very Energized,Very Social,Yes,3.0,11.2,Very Low
Good,Light,7.9,Energized,Social,Yes,3.7,8.6,Very Low
Good,Moderate,8.2,Tired,Minimal,Yes,4.7,6.3,Low
Stressed,Very Heavy,4.3,Exhausted,None,No,9.3,3.4,Very High
Okay,Heavy,6.4,Energized,Social,No,3.3,6.8,Normal
Low Mood,Heavy,5.0,Exhausted,None,No,8.5,2.4,High
Okay,Heavy,7.4,Tired,Social,Yes,4.1,6.7,Normal
Okay,Moderate,7.9,Okay,Social,Yes,3.9,6.0,Low
Good,Light,7.2,Okay,Minimal,Yes,3.3,6.5,Low
Stressed,Moderate,6.3,Exhausted,Moderate,Yes,8.4,3.0,Normal
Great,Very Light,7.3,Very Energized,Moderate,No,4.0,5.3,Very Low
Good,Light,6.0,Tired,Minimal,Yes,3.8,4.4,Normal
Low Mood,Heavy,6.1,Okay,Minimal,No,3.3,4.7,Normal
Good,Moderate,7.1,Okay,Social,No,2.2,5.8,Very Low
Low Mood,Moderate,6.8,Okay,Moderate,No,5.1,4.4,Normal
Okay,Moderate,7.4,Energized,Moderate,Yes,4.0,7.8,Low
Low Mood,Heavy,4.7,Tired,None,No,9.4,2.5,High
Okay,Very Heavy,6.8,Okay,Minimal,No,8.9,3.3,High
Low Mood,Very Heavy,5.2,Exhausted,Minimal,Yes,8.7,1.5,High
Good,Moderate,6.3,Energized,Minimal,Yes,3.4,5.0,Low
Good,Very Light,7.8,Very Energized,Social,Yes,2.9,10.7,Very Low
Okay,Heavy,6.6,Tired,Minimal,Yes,6.7,2.4,Normal
Low Mood,Heavy,5.0,Tired,Minimal,Yes,7.7,1.9,High
Good,Very Light,7.7,Energized,Very Social,Yes,3.6,9.6,Very Low
Okay,Moderate,8.7,Okay,Social,No,3.5,5.4,Low
Good,Moderate,8.9,Energized,Social,Yes,4.5,7.2,Low
Stressed,Very Heavy,6.5,Tired,Minimal,No,7.8,4.9,High
Great,Light,9.8,Energized,Very Social,Yes,1.0,8.8,Very Low
Low Mood,Light,6.8,Energized,Social,No,5.5,6.3,Normal
Good,Light,7.7,Tired,Minimal,Yes,4.6,6.3,Low
Good,Moderate,8.5,Tired,Minimal,Yes,4.7,7.3,Low
Stressed,Moderate,5.9,Exhausted,None,No,7.0,4.7,High
Stressed,Very Heavy,5.6,Exhausted,Minimal,No,7.2,2.1,Very High
Great,Light,7.2,Okay,Very Social,No,4.1,9.5,Very Low
Okay,Very Heavy,7.0,Energized,Social,Yes,4.1,6.2,Normal
Stressed,Very Heavy,7.0,Okay,None,No,6.6,2.7,High
Stressed,Very Heavy,5.7,Exhausted,Minimal,Yes,7.9,1.8,High
Okay,Moderate,7.3,Tired,Moderate,No,3.5,5.0,Normal
Okay,Heavy,6.9,Energized,Minimal,No,4.5,6.0,Normal
Low Mood,Heavy,5.9,Tired,Minimal,No,9.0,2.4,High
Low Mood,Heavy,6.1,Okay,Moderate,Yes,8.3,4.8,Normal
Good,Heavy,6.1,Energized,Social,Yes,3.1,5.0,Low
Stressed,Moderate,5.7,Tired,Minimal,No,6.5,2.4,High
Okay,Moderate,9.0,Energized,Moderate,No,4.9,9.2,Low
Okay,Light,6.8,Energized,Minimal,No,5.6,6.4,Normal
Okay,Very Heavy,6.2,Tired,Moderate,Yes,6.7,5.1,Normal
Stressed,Very Heavy,6.6,Exhausted,None,No,8.3,4.2,Very High
Low Mood,Very Heavy,5.2,Exhausted,Moderate,Yes,6.0,4.7,High
Good,Light,8.5,Okay,Minimal,Yes,5.8,4.5,Low
Good,Heavy,6.0,Okay,Social,Yes,3.1,5.3,Low
Okay,Heavy,6.2,Tired,Minimal,No,6.8,4.5,Normal
Good,Very Light,9.2,Okay,Very Social,No,3.2,8.3,Very Low
Good,Heavy,7.6,Okay,Social,No,4.9,4.3,Low
Low Mood,Heavy,7.5,Tired,Minimal,Yes,5.4,5.9,Normal
Good,Light,6.5,Okay,Minimal,Yes,3.4,4.6,Low
Okay,Light,8.0,Okay,Moderate,Yes,3.8,5.7,Low
Great,Light,8.8,Okay,Moderate,No,4.8,9.8,Very Low
Good,Light,7.6,Okay,Social,Yes,4.4,5.0,Low
Okay,Light,7.2,Okay,Minimal,Yes,5.7,5.2,Low
Good,Very Light,9.5,Very Energized,Social,No,2.7,8.3,Very Low
Okay,Heavy,5.3,Exhausted,Moderate,No,6.6,5.8,High
Low Mood,Light,8.3,Tired,Moderate,Yes,4.5,6.7,Normal
Stressed,Heavy,5.1,Exhausted,Moderate,Yes,5.5,4.9,High
Good,Heavy,7.7,Tired,Social,No,3.5,6.6,Normal
Low Mood,Very Heavy,6.4,Exhausted,Moderate,Yes,8.1,3.4,High
Low Mood,Very Heavy,5.7,Okay,None,No,7.0,3.9,High
Good,Moderate,7.0,Energized,Social,Yes,4.5,4.0,Low
Good,Light,9.1,Okay,Social,Yes,2.5,8.1,Low
Okay,Moderate,7.3,Very Energized,Very Social,Yes,2.0,9.9,Low
Low Mood,Heavy,8.3,Energized,Social,Yes,4.3,7.7,Normal
Stressed,Heavy,5.8,Exhausted,Minimal,Yes,7.1,2.4,High
Okay,Very Light,7.4,Very Energized,Very Social,Yes,4.5,7.1,Very Low
Stressed,Very Heavy,5.1,Exhausted,Minimal,No,7.4,3.3,Very High
Great,Very Light,8.7,Very Energized,Very Social,Yes,3.4,10.4,Very Low
Okay,Heavy,5.2,Exhausted,None,No,6.2,4.8,High
Good,Moderate,6.5,Okay,Minimal,No,4.2,4.2,Low
Great,Very Light,8.3,Very Energized,Social,Yes,3.7,5.0,Very Low
Low Mood,Light,6.1,Tired,Minimal,No,3.2,4.1,Normal
Okay,Light,7.5,Energized,Very Social,Yes,2.6,7.2,Low
Good,Moderate,8.9,Very Energized,Social,Yes,4.0,9.0,Low
Okay,Heavy,6.1,Okay,Minimal,No,5.1,3.3,Normal
Okay,Very Heavy,6.9,Okay,None,No,5.2,5.8,Normal
Great,Very Light,8.1,Very Energized,Moderate,Yes,2.4,7.7,Very Low
Great,Very Light,8.6,Very Energized,Moderate,No,2.2,8.0,Very Low
Okay,Heavy,6.6,Okay,Social,No,4.0,5.7,Normal
Okay,Light,6.0,Energized,Social,Yes,3.6,4.4,Low
Great,Very Light,9.3,Very Energized,Very Social,Yes,3.5,11.0,Very Low
Great,Light,8.9,Okay,Social,No,4.6,7.9,Low
Low Mood,Heavy,5.8,Tired,Minimal,No,8.8,1.2,High
Stressed,Heavy,5.4,Tired,Minimal,No,8.5,3.4,High
Low Mood,Very Light,6.9,Energized,Social,No,4.9,4.5,Low
Stressed,Heavy,6.1,Tired,Minimal,No,7.1,2.8,High
Great,Very Light,9.5,Very Energized,Social,Yes,3.0,8.8,Very Low
Okay,Very Heavy,6.5,Exhausted,Minimal,No,7.4,4.4,High
Great,Light,6.5,Energized,Social,Yes,3.1,6.3,Very Low
Okay,Light,7.5,Okay,Minimal,Yes,4.2,6.0,Normal
Good,Moderate,7.7,Tired,Minimal,Yes,4.5,7.3,Normal
Okay,Moderate,6.2,Energized,Social,Yes,3.6,4.4,Low
Good,Moderate,7.7,Very Energized,Very Social,Yes,3.1,11.1,Low
Stressed,Heavy,6.2,Exhausted,Minimal,Yes,5.3,2.4,High
Good,Light,7.4,Energized,Moderate,Yes,3.4,5.2,Very Low
Stressed,Very Heavy,5.1,Exhausted,Moderate,No,8.6,2.5,Very High
Low Mood,Heavy,7.1,Tired,Social,Yes,4.0,6.1,Normal
Okay,Light,5.5,Tired,None,No,7.0,4.3,Normal
Good,Heavy,7.1,Energized,Social,No,4.6,5.3,Low
Low Mood,Heavy,6.1,Energized,Minimal,No,4.7,4.2,Normal
Okay,Moderate,7.9,Tired,Moderate,Yes,3.1,5.6,Low
Low Mood,Heavy,4.6,Tired,None,No,9.7,2.8,High
Low Mood,Moderate,7.7,Okay,Moderate,Yes,5.0,4.9,Low
Great,Very Light,9.4,Energized,Very Social,Yes,1.8,7.3,Very Low
Good,Very Light,8.2,Very Energized,Very Social,No,3.4,10.6,Very Low
Okay,Heavy,7.5,Okay,Moderate,Yes,3.3,6.1,Normal
Low Mood,Light,6.7,Tired,Social,No,5.5,4.1,Normal
Good,Heavy,7.5,Energized,Social,No,4.3,4.1,Low
Low Mood,Heavy,8.2,Energized,Minimal,Yes,5.2,6.4,Normal
Stressed,Very Heavy,5.5,Tired,None,No,7.5,2.2,Very High
Low Mood,Heavy,5.6,Exhausted,None,Yes,7.9,2.5,High
Good,Light,8.2,Very Energized,Very Social,Yes,2.3,8.1,Very Low
Low Mood,Very Heavy,5.5,Exhausted,Minimal,No,8.6,4.4,High
Good,Heavy,8.4,Tired,Moderate,Yes,5.9,7.8,Normal
Stressed,Moderate,5.3,Okay,None,No,8.6,5.5,High
Okay,Heavy,6.1,Tired,Minimal,Yes,4.9,5.3,Normal
Low Mood,Heavy,6.8,Tired,Minimal,No,4.1,4.3,Normal
Stressed,Heavy,6.0,Okay,Minimal,No,6.6,3.7,High
Okay,Moderate,6.6,Okay,Minimal,No,7.2,3.5,Normal
Okay,Very Light,7.7,Energized,Social,Yes,2.4,9.3,Very Low
Good,Moderate,7.5,Very Energized,Social,Yes,4.4,7.8,Low
Low Mood,Moderate,8.2,Energized,Minimal,Yes,5.6,5.2,Normal
Good,Very Light,7.9,Okay,Minimal,Yes,3.1,5.0,Very Low
Okay,Very Light,8.5,Very Energized,Social,Yes,4.7,8.3,Very Low
Okay,Light,7.3,Energized,Moderate,Yes,4.3,5.0,Low
Okay,Very Light,7.9,Very Energized,Moderate,Yes,2.3,8.3,Very Low
Low Mood,Heavy,6.9,Tired,Minimal,No,6.0,6.2,High
Okay,Light,8.9,Very Energized,Social,No,2.5,8.2,Low
Low Mood,Heavy,6.8,Tired,Minimal,No,3.3,7.3,High
Stressed,Very Heavy,4.2,Exhausted,Minimal,No,9.4,1.6,Very High
Stressed,Heavy,6.2,Tired,None,No,6.5,4.4,High
Great,Light,7.8,Very Energized,Social,Yes,3.9,6.6,Very Low
Great,Very Light,8.6,Energized,Social,Yes,4.1,7.0,Very Low
Good,Light,6.2,Okay,Social,Yes,3.4,4.2,Very Low
Stressed,Heavy,5.6,Tired,Minimal,Yes,8.4,2.6,High
Low Mood,Very Heavy,5.5,Tired,Minimal,No,6.4,2.8,High
Low Mood,Very Heavy,6.4,Exhausted,None,Yes,6.3,3.3,High
Low Mood,Heavy,7.0,Tired,Minimal,No,5.8,7.8,Normal
Great,Very Light,7.6,Okay,Very Social,Yes,4.0,8.7,Very Low
Okay,Light,7.6,Tired,Moderate,No,4.5,5.9,Low
Great,Moderate,8.4,Energized,Very Social,Yes,2.5,7.6,Very Low
Stressed,Very Heavy,5.6,Exhausted,None,Yes,6.4,4.0,High
Low Mood,Moderate,6.3,Energized,Minimal,No,5.7,5.9,Normal
Low Mood,Moderate,5.1,Okay,None,Yes,5.5,4.8,Normal
Great,Light,8.8,Very Energized,Moderate,Yes,2.5,9.7,Very Low
Great,Very Light,7.3,Very Energized,Moderate,Yes,2.8,7.9,Very Low
Low Mood,Very Heavy,6.1,Tired,Minimal,No,8.3,5.8,High
Good,Light,8.0,Energized,Social,Yes,1.6,7.7,Very Low
Okay,Light,7.5,Energized,Minimal,No,4.0,6.8,Low
Stressed,Very Heavy,4.1,Tired,Minimal,No,7.2,2.4,Very High
Good,Light,6.5,Tired,Minimal,Yes,5.8,5.2,Low
Good,Moderate,8.7,Energized,Very Social,Yes,2.5,9.3,Very Low
Low Mood,Moderate,7.8,Energized,Minimal,Yes,3.1,7.6,Low
Great,Moderate,9.1,Okay,Social,Yes,2.7,7.6,Low
Okay,Moderate,6.5,Tired,Moderate,No,7.1,4.8,Normal
Good,Moderate,6.8,Energized,Social,Yes,3.3,6.2,Low
Good,Very Light,7.5,Okay,Very Social,Yes,4.0,9.6,Very Low
Okay,Light,8.0,Very Energized,Very Social,No,3.3,6.3,Low
Okay,Light,7.4,Tired,Social,Yes,5.1,6.8,Low
Okay,Moderate,7.9,Very Energized,Very Social,Yes,2.8,5.8,Low
Low Mood,Moderate,8.3,Okay,Minimal,Yes,5.7,7.6,Normal
Low Mood,Light,8.3,Okay,Social,Yes,5.6,4.8,Normal
Great,Very Light,8.2,Energized,Very Social,Yes,3.2,9.4,Very Low
Okay,Heavy,5.2,Okay,None,No,7.9,3.6,Normal
Stressed,Very Heavy,6.8,Exhausted,Minimal,No,7.0,5.2,High
Okay,Moderate,6.4,Exhausted,None,No,6.8,4.0,Normal
Good,Heavy,7.5,Tired,Minimal,Yes,3.4,5.1,Normal
Great,Very Light,7.4,Energized,Social,Yes,2.4,8.7,Very Low
Stressed,Heavy,5.7,Exhausted,None,No,9.9,1.5,High
Low Mood,Light,7.1,Okay,Minimal,Yes,3.7,5.8,Normal
Good,Moderate,5.7,Okay,Moderate,Yes,7.5,5.4,Low
Okay,Very Light,8.1,Okay,Moderate,No,2.8,9.5,Low
Great,Light,10.0,Very Energized,Very Social,No,3.7,8.9,Very Low
Low Mood,Moderate,6.5,Okay,None,No,8.4,2.8,Normal
Okay,Very Heavy,6.2,Tired,None,No,6.7,3.6,High
Okay,Heavy,5.5,Okay,None,No,7.7,2.5,Normal
Low Mood,Heavy,4.3,Exhausted,None,No,8.1,2.9,High
Stressed,Very Heavy,5.3,Exhausted,None,No,7.4,2.1,Very High
Okay,Moderate,6.2,Okay,Moderate,No,4.4,7.0,Normal
Low Mood,Very Heavy,5.3,Tired,Minimal,No,7.7,1.5,Very High
Low Mood,Very Heavy,5.6,Tired,None,No,7.6,2.0,High
Okay,Heavy,7.1,Tired,Social,Yes,5.7,5.2,Normal
Good,Moderate,7.1,Okay,Social,No,5.2,4.8,Normal
Stressed,Moderate,4.8,Exhausted,Minimal,No,9.8,2.7,High
Good,Light,7.4,Very Energized,Very Social,No,2.5,9.5,Low
Okay,Light,9.1,Very Energized,Moderate,No,2.3,5.2,Low
Low Mood,Very Heavy,5.2,Exhausted,Minimal,Yes,8.8,2.9,High
Stressed,Heavy,5.1,Exhausted,None,No,8.9,3.2,High
Great,Moderate,7.6,Okay,Very Social,Yes,3.2,9.7,Low
Low Mood,Heavy,6.2,Okay,Minimal,No,7.8,2.9,High
Good,Heavy,7.5,Tired,Minimal,No,4.6,5.6,Normal
Good,Light,8.1,Okay,Very Social,Yes,2.1,9.0,Very Low
Okay,Moderate,6.2,Okay,Moderate,No,5.4,5.7,Normal
Good,Light,7.5,Energized,Moderate,No,4.0,9.8,Low
Low Mood,Light,8.3,Okay,Minimal,Yes,5.0,4.7,Normal
Stressed,Very Heavy,5.2,Exhausted,Minimal,Yes,7.2,3.6,Very High
Okay,Heavy,7.4,Tired,Minimal,No,4.3,5.1,Normal
Great,Light,9.2,Very Energized,Very Social,Yes,4.7,8.1,Very Low
Low Mood,Heavy,6.1,Energized,Social,Yes,3.8,6.9,Normal
Okay,Heavy,5.8,Exhausted,None,No,6.3,2.4,High
Great,Heavy,8.4,Okay,Moderate,Yes,3.4,6.5,Low
Okay,Very Heavy,8.0,Okay,Minimal,No,3.7,6.5,High
Okay,Light,8.4,Energized,Social,No,4.4,5.9,Low
Low Mood,Heavy,6.8,Tired,Minimal,No,4.2,4.2,Normal
Great,Very Light,9.0,Very Energized,Very Social,Yes,3.9,10.5,Very Low
Great,Heavy,7.9,Energized,Moderate,No,5.0,7.7,Low
Low Mood,Very Heavy,6.8,Tired,Minimal,Yes,8.2,5.4,High
Okay,Very Light,8.5,Okay,Very Social,No,2.7,7.3,Low
Good,Very Light,8.9,Energized,Very Social,No,4.9,10.0,Very Low
Low Mood,Moderate,6.9,Tired,Moderate,Yes,3.5,7.4,Normal
Okay,Heavy,6.8,Tired,Moderate,Yes,3.1,5.0,Normal
Okay,Heavy,6.8,Okay,Moderate,No,3.1,7.4,Normal
Great,Very Light,7.8,Very Energized,Social,Yes,3.8,9.0,Very Low
Stressed,Moderate,4.0,Exhausted,None,No,9.2,2.3,High
Okay,Heavy,6.8,Tired,Minimal,Yes,8.8,4.9,Normal
Stressed,Very Heavy,4.4,Exhausted,Minimal,No,8.4,4.0,Very High
Great,Moderate,8.8,Very Energized,Very Social,No,3.2,5.8,Very Low
Stressed,Moderate,5.5,Tired,Minimal,No,7.8,4.6,High
Okay,Moderate,8.8,Okay,Moderate,Yes,3.9,8.4,Normal
Low Mood,Heavy,5.9,Okay,Minimal,No,8.4,3.2,High
Great,Very Light,8.0,Energized,Very Social,No,4.3,8.0,Very Low
Stressed,Very Heavy,5.9,Tired,Moderate,Yes,9.0,2.7,High
Good,Moderate,7.3,Energized,Very Social,Yes,3.4,8.2,Low
Low Mood,Heavy,6.0,Okay,Moderate,Yes,5.4,5.5,Normal
Low Mood,Light,7.5,Tired,Moderate,Yes,3.4,4.3,Low
Okay,Moderate,6.8,Okay,Moderate,No,7.8,4.9,Normal
Stressed,Very Heavy,6.9,Exhausted,None,No,6.1,3.8,High
Stressed,Moderate,6.8,Okay,Minimal,Yes,8.8,5.8,Normal
Low Mood,Very Heavy,4.2,Tired,None,No,7.4,2.0,High
Okay,Heavy,7.6,Okay,Social,No,3.8,6.3,Normal
Okay,Light,8.0,Energized,Social,No,5.1,5.7,Low
Okay,Light,8.4,Very Energized,Very Social,Yes,3.8,9.2,Very Low
Okay,Light,9.5,Energized,Social,Yes,3.4,9.3,Low
Okay,Heavy,7.3,Okay,Social,No,5.1,5.4,Normal
Great,Light,9.4,Energized,Social,No,5.0,7.8,Very Low
Great,Light,7.3,Energized,Moderate,Yes,2.0,9.0,Very Low
Stressed,Moderate,5.9,Exhausted,Minimal,Yes,8.7,3.5,High
Low Mood,Moderate,6.1,Tired,Moderate,No,3.8,5.6,Normal
Good,Light,8.8,Very Energized,Very Social,Yes,2.6,9.3,Very Low
Good,Moderate,8.2,Okay,Moderate,Yes,2.5,9.4,Normal
Good,Light,7.0,Okay,Social,Yes,5.0,6.9,Low
Low Mood,Heavy,6.5,Exhausted,Moderate,No,6.0,3.9,High
Good,Moderate,8.2,Okay,Moderate,Yes,4.2,7.7,Very Low
Okay,Very Heavy,5.1,Okay,None,Yes,5.8,4.0,Normal
Great,Light,8.9,Energized,Very Social,No,4.8,6.4,Very Low
Low Mood,Moderate,7.0,Energized,Moderate,Yes,5.5,4.3,Low
Low Mood,Moderate,8.0,Okay,Social,No,4.6,4.1,Normal
Low Mood,Very Heavy,6.6,Okay,None,No,7.0,4.8,High
Low Mood,Heavy,5.3,Exhausted,None,No,8.1,2.1,High
Low Mood,Very Heavy,5.1,Tired,Minimal,No,7.0,1.3,Very High
Okay,Very Light,9.2,Energized,Very Social,Yes,2.1,11.6,Very Low
Okay,Moderate,8.2,Energized,Minimal,No,4.5,7.9,Low
Okay,Heavy,6.4,Okay,Minimal,No,8.9,5.1,Normal
Good,Moderate,8.3,Energized,Very Social,Yes,3.3,5.4,Very Low
Okay,Heavy,7.0,Okay,Minimal,No,8.6,3.8,Normal
Okay,Moderate,7.2,Very Energized,Very Social,Yes,3.6,5.9,Low
Stressed,Moderate,7.9,Tired,Minimal,Yes,5.3,6.3,Normal
Low Mood,Light,7.3,Okay,Very Social,Yes,4.6,7.4,Normal
Good,Light,8.1,Energized,Very Social,Yes,3.1,7.0,Very Low
Low Mood,Heavy,5.3,Okay,None,No,5.3,5.5,High
Stressed,Very Heavy,6.1,Tired,Minimal,No,8.3,4.0,Very High
Good,Moderate,8.6,Very Energized,Moderate,Yes,5.0,9.6,Low
Okay,Heavy,6.7,Tired,Minimal,No,8.9,4.3,Normal
Okay,Very Heavy,6.2,Tired,Minimal,No,6.8,5.0,High
Good,Light,8.8,Energized,Moderate,No,2.3,7.7,Low
Low Mood,Very Heavy,5.1,Tired,Minimal,Yes,9.0,1.5,High
Stressed,Very Heavy,6.5,Okay,Moderate,Yes,8.3,4.4,High
Okay,Very Light,7.9,Okay,Social,No,4.7,8.6,Low
Okay,Heavy,5.0,Tired,None,No,7.4,2.5,High
Low Mood,Heavy,4.7,Tired,Minimal,No,9.9,2.9,Normal
Great,Light,9.7,Energized,Very Social,Yes,2.7,8.5,Very Low
Low Mood,Very Heavy,4.6,Tired,None,No,8.8,2.0,Very High
Stressed,Very Heavy,6.5,Okay,None,Yes,6.7,4.5,High
Good,Light,8.1,Energized,Social,Yes,1.4,10.2,Very Low
Low Mood,Very Heavy,6.8,Exhausted,None,Yes,5.8,3.0,High
Low Mood,Very Heavy,5.9,Okay,Moderate,No,5.7,5.7,Normal
Low Mood,Moderate,7.5,Energized,Minimal,No,3.3,4.6,Normal
Good,Light,7.7,Energized,Very Social,Yes,1.2,10.3,Very Low
Good,Very Light,9.0,Very Energized,Very Social,Yes,1.5,11.5,Very Low
Good,Light,8.2,Very Energized,Very Social,Yes,4.0,8.7,Very Low
Okay,Moderate,9.4,Okay,Moderate,Yes,4.3,6.8,Normal
Good,Very Light,9.8,Very Energized,Very Social,Yes,2.3,10.6,Very Low
Good,Very Light,8.0,Very Energized,Social,Yes,2.8,6.3,Very Low
Low Mood,Moderate,5.7,Okay,Moderate,No,7.1,2.2,Normal
Okay,Moderate,7.7,Energized,Moderate,Yes,5.0,5.7,Low
Great,Moderate,8.8,Very Energized,Social,Yes,3.5,6.5,Very Low
Good,Heavy,7.2,Energized,Minimal,Yes,4.6,7.1,Normal
Good,Very Light,7.3,Energized,Very Social,Yes,4.4,8.0,Low
Okay,Light,8.0,Energized,Very Social,No,3.0,9.3,Low
Low Mood,Very Heavy,6.2,Okay,None,No,5.7,4.2,High
Good,Light,8.2,Okay,Minimal,No,4.3,6.5,Low
Okay,Heavy,8.4,Energized,Moderate,Yes,4.5,9.8,Normal
Stressed,Heavy,4.1,Exhausted,None,Yes,9.4,3.8,High
Okay,Light,8.3,Okay,Social,No,5.0,4.3,Low
Okay,Light,6.3,Exhausted,None,No,8.4,2.4,Normal
Okay,Light,8.5,Energized,Social,Yes,5.6,7.0,Low
Okay,Very Heavy,6.9,Exhausted,None,No,5.4,4.2,High
Stressed,Heavy,5.4,Tired,Minimal,No,8.2,1.6,High
Low Mood,Light,8.2,Okay,Social,Yes,3.0,7.2,Normal
Okay,Moderate,9.0,Energized,Moderate,Yes,2.4,7.1,Low
Great,Light,7.4,Very Energized,Very Social,Yes,2.6,8.7,Very Low
Great,Heavy,8.0,Energized,Social,Yes,3.1,7.6,Low
Okay,Very Light,8.1,Very Energized,Very Social,Yes,2.1,10.0,Very Low
Okay,Heavy,5.1,Exhausted,None,No,6.4,4.7,High
Okay,Moderate,9.0,Very Energized,Very Social,Yes,2.3,7.5,Very Low
Stressed,Moderate,4.2,Exhausted,None,No,8.6,3.3,Very High
Okay,Moderate,7.9,Tired,Moderate,Yes,5.1,6.7,Normal
Good,Light,8.5,Tired,Social,Yes,5.2,5.7,Low
Great,Light,9.3,Energized,Very Social,Yes,3.5,7.7,Very Low
Okay,Heavy,7.1,Energized,Moderate,No,5.7,6.5,Normal
Stressed,Heavy,5.2,Exhausted,None,No,7.2,2.2,High
Low Mood,Very Heavy,4.1,Exhausted,None,No,8.7,2.5,Very High
Okay,Very Light,9.5,Okay,Moderate,Yes,4.6,6.6,Low
Okay,Heavy,5.4,Okay,None,No,8.0,5.7,Normal
Low Mood,Moderate,5.3,Tired,Minimal,No,7.0,1.5,High
Stressed,Heavy,5.1,Exhausted,None,No,8.6,3.7,Very High
Okay,Heavy,4.8,Tired,Minimal,No,8.7,2.9,High
Stressed,Very Heavy,6.5,Tired,Minimal,Yes,8.7,2.5,High
Stressed,Very Heavy,5.2,Exhausted,None,No,7.9,2.3,Very High
Good,Heavy,6.8,Okay,Moderate,Yes,3.9,4.3,Low
Stressed,Heavy,5.9,Tired,None,No,8.2,3.0,High
Okay,Moderate,5.6,Exhausted,Minimal,No,6.9,3.0,High
Stressed,Heavy,6.6,Okay,Minimal,No,7.7,3.4,High
Great,Light,9.0,Energized,Social,Yes,2.8,11.3,Very Low
Good,Very Light,8.1,Energized,Very Social,Yes,3.3,7.7,Very Low
Okay,Light,6.1,Okay,Minimal,Yes,3.6,5.6,Low
Good,Very Heavy,8.1,Tired,Moderate,Yes,4.2,6.5,Normal
Okay,Heavy,8.0,Tired,Moderate,Yes,5.3,5.5,Normal
Great,Moderate,8.1,Okay,Social,Yes,2.2,5.0,Low
Good,Heavy,7.9,Okay,Minimal,No,5.3,4.4,Low
Stressed,Very Heavy,4.7,Tired,Minimal,Yes,9.8,3.0,High
Good,Light,8.4,Very Energized,Social,Yes,3.9,7.3,Very Low
Stressed,Very Heavy,5.5,Exhausted,None,No,7.4,1.9,Very High
Low Mood,Heavy,5.8,Exhausted,None,Yes,5.0,5.6,High
Low Mood,Moderate,8.0,Okay,Minimal,Yes,5.1,4.1,Normal
Good,Light,6.7,Energized,Social,No,3.8,6.6,Very Low
Stressed,Very Heavy,6.6,Okay,Moderate,No,6.3,2.6,High
Good,Moderate,6.3,Tired,Moderate,Yes,5.5,6.1,Low
Low Mood,Very Heavy,5.7,Okay,Minimal,No,6.7,2.8,Normal
Okay,Heavy,6.7,Tired,Moderate,No,4.0,4.5,Normal
Low Mood,Very Heavy,7.9,Okay,Social,Yes,3.9,5.4,Normal
Great,Very Light,7.2,Energized,Social,Yes,4.8,5.3,Very Low
Low Mood,Light,7.8,Okay,Moderate,Yes,5.2,7.8,Low
Stressed,Very Heavy,4.8,Exhausted,None,No,9.6,3.0,Very High
Okay,Very Heavy,5.1,Okay,Moderate,No,7.7,5.0,Normal
Low Mood,Heavy,5.6,Okay,None,No,7.1,4.9,High
Good,Heavy,6.7,Tired,Social,No,3.2,4.3,Normal
Good,Light,7.2,Energized,Minimal,Yes,5.5,6.1,Low
Okay,Light,6.4,Energized,Minimal,No,4.5,6.8,Low
Great,Light,7.8,Okay,Moderate,Yes,2.6,9.7,Very Low
Okay,Very Light,9.3,Energized,Moderate,Yes,3.6,5.9,Low
Okay,Very Light,8.9,Okay,Very Social,Yes,4.2,6.2,Very Low
Stressed,Very Heavy,5.2,Tired,None,Yes,6.5,3.7,High
Good,Light,7.6,Okay,Very Social,No,2.8,6.2,Low
Great,Light,9.8,Energized,Social,Yes,3.1,8.6,Very Low
Low Mood,Heavy,5.0,Tired,Minimal,No,7.7,3.9,High
Good,Light,9.3,Very Energized,Social,Yes,1.4,10.6,Very Low
Low Mood,Heavy,6.7,Okay,Minimal,No,8.4,2.4,Normal
Okay,Light,7.7,Energized,Moderate,Yes,5.8,5.9,Low
Stressed,Heavy,5.8,Okay,None,No,8.7,5.8,Normal
Okay,Heavy,6.9,Exhausted,None,No,6.8,4.4,Normal
Low Mood,Very Heavy,6.7,Tired,Minimal,No,6.5,2.9,High
Okay,Light,8.0,Energized,Moderate,Yes,5.4,5.6,Low
Good,Very Heavy,5.4,Okay,Minimal,No,8.4,3.7,Normal
Low Mood,Very Heavy,6.4,Exhausted,Moderate,No,7.1,2.7,High
Stressed,Heavy,4.3,Tired,Minimal,No,8.6,3.3,High
Okay,Light,7.5,Very Energized,Very Social,No,2.7,6.1,Low
Good,Moderate,7.3,Energized,Minimal,No,3.0,6.8,Normal
Good,Heavy,7.0,Okay,Minimal,No,3.7,6.8,Normal
Low Mood,Moderate,5.1,Exhausted,Minimal,No,8.7,2.4,High
Great,Light,8.6,Very Energized,Very Social,Yes,3.3,8.0,Very Low
Low Mood,Light,7.7,Energized,Moderate,Yes,4.2,4.4,Low
Good,Moderate,7.6,Energized,Social,Yes,6.0,5.9,Low
Great,Light,9.7,Energized,Very Social,Yes,1.4,8.4,Very Low
Low Mood,Very Heavy,6.7,Exhausted,Moderate,Yes,6.6,4.9,Normal
Okay,Moderate,6.3,Energized,Minimal,Yes,3.9,7.8,Normal
Okay,Light,8.0,Very Energized,Social,Yes,2.7,6.9,Very Low
Low Mood,Moderate,6.7,Okay,Moderate,Yes,3.8,6.8,Normal
Okay,Very Light,9.0,Very Energized,Moderate,No,4.5,6.9,Low
Okay,Very Light,6.9,Tired,Minimal,Yes,4.6,6.3,Normal
Great,Light,8.6,Energized,Moderate,Yes,3.4,9.8,Very Low
Okay,Light,7.1,Okay,Very Social,Yes,4.9,8.6,Low
Good,Light,8.0,Okay,Minimal,Yes,3.0,5.1,Low
Low Mood,Moderate,6.7,Energized,Social,No,5.8,7.4,Normal
Good,Light,8.2,Energized,Social,Yes,3.3,4.4,Very Low
Great,Light,8.2,Very Energized,Moderate,No,4.3,6.5,Very Low
Great,Light,8.8,Very Energized,Social,Yes,1.6,11.2,Very Low
Low Mood,Heavy,5.0,Tired,Minimal,No,9.5,3.0,High
Low Mood,Very Heavy,4.2,Tired,None,No,7.5,1.6,Very High
Great,Light,9.3,Very Energized,Very Social,Yes,3.6,8.9,Very Low
Good,Moderate,8.4,Okay,Moderate,Yes,4.8,5.5,Low
Good,Moderate,6.3,Okay,Moderate,No,4.8,7.5,Low
Okay,Heavy,6.7,Tired,Minimal,No,6.3,2.7,Normal
Low Mood,Heavy,7.0,Energized,Social,Yes,3.4,7.1,Low
Low Mood,Heavy,8.4,Tired,Minimal,No,4.2,7.1,Normal
Low Mood,Very Heavy,6.6,Exhausted,Minimal,No,7.5,6.0,Very High
Okay,Heavy,6.5,Tired,Moderate,No,5.3,5.1,Normal
Low Mood,Moderate,7.8,Tired,Minimal,Yes,5.1,7.2,Normal
Okay,Moderate,7.3,Okay,Moderate,No,5.4,6.2,Normal
Great,Light,8.5,Energized,Social,Yes,1.3,10.4,Very Low
Stressed,Heavy,5.5,Tired,None,No,7.7,1.3,High
Good,Heavy,8.1,Energized,Moderate,No,5.0,7.0,Normal
Low Mood,Moderate,6.0,Okay,Moderate,Yes,7.8,3.3,Normal
Good,Very Light,8.0,Very Energized,Very Social,Yes,4.1,7.9,Very Low
Low Mood,Heavy,6.4,Okay,Moderate,Yes,4.2,7.1,Normal
Okay,Moderate,6.1,Energized,Social,Yes,3.0,4.7,Low
Low Mood,Very Light,6.1,Energized,Moderate,No,3.7,6.2,Low
Low Mood,Moderate,6.6,Okay,Social,Yes,3.7,7.4,Normal
Stressed,Very Heavy,5.9,Exhausted,Minimal,No,7.7,3.5,Very High
Good,Moderate,6.9,Tired,Moderate,Yes,4.3,7.9,Low
Stressed,Very Heavy,4.4,Tired,None,No,9.8,3.3,Very High
Stressed,Very Heavy,6.8,Okay,Minimal,No,6.8,5.9,High
Great,Light,9.6,Very Energized,Very Social,No,1.9,11.4,Very Low
Okay,Heavy,7.3,Tired,Minimal,Yes,4.1,5.0,Normal
Great,Very Light,8.0,Energized,Very Social,Yes,3.8,8.6,Very Low
Okay,Moderate,7.9,Okay,Moderate,Yes,5.2,6.5,Low
Okay,Very Light,8.4,Energized,Social,Yes,4.8,5.5,Very Low
Okay,Heavy,8.4,Energized,Social,Yes,3.4,9.5,Low
Good,Moderate,7.1,Very Energized,Moderate,Yes,3.5,7.4,Very Low
Low Mood,Heavy,5.3,Exhausted,None,No,8.4,5.4,High
Good,Light,8.5,Energized,Very Social,Yes,4.0,7.2,Very Low
Good,Heavy,6.3,Exhausted,Minimal,Yes,6.5,4.0,Normal
Stressed,Heavy,5.3,Tired,Minimal,No,7.9,1.1,High
Good,Light,8.3,Okay,Very Social,Yes,4.0,5.4,Very Low
Good,Light,8.4,Okay,Social,Yes,3.9,5.4,Very Low
Stressed,Very Heavy,6.1,Tired,None,No,8.0,4.6,High
Okay,Very Light,9.2,Very Energized,Moderate,Yes,2.9,6.6,Very Low
Great,Very Light,8.9,Energized,Very Social,Yes,3.1,9.3,Very Low
Low Mood,Heavy,5.7,Exhausted,Minimal,No,8.3,2.1,High
Good,Light,8.5,Energized,Social,No,3.7,8.3,Low
Okay,Very Light,7.7,Energized,Moderate,Yes,4.8,8.1,Low
Okay,Very Light,6.2,Okay,Minimal,Yes,5.6,6.2,Low
Stressed,Heavy,5.7,Tired,None,No,8.8,1.5,High
Stressed,Heavy,5.2,Tired,None,No,8.0,3.0,Very High
Okay,Very Light,8.9,Energized,Very Social,No,3.0,8.9,Low
Low Mood,Moderate,5.2,Okay,Minimal,No,8.9,5.2,Normal
Okay,Heavy,6.0,Energized,Minimal,Yes,4.0,4.5,Normal
Okay,Moderate,6.5,Energized,Moderate,Yes,3.3,7.0,Normal
Good,Very Light,9.5,Okay,Social,Yes,4.1,6.8,Low
Good,Very Light,9.5,Okay,Moderate,Yes,2.1,8.7,Very Low
Low Mood,Heavy,8.4,Tired,Moderate,No,3.9,7.8,High
Okay,Moderate,6.3,Energized,Minimal,Yes,5.9,7.4,Normal
Low Mood,Moderate,6.4,Tired,Minimal,Yes,6.0,7.5,Normal
Okay,Heavy,5.3,Exhausted,Moderate,Yes,8.2,4.4,High
Stressed,Heavy,6.4,Okay,Moderate,Yes,7.5,5.4,High
Okay,Light,8.8,Energized,Very Social,No,2.6,7.5,Low
Good,Moderate,6.0,Energized,Moderate,Yes,5.4,5.3,Low
Okay,Heavy,7.8,Tired,Minimal,Yes,4.4,5.1,Normal
Low Mood,Moderate,7.5,Okay,Moderate,Yes,3.6,7.4,Normal
Good,Very Light,8.6,Very Energized,Very Social,Yes,3.6,11.1,Very Low
Okay,Moderate,5.7,Tired,None,No,8.4,2.2,Normal
Okay,Moderate,7.3,Energized,Moderate,Yes,5.5,7.9,Low
Great,Moderate,8.9,Energized,Moderate,No,4.1,9.6,Low
Low Mood,Very Heavy,5.1,Tired,None,No,9.3,3.1,High
Low Mood,Heavy,4.6,Exhausted,None,No,9.0,3.4,High
Good,Very Light,8.3,Energized,Very Social,Yes,1.7,7.5,Very Low
Okay,Light,7.8,Energized,Social,No,5.9,7.2,Low
Good,Very Light,7.7,Very Energized,Social,Yes,2.6,10.1,Very Low
Low Mood,Very Heavy,6.0,Tired,Minimal,No,7.0,2.4,High
Good,Light,8.0,Energized,Very Social,Yes,3.8,8.5,Very Low
Stressed,Very Heavy,6.1,Okay,Minimal,No,6.9,2.6,Very High
Low Mood,Heavy,6.1,Tired,Social,Yes,4.3,6.3,Normal
Okay,Light,9.3,Okay,Social,No,4.3,7.2,Low
Okay,Heavy,7.8,Tired,Social,No,4.7,5.1,Normal
Stressed,Very Heavy,5.1,Okay,Moderate,No,7.7,3.5,Very High
Stressed,Moderate,5.2,Tired,Minimal,No,5.2,3.9,High
Great,Very Light,9.7,Very Energized,Very Social,Yes,1.3,12.0,Very Low
Low Mood,Heavy,7.9,Tired,Social,Yes,5.1,7.6,Normal
Stressed,Very Heavy,5.9,Exhausted,Moderate,No,5.0,5.8,Very High
Good,Heavy,6.7,Energized,Moderate,Yes,3.6,7.8,Low
Low Mood,Moderate,5.3,Okay,Moderate,No,8.3,4.3,Normal
Good,Very Light,8.1,Very Energized,Very Social,Yes,1.7,9.4,Very Low
Great,Light,9.1,Okay,Very Social,No,3.5,6.5,Low
Okay,Heavy,8.2,Okay,Moderate,Yes,4.5,6.1,Low
Low Mood,Light,8.1,Energized,Social,Yes,5.6,4.4,Low
Great,Moderate,8.5,Energized,Very Social,No,2.8,7.0,Low
Okay,Light,6.1,Tired,Social,Yes,3.5,5.2,Normal
Good,Moderate,7.2,Tired,Minimal,Yes,4.5,5.3,Normal
Low Mood,Heavy,6.9,Okay,Minimal,Yes,7.6,2.3,High
Okay,Heavy,7.7,Okay,Moderate,No,4.9,7.2,Normal
Stressed,Light,7.0,Okay,None,Yes,5.5,3.7,Normal
Okay,Very Light,9.5,Very Energized,Very Social,Yes,2.0,5.2,Very Low
Great,Very Light,7.7,Very Energized,Social,Yes,1.4,9.5,Very Low
Good,Light,9.1,Energized,Moderate,Yes,2.1,6.1,Low
Good,Moderate,6.4,Tired,Social,Yes,3.3,7.5,Normal
Okay,Light,9.2,Very Energized,Very Social,Yes,3.9,9.6,Very Low
Good,Moderate,7.9,Energized,Minimal,Yes,3.1,6.1,Low
Good,Moderate,7.4,Okay,Social,No,4.4,6.3,Low
Good,Light,7.8,Very Energized,Very Social,Yes,3.9,11.3,Very Low
Good,Heavy,6.1,Energized,Social,Yes,5.2,6.0,Low
Low Mood,Moderate,7.0,Tired,Moderate,No,7.3,5.3,Normal
Okay,Light,7.5,Tired,Social,Yes,4.1,4.5,Low
Low Mood,Heavy,7.0,Okay,Moderate,Yes,3.4,4.3,Normal
Great,Light,8.7,Very Energized,Very Social,No,2.5,8.9,Very Low
Stressed,Heavy,4.9,Exhausted,Minimal,No,8.5,2.0,Very High
Stressed,Heavy,6.5,Tired,Minimal,No,5.2,5.3,High
Stressed,Heavy,6.0,Exhausted,Moderate,No,6.7,5.6,High
Okay,Heavy,6.4,Tired,Moderate,Yes,3.3,7.0,Normal
Okay,Moderate,7.2,Tired,Social,No,4.1,4.7,Normal
Good,Light,7.4,Okay,Moderate,Yes,5.0,6.8,Low
Okay,Heavy,7.6,Energized,Minimal,Yes,3.5,5.5,Normal
Great,Very Light,9.3,Energized,Social,Yes,3.2,7.3,Very Low
Good,Moderate,9.2,Very Energized,Moderate,Yes,3.9,5.0,Low
Stressed,Very Heavy,6.8,Okay,Moderate,Yes,7.7,5.2,High
Low Mood,Very Heavy,4.7,Tired,None,No,8.0,1.2,Very High
Okay,Heavy,5.9,Okay,Moderate,Yes,5.4,5.9,Normal
Low Mood,Moderate,8.2,Tired,Moderate,Yes,4.1,5.3,Normal
Okay,Light,7.0,Okay,Moderate,Yes,5.9,7.6,Low
Good,Moderate,7.1,Energized,Moderate,No,4.6,9.5,Low
Low Mood,Heavy,5.8,Tired,None,No,7.0,4.0,High
Okay,Very Heavy,6.0,Okay,None,Yes,6.4,4.4,Normal
Okay,Moderate,8.1,Okay,Minimal,No,4.2,4.4,Normal
Okay,Light,8.2,Very Energized,Very Social,Yes,2.2,6.2,Very Low
Low Mood,Heavy,5.8,Tired,None,No,8.3,2.9,High
Okay,Heavy,4.3,Exhausted,Minimal,Yes,7.2,3.9,Normal
Low Mood,Very Heavy,5.6,Tired,None,No,9.9,3.2,High
Low Mood,Light,6.8,Energized,Moderate,Yes,5.6,6.0,Low
Good,Moderate,8.6,Very Energized,Very Social,No,2.9,5.1,Very Low
Low Mood,Moderate,5.3,Exhausted,Minimal,Yes,7.3,4.9,High
Low Mood,Heavy,5.5,Tired,None,No,7.6,3.1,High
Low Mood,Heavy,6.0,Exhausted,Moderate,No,5.8,2.3,High
Good,Very Light,9.4,Energized,Social,Yes,1.9,10.8,Very Low
Great,Moderate,7.7,Okay,Social,No,4.5,10.0,Low
Low Mood,Heavy,8.1,Energized,Social,Yes,3.9,5.9,Normal
Great,Heavy,7.1,Okay,Moderate,Yes,4.1,5.7,Low
Okay,Light,7.3,Okay,Minimal,No,3.8,7.3,Low
Good,Light,7.3,Energized,Social,Yes,4.1,5.7,Low
Good,Light,9.6,Energized,Very Social,Yes,1.8,10.8,Very Low
Okay,Moderate,7.2,Energized,Moderate,Yes,5.7,5.2,Low
Great,Light,9.5,Energized,Very Social,Yes,1.3,7.4,Very Low
Stressed,Very Heavy,6.8,Okay,Moderate,Yes,7.1,3.9,High
Stressed,Very Heavy,5.4,Tired,Minimal,No,7.6,2.5,High
Okay,Moderate,7.3,Okay,Minimal,Yes,3.3,6.5,Low
Low Mood,Light,7.9,Okay,Minimal,No,4.4,4.6,Normal
Okay,Very Light,8.0,Energized,Very Social,Yes,2.7,9.7,Low
Low Mood,Heavy,6.4,Tired,Social,No,4.9,6.7,Normal
Stressed,Moderate,6.0,Tired,Minimal,Yes,7.3,3.1,High
Okay,Very Light,8.0,Okay,Very Social,No,3.2,6.4,Low
Good,Heavy,6.7,Okay,Minimal,Yes,3.1,4.9,Normal
Good,Very Light,7.8,Very Energized,Very Social,No,3.3,11.2,Very Low
Great,Light,8.6,Energized,Very Social,Yes,2.5,11.8,Very Low
Good,Very Light,8.2,Very Energized,Social,Yes,3.7,9.9,Very Low
Good,Moderate,8.8,Okay,Social,No,3.9,7.1,Low
Great,Very Light,10.0,Very Energized,Social,Yes,2.9,10.4,Very Low
Good,Moderate,7.3,Okay,Social,Yes,2.7,5.7,Low
Good,Moderate,9.4,Okay,Social,No,4.1,7.4,Low
Good,Light,9.6,Very Energized,Social,No,2.8,11.7,Low
Good,Moderate,7.2,Tired,Minimal,No,4.4,5.4,Normal
Low Mood,Heavy,8.3,Okay,Minimal,No,5.8,5.8,Normal
Low Mood,Light,7.7,Okay,Minimal,Yes,3.7,6.8,Low
Good,Very Light,8.7,Very Energized,Very Social,Yes,4.2,8.4,Very Low
Great,Light,8.3,Energized,Very Social,No,4.0,7.6,Very Low
Great,Heavy,8.6,Energized,Moderate,Yes,4.1,8.2,Low
Good,Heavy,8.3,Okay,Social,Yes,4.3,6.9,Low
Okay,Moderate,5.4,Okay,Minimal,No,5.7,4.3,Normal
Good,Light,6.5,Okay,Social,No,3.7,6.0,Low
Good,Light,9.3,Very Energized,Moderate,Yes,4.9,6.6,Low
Okay,Heavy,6.8,Tired,Minimal,No,8.2,3.9,Normal
Great,Light,9.0,Energized,Social,Yes,4.6,6.1,Very Low
Stressed,Very Heavy,5.8,Tired,None,Yes,8.6,1.4,High
Great,Light,8.1,Very Energized,Social,Yes,3.4,9.9,Very Low
Low Mood,Light,8.1,Tired,Social,Yes,5.7,6.7,Normal
Okay,Moderate,8.1,Tired,Minimal,No,4.8,6.2,Normal
Stressed,Very Heavy,6.0,Exhausted,Minimal,No,8.2,6.0,Very High
Okay,Very Light,7.9,Very Energized,Moderate,Yes,2.8,7.3,Very Low
Stressed,Heavy,5.3,Okay,Minimal,Yes,8.0,4.1,High
Stressed,Moderate,5.1,Okay,Minimal,Yes,8.9,3.1,Normal
Okay,Light,9.1,Energized,Social,Yes,4.4,9.7,Low
Great,Light,8.9,Very Energized,Very Social,Yes,4.7,9.9,Very Low
Low Mood,Moderate,7.5,Energized,Minimal,Yes,3.2,7.7,Normal
Okay,Light,9.5,Okay,Moderate,No,3.2,6.9,Low
Stressed,Very Heavy,6.9,Okay,Moderate,No,5.7,4.1,High
Low Mood,Moderate,5.2,Exhausted,Moderate,No,6.9,5.8,High
Okay,Very Heavy,6.2,Exhausted,None,Yes,8.8,3.9,High
Stressed,Heavy,6.7,Tired,Moderate,No,8.4,6.0,High
Good,Light,7.7,Energized,Very Social,No,4.9,5.2,Low
Okay,Light,7.9,Energized,Very Social,Yes,3.0,8.2,Low
Good,Moderate,9.0,Very Energized,Very Social,No,3.1,9.2,Low
Good,Light,7.0,Okay,Social,Yes,2.2,9.0,Low
Okay,Very Light,7.3,Very Energized,Moderate,No,3.0,7.0,Low
Great,Light,8.2,Very Energized,Social,Yes,3.4,8.9,Very Low
Low Mood,Moderate,6.1,Okay,Moderate,Yes,7.4,5.1,Normal
Low Mood,Very Heavy,5.7,Exhausted,None,No,8.5,2.9,Very High
Okay,Heavy,7.9,Energized,Moderate,No,3.3,6.7,Normal
Low Mood,Light,6.8,Energized,Social,Yes,3.5,6.5,Low
Good,Very Light,8.0,Very Energized,Social,Yes,1.9,7.5,Very Low
Good,Moderate,7.8,Tired,Social,Yes,3.9,5.8,Low
Okay,Moderate,5.3,Okay,Moderate,No,7.6,3.2,Normal
Stressed,Moderate,6.2,Okay,Minimal,No,7.0,3.7,High
Good,Light,6.9,Energized,Moderate,Yes,5.4,6.6,Low
Good,Light,8.3,Energized,Social,Yes,2.8,7.5,Very Low
Great,Moderate,8.5,Okay,Social,Yes,4.6,6.6,Low
Great,Light,8.4,Very Energized,Social,Yes,1.3,10.1,Very Low
Okay,Moderate,6.1,Energized,Moderate,Yes,4.8,6.0,Low
Good,Very Light,8.0,Okay,Social,Yes,4.3,5.5,Very Low
Okay,Heavy,7.6,Okay,Moderate,No,4.9,7.4,Normal
Stressed,Heavy,5.2,Exhausted,None,No,8.1,6.0,Very High
Okay,Light,7.1,Energized,Moderate,Yes,4.8,6.9,Low
Good,Light,6.6,Tired,Minimal,No,4.3,6.4,Low
Okay,Heavy,5.9,Tired,Moderate,No,7.0,3.4,High
Great,Very Light,7.9,Very Energized,Social,No,3.5,9.6,Very Low
Stressed,Heavy,5.1,Exhausted,None,Yes,8.1,5.1,High
Great,Very Light,9.3,Energized,Social,Yes,3.8,10.5,Very Low
Okay,Very Heavy,5.8,Tired,Minimal,No,8.7,2.4,High
Low Mood,Moderate,6.4,Okay,Minimal,No,5.8,3.3,Normal
Great,Light,8.1,Very Energized,Moderate,Yes,3.9,6.7,Very Low
Low Mood,Light,6.4,Okay,Minimal,No,5.2,5.2,Normal
Good,Moderate,9.4,Very Energized,Social,Yes,2.6,6.1,Very Low
Good,Light,7.6,Very Energized,Social,Yes,1.4,10.4,Very Low
Stressed,Heavy,6.0,Tired,None,No,8.1,3.6,High
Great,Moderate,7.7,Energized,Social,Yes,3.9,5.8,Low
Great,Light,8.3,Energized,Social,Yes,2.4,10.8,Very Low
Good,Very Light,7.2,Very Energized,Moderate,Yes,4.6,8.3,Very Low
Stressed,Heavy,5.9,Okay,None,No,8.0,4.2,High
Good,Light,7.2,Very Energized,Social,No,3.1,6.1,Low
Okay,Moderate,8.3,Very Energized,Moderate,Yes,3.7,8.7,Low
Great,Light,9.2,Energized,Very Social,Yes,1.3,11.2,Very Low
Okay,Heavy,6.2,Okay,Moderate,Yes,4.5,7.6,Normal
Okay,Light,6.6,Tired,Minimal,No,3.4,7.9,Normal
Low Mood,Very Heavy,5.5,Okay,Minimal,Yes,7.1,2.2,Normal
Stressed,Heavy,6.2,Exhausted,Minimal,Yes,5.9,3.2,High
Okay,Moderate,5.7,Exhausted,Minimal,No,8.1,2.7,Normal
Great,Very Light,8.7,Energized,Social,No,2.8,6.4,Very Low
Great,Moderate,7.3,Okay,Social,Yes,3.5,5.5,Low
Low Mood,Heavy,5.1,Exhausted,Minimal,No,9.1,2.6,Very High
Great,Moderate,9.4,Energized,Moderate,No,4.7,5.8,Low
Low Mood,Heavy,6.6,Energized,Moderate,Yes,5.6,4.4,Normal
Good,Light,9.8,Very Energized,Very Social,Yes,2.4,9.4,Very Low
Stressed,Heavy,5.2,Tired,None,Yes,6.1,2.2,High
Great,Very Light,8.2,Very Energized,Social,No,4.4,6.2,Very Low
Okay,Moderate,7.7,Tired,Minimal,No,5.1,7.7,Normal
Great,Very Light,8.4,Very Energized,Moderate,No,5.0,9.8,Very Low
Good,Light,8.3,Okay,Moderate,Yes,3.8,9.5,Low
Low Mood,Moderate,7.8,Okay,Moderate,No,4.4,5.7,Normal
Okay,Moderate,8.7,Energized,Social,Yes,2.9,9.6,Low
Low Mood,Light,8.7,Okay,Moderate,No,3.3,6.5,Normal
Good,Moderate,7.1,Very Energized,Very Social,Yes,3.7,6.1,Low
Stressed,Moderate,6.8,Okay,Minimal,Yes,5.4,4.2,Normal
Good,Very Light,8.0,Energized,Moderate,No,3.7,9.6,Low
Great,Moderate,9.1,Energized,Moderate,No,3.5,9.5,Low
Low Mood,Light,6.8,Energized,Moderate,No,5.9,4.3,Normal
Good,Heavy,5.7,Okay,None,No,6.8,3.9,Normal
Stressed,Heavy,6.6,Exhausted,Minimal,No,6.1,3.8,Very High
Good,Very Light,8.1,Energized,Moderate,Yes,2.8,5.5,Very Low
Great,Light,9.0,Energized,Social,Yes,3.4,8.5,Very Low
Stressed,Heavy,6.8,Okay,Moderate,Yes,5.2,3.1,Normal
Low Mood,Heavy,5.0,Exhausted,None,No,5.1,4.5,High
Great,Light,9.0,Energized,Social,Yes,2.8,8.5,Very Low
Good,Moderate,6.0,Energized,Moderate,No,5.0,7.0,Low
Low Mood,Light,6.6,Energized,Social,Yes,5.5,7.8,Low
Good,Very Light,8.5,Okay,Very Social,Yes,4.7,5.6,Very Low
Stressed,Very Heavy,6.0,Tired,None,No,9.3,1.9,Very High
Low Mood,Heavy,7.7,Tired,Social,No,4.1,6.2,High
Good,Very Light,7.8,Very Energized,Social,Yes,2.9,10.4,Very Low
Good,Light,7.0,Very Energized,Social,Yes,4.2,5.8,Very Low
Low Mood,Very Heavy,6.7,Tired,Minimal,No,6.1,5.9,High
Good,Moderate,6.2,Okay,Minimal,No,3.6,5.7,Normal
Okay,Moderate,6.1,Exhausted,None,No,7.0,4.7,Normal
Good,Very Light,8.2,Energized,Very Social,Yes,3.2,8.4,Very Low
Good,Light,8.4,Very Energized,Very Social,Yes,4.1,6.4,Very Low
Stressed,Very Heavy,6.5,Exhausted,Moderate,No,7.9,3.8,Very High
Low Mood,Heavy,7.7,Okay,Social,No,5.4,4.0,Normal
Low Mood,Moderate,7.0,Energized,Social,Yes,3.6,4.3,Low
Low Mood,Moderate,6.9,Okay,None,No,8.9,5.8,Normal
Low Mood,Heavy,4.9,Exhausted,Minimal,No,7.7,2.4,High
Good,Moderate,9.3,Energized,Very Social,No,2.0,6.7,Low
Low Mood,Very Heavy,6.2,Tired,None,No,6.1,2.7,High
Good,Light,7.4,Okay,Very Social,Yes,2.0,9.2,Low
Low Mood,Moderate,6.0,Okay,Minimal,No,3.8,7.4,Normal
Good,Heavy,6.9,Exhausted,Minimal,No,6.2,5.5,Normal
Low Mood,Heavy,4.1,Tired,None,No,8.0,1.8,High
Okay,Very Light,8.0,Okay,Moderate,No,3.2,9.0,Low
Stressed,Very Heavy,4.2,Exhausted,None,No,7.8,2.3,Very High
Low Mood,Moderate,7.9,Tired,Moderate,Yes,5.6,7.6,Normal
Low Mood,Moderate,5.8,Okay,Minimal,No,8.5,3.2,Normal
Good,Heavy,7.3,Okay,Minimal,No,5.7,6.9,Normal
Okay,Very Heavy,5.1,Tired,None,Yes,8.4,5.8,High
Okay,Very Heavy,5.6,Exhausted,Minimal,No,6.0,3.3,High
Great,Very Light,9.1,Very Energized,Social,No,3.5,11.4,Very Low
Stressed,Very Heavy,6.3,Tired,Minimal,Yes,8.0,4.2,High
Great,Light,7.4,Okay,Moderate,No,4.4,8.2,Low
Stressed,Heavy,5.1,Tired,Minimal,No,7.7,1.5,High
Good,Very Light,7.8,Energized,Very Social,Yes,1.8,9.9,Very Low
Low Mood,Heavy,6.1,Energized,Minimal,Yes,3.7,6.5,Normal
Good,Moderate,7.2,Tired,Social,Yes,6.0,6.2,Low
Okay,Light,7.6,Tired,Social,No,3.3,4.2,Normal
Okay,Heavy,8.0,Energized,Moderate,Yes,3.5,7.9,Low
Good,Light,8.1,Very Energized,Social,Yes,2.2,7.3,Very Low
Low Mood,Moderate,6.5,Okay,None,Yes,5.1,2.6,Normal
Low Mood,Moderate,6.7,Okay,Minimal,No,7.0,3.7,Normal
Great,Light,9.2,Energized,Very Social,Yes,1.6,11.3,Very Low
Great,Light,8.9,Energized,Social,Yes,2.5,11.9,Very Low
Good,Very Heavy,5.6,Exhausted,Moderate,No,8.7,3.2,High
Stressed,Heavy,4.6,Tired,None,No,7.3,1.2,High
Okay,Heavy,5.3,Exhausted,None,No,9.2,2.5,High
Good,Moderate,8.9,Very Energized,Social,No,3.1,6.2,Very Low
Okay,Moderate,6.8,Exhausted,Moderate,No,7.8,3.9,Normal
Low Mood,Moderate,5.6,Okay,Moderate,Yes,5.6,2.9,Normal
Low Mood,Heavy,6.5,Exhausted,Minimal,No,6.0,5.4,Normal
Okay,Light,6.5,Okay,Minimal,Yes,3.4,6.5,Normal
Stressed,Very Heavy,5.1,Tired,Minimal,No,7.0,2.8,Very High
Low Mood,Moderate,6.6,Tired,Social,No,5.1,5.5,Normal
Okay,Moderate,9.3,Okay,Moderate,Yes,3.6,5.1,Low
Stressed,Heavy,5.6,Tired,None,No,7.9,3.0,High
Good,Heavy,7.3,Tired,Minimal,No,4.1,5.2,Normal
Great,Very Light,9.4,Very Energized,Very Social,No,2.5,8.9,Very Low
Low Mood,Heavy,6.7,Energized,Social,Yes,4.5,6.9,Normal
Okay,Light,6.2,Tired,Social,Yes,4.8,4.0,Normal
Stressed,Heavy,5.5,Exhausted,Minimal,Yes,9.4,4.0,High
Low Mood,Very Heavy,5.4,Tired,None,No,8.0,2.8,High
Low Mood,Very Light,7.9,Okay,Moderate,Yes,3.1,6.8,Low
Low Mood,Light,8.4,Okay,Moderate,Yes,3.6,4.7,Normal
Okay,Very Light,8.6,Okay,Very Social,No,2.2,8.0,Low
Okay,Moderate,6.3,Okay,Moderate,Yes,4.0,5.6,Normal
Low Mood,Heavy,7.7,Okay,Social,No,4.0,7.0,High
Good,Very Light,7.9,Okay,Social,No,3.0,4.5,Low
Okay,Very Heavy,6.5,Exhausted,None,No,8.1,4.7,High
Low Mood,Heavy,6.5,Okay,Social,No,4.2,5.1,Normal
Low Mood,Heavy,6.7,Exhausted,Minimal,No,6.6,4.8,High
Good,Moderate,8.5,Okay,Social,No,2.6,9.0,Low
Stressed,Very Heavy,5.0,Tired,Minimal,No,9.4,3.1,High
Okay,Light,7.8,Tired,Minimal,No,4.1,6.3,Normal
Stressed,Light,6.8,Exhausted,None,Yes,5.9,2.9,Normal
Low Mood,Moderate,7.6,Tired,Social,Yes,5.0,4.2,Normal
Stressed,Heavy,6.8,Tired,Minimal,Yes,8.0,3.8,High
Low Mood,Light,8.0,Okay,Moderate,Yes,5.6,7.1,Low
Stressed,Heavy,6.2,Tired,Minimal,No,7.5,5.6,High
Great,Light,7.6,Energized,Social,No,4.0,11.9,Low
Low Mood,Heavy,7.5,Okay,Minimal,Yes,5.1,7.1,Normal
Great,Very Light,7.8,Very Energized,Moderate,No,3.9,8.2,Very Low
Stressed,Very Heavy,5.4,Tired,None,Yes,8.3,1.0,Very High
Okay,Moderate,8.1,Energized,Social,Yes,5.4,7.9,Low
Good,Heavy,8.0,Energized,Social,Yes,5.3,5.7,Low
Stressed,Moderate,6.6,Tired,None,No,7.1,4.3,High
Low Mood,Very Light,6.8,Energized,Social,Yes,5.7,6.7,Low
Great,Light,8.6,Very Energized,Very Social,Yes,2.1,9.3,Very Low
Okay,Very Light,8.0,Okay,Moderate,Yes,3.2,5.3,Low
Low Mood,Heavy,7.4,Energized,Minimal,No,5.7,4.6,Normal
Great,Moderate,9.2,Energized,Very Social,Yes,2.7,5.1,Very Low
Okay,Heavy,6.2,Exhausted,Moderate,No,7.9,4.8,High
Low Mood,Heavy,4.2,Tired,Minimal,No,8.9,3.7,High
Low Mood,Heavy,7.3,Okay,Moderate,Yes,4.9,4.8,Normal
Okay,Very Light,9.3,Very Energized,Very Social,No,2.9,7.5,Very Low
Low Mood,Heavy,5.3,Exhausted,Minimal,No,7.1,3.7,High
Good,Light,7.3,Energized,Very Social,Yes,4.2,8.3,Very Low
Okay,Very Heavy,5.1,Exhausted,Moderate,Yes,7.9,5.1,High
Low Mood,Heavy,8.0,Okay,Minimal,Yes,5.5,4.3,Normal
Good,Moderate,6.9,Okay,Moderate,Yes,5.6,4.0,Low
Okay,Light,9.1,Very Energized,Social,Yes,2.1,9.7,Very Low
Low Mood,Moderate,6.6,Tired,Moderate,No,5.8,4.7,High
Great,Light,8.2,Energized,Social,Yes,1.8,7.4,Very Low
Good,Moderate,8.0,Energized,Very Social,Yes,4.2,8.0,Low
Low Mood,Heavy,5.4,Exhausted,None,No,8.3,2.9,High
Great,Light,8.3,Very Energized,Very Social,Yes,3.2,7.9,Very Low
Okay,Heavy,9.1,Energized,Very Social,Yes,3.3,6.7,Low
Good,Very Light,7.9,Very Energized,Very Social,No,1.6,9.0,Very Low
Good,Light,8.5,Energized,Social,No,2.6,8.4,Low
Good,Very Light,8.9,Very Energized,Social,Yes,1.4,11.4,Very Low
Low Mood,Heavy,5.2,Tired,None,No,7.4,3.1,High
Stressed,Very Heavy,4.6,Exhausted,Minimal,Yes,8.9,2.1,Very High
Low Mood,Heavy,7.5,Energized,Moderate,No,4.2,7.2,Normal
Low Mood,Moderate,8.5,Tired,Social,Yes,5.4,6.6,Normal
Okay,Heavy,6.3,Tired,Minimal,No,8.4,3.1,High
Good,Light,9.1,Energized,Very Social,Yes,2.6,9.1,Very Low
Low Mood,Light,8.3,Tired,Moderate,No,3.8,6.0,Normal
Good,Very Light,8.4,Very Energized,Very Social,Yes,1.6,7.7,Very Low
Low Mood,Very Heavy,5.6,Okay,Moderate,No,5.0,3.6,Normal
Good,Heavy,7.4,Okay,Minimal,No,5.0,4.7,Normal
Good,Very Light,9.4,Very Energized,Very Social,Yes,2.4,11.9,Very Low
Stressed,Heavy,6.4,Okay,Minimal,No,7.8,5.5,High
Low Mood,Light,7.1,Tired,Social,No,3.6,7.4,Normal
Okay,Very Light,9.9,Energized,Very Social,Yes,3.1,9.1,Low
Okay,Moderate,5.1,Exhausted,Moderate,Yes,8.1,3.5,Normal
Low Mood,Very Heavy,4.3,Tired,None,No,7.5,3.8,High
Good,Heavy,7.6,Okay,Moderate,Yes,5.7,4.6,Low
Great,Very Light,9.3,Very Energized,Very Social,Yes,2.1,7.2,Very Low
Good,Moderate,6.2,Tired,Social,No,5.2,6.1,Low
Low Mood,Very Heavy,5.9,Exhausted,Minimal,Yes,10.0,1.7,Very High
Good,Very Light,8.2,Energized,Minimal,No,3.7,7.0,Low
Great,Light,8.0,Energized,Moderate,Yes,2.8,5.5,Very Low
Okay,Heavy,6.8,Tired,None,No,8.4,4.8,Normal
Low Mood,Very Heavy,5.1,Tired,None,No,8.8,5.9,High
Good,Light,7.2,Okay,Very Social,Yes,2.8,5.7,Very Low
Okay,Moderate,8.3,Energized,Moderate,No,3.2,9.1,Low
Stressed,Very Heavy,5.7,Exhausted,Minimal,No,8.8,1.9,Very High
Great,Moderate,7.7,Energized,Very Social,Yes,2.5,10.0,Very Low
Good,Very Light,9.9,Very Energized,Very Social,Yes,3.0,9.8,Very Low
Stressed,Very Heavy,5.8,Exhausted,Minimal,No,8.8,2.2,Very High
Low Mood,Moderate,6.5,Exhausted,Minimal,No,8.0,6.0,High
Good,Moderate,8.0,Very Energized,Very Social,Yes,4.9,5.2,Very Low
Good,Moderate,7.3,Tired,Minimal,No,4.7,6.7,Low
Good,Heavy,7.6,Tired,Moderate,Yes,4.0,5.4,Normal
Great,Very Light,9.5,Energized,Very Social,No,1.0,7.1,Very Low
Okay,Light,7.4,Energized,Moderate,Yes,5.4,4.3,Low
Okay,Heavy,5.3,Tired,None,No,6.0,4.3,Normal
Stressed,Very Heavy,6.8,Okay,Moderate,No,5.9,2.1,High
Okay,Heavy,6.3,Tired,Minimal,No,6.9,5.5,Normal
Stressed,Heavy,6.5,Tired,Moderate,Yes,5.0,5.5,High
Good,Heavy,7.5,Tired,Social,Yes,3.2,7.6,Low
Low Mood,Moderate,7.8,Okay,Social,Yes,3.8,5.9,Low
Low Mood,Very Heavy,5.2,Tired,Minimal,No,6.2,2.7,High
Good,Very Light,9.2,Very Energized,Moderate,Yes,2.9,8.7,Low
Okay,Moderate,7.3,Very Energized,Social,No,4.4,9.9,Low
Okay,Heavy,6.1,Okay,Social,No,4.5,5.2,Normal
Low Mood,Moderate,6.5,Okay,Minimal,No,4.9,4.5,Normal
Good,Very Light,9.1,Energized,Very Social,Yes,1.4,9.0,Very Low
Low Mood,Very Heavy,4.6,Exhausted,Minimal,No,8.4,2.3,Very High
Good,Very Light,8.7,Energized,Very Social,Yes,2.3,7.4,Very Low
Okay,Very Light,7.2,Okay,Very Social,Yes,3.2,8.3,Low
Okay,Heavy,8.3,Energized,Moderate,Yes,5.6,6.0,Normal
Stressed,Very Heavy,4.4,Tired,None,No,9.3,3.5,Very High
Okay,Heavy,5.4,Tired,Minimal,No,7.5,2.9,High
Great,Moderate,8.3,Energized,Social,No,1.9,9.3,Low
Low Mood,Heavy,5.8,Exhausted,None,No,9.6,3.7,High
Good,Light,6.1,Energized,Minimal,Yes,3.7,5.3,Low
Low Mood,Heavy,8.0,Okay,Social,No,3.1,6.1,Normal
Good,Very Light,9.2,Energized,Social,Yes,3.7,7.9,Very Low
Good,Heavy,7.3,Energized,Minimal,Yes,5.8,4.8,Low
Good,Light,6.5,Energized,Moderate,No,5.8,4.6,Low
Great,Very Light,8.9,Very Energized,Very Social,No,3.1,11.7,Very Low
Great,Light,7.9,Energized,Social,Yes,1.8,12.0,Very Low
Okay,Light,8.2,Tired,Moderate,Yes,5.5,4.3,Low
Okay,Light,9.4,Energized,Very Social,Yes,2.1,7.5,Low
Great,Very Light,8.5,Energized,Social,No,4.9,8.5,Very Low
Okay,Very Light,8.6,Very Energized,Very Social,No,4.9,8.7,Low
Stressed,Heavy,5.0,Tired,Minimal,No,8.6,1.3,High
Good,Light,6.3,Okay,Minimal,Yes,3.5,6.5,Low
Stressed,Heavy,5.0,Exhausted,None,No,7.7,2.9,Very High
Okay,Moderate,8.4,Energized,Moderate,No,6.0,7.0,Normal
Stressed,Heavy,5.2,Tired,None,No,7.3,1.8,High
Stressed,Heavy,5.0,Tired,Minimal,No,5.5,2.1,High
Low Mood,Heavy,7.6,Energized,Moderate,Yes,3.7,5.4,Normal
Low Mood,Very Heavy,6.5,Exhausted,Moderate,No,5.2,2.5,High
Good,Heavy,5.0,Exhausted,Moderate,No,8.2,2.3,High
Stressed,Heavy,4.4,Exhausted,None,No,8.8,1.7,Very High
Good,Light,8.9,Very Energized,Social,Yes,3.5,7.5,Very Low
Low Mood,Light,7.2,Energized,Social,No,4.5,6.0,Normal
Low Mood,Moderate,7.3,Energized,Social,No,3.7,4.2,Normal
Stressed,Heavy,5.8,Exhausted,None,No,6.9,3.3,Very High
Great,Very Light,9.0,Okay,Very Social,Yes,4.7,8.2,Very Low
Great,Light,9.1,Very Energized,Moderate,Yes,4.8,7.4,Very Low
Okay,Moderate,5.0,Exhausted,Moderate,Yes,6.7,5.3,Normal
Low Mood,Moderate,8.0,Tired,Social,Yes,4.9,7.1,Normal
Low Mood,Heavy,5.8,Okay,Minimal,Yes,7.6,2.0,Normal
Low Mood,Heavy,6.1,Tired,Moderate,No,6.2,4.5,Normal
Okay,Moderate,5.9,Exhausted,None,No,6.4,4.1,Normal
Stressed,Heavy,5.7,Tired,None,No,9.8,1.8,High
Okay,Moderate,6.5,Tired,Social,Yes,4.1,4.7,Normal
Great,Light,9.4,Very Energized,Social,Yes,3.6,9.0,Very Low
Okay,Light,7.2,Energized,Moderate,Yes,3.3,6.8,Very Low
Low Mood,Moderate,6.0,Tired,Moderate,Yes,5.1,5.9,Normal
Good,Heavy,7.0,Tired,Moderate,Yes,4.0,5.1,Low
Okay,Light,7.9,Energized,Moderate,Yes,4.9,5.7,Low
Stressed,Very Heavy,7.0,Okay,None,Yes,8.2,4.1,Normal
Good,Light,8.2,Very Energized,Moderate,Yes,4.3,8.8,Very Low
Good,Moderate,6.7,Tired,Moderate,Yes,5.1,4.3,Normal
Okay,Light,8.0,Very Energized,Very Social,No,3.9,8.5,Very Low
Good,Light,8.9,Very Energized,Very Social,Yes,3.3,7.9,Very Low
Stressed,Very Heavy,6.4,Okay,Moderate,No,6.8,5.0,High
Good,Very Light,8.6,Energized,Very Social,Yes,3.0,8.9,Very Low
Great,Very Light,9.6,Energized,Social,Yes,2.9,9.9,Very Low
Great,Moderate,7.8,Energized,Social,No,4.9,4.5,Low
Low Mood,Moderate,6.4,Okay,Moderate,No,3.4,4.4,Normal
Low Mood,Moderate,6.3,Tired,Minimal,Yes,5.6,7.7,Normal
Stressed,Heavy,4.6,Tired,None,No,9.9,2.3,High
Low Mood,Moderate,8.0,Energized,Social,Yes,4.3,4.3,Normal
Okay,Light,6.2,Tired,Minimal,Yes,3.1,5.8,Normal
Great,Very Light,7.8,Very Energized,Social,Yes,1.2,9.1,Very Low
Okay,Very Heavy,5.3,Tired,None,No,7.0,3.7,High
Low Mood,Moderate,7.9,Okay,Minimal,No,4.2,5.5,Normal
Low Mood,Moderate,6.5,Energized,Social,No,4.8,4.4,Normal
Low Mood,Heavy,6.3,Tired,Minimal,Yes,3.4,7.6,Normal
Stressed,Very Heavy,4.2,Exhausted,None,No,7.2,2.7,Very High
Good,Heavy,7.2,Tired,Moderate,No,3.9,6.6,Normal
Low Mood,Moderate,7.7,Okay,Social,Yes,3.2,7.6,Normal
Okay,Moderate,7.0,Tired,Moderate,Yes,4.5,4.0,Normal
Okay,Heavy,7.3,Energized,Minimal,Yes,4.4,6.2,Normal
Great,Light,10.0,Energized,Very Social,Yes,2.5,8.2,Very Low
Good,Heavy,7.1,Energized,Social,No,3.4,4.1,Normal
Stressed,Heavy,5.3,Okay,None,Yes,6.4,2.7,High
Low Mood,Moderate,6.4,Okay,Moderate,Yes,3.1,6.0,Normal
Okay,Moderate,5.8,Tired,None,No,8.0,2.1,Normal
Stressed,Moderate,6.6,Tired,None,No,8.3,4.8,High
Stressed,Light,6.3,Energized,Social,Yes,3.5,4.3,Low
Good,Light,9.9,Energized,Social,No,2.0,10.4,Very Low
Low Mood,Moderate,6.2,Energized,Social,Yes,3.1,5.4,Low
Stressed,Very Heavy,5.3,Tired,Minimal,No,7.7,2.7,Very High
Low Mood,Very Heavy,6.5,Okay,Minimal,No,8.6,3.2,High
Okay,Very Light,7.3,Energized,Social,Yes,4.2,7.0,Low
Low Mood,Very Heavy,5.0,Exhausted,Minimal,No,8.7,2.1,Very High
Good,Light,8.1,Very Energized,Social,No,4.6,6.1,Very Low
Okay,Heavy,7.1,Tired,Social,Yes,5.8,8.0,Normal
Okay,Heavy,7.9,Okay,Social,No,3.4,6.5,Normal
Stressed,Very Heavy,6.6,Tired,Moderate,Yes,5.3,2.8,Normal
Low Mood,Heavy,5.5,Exhausted,None,No,8.8,1.8,Very High
Okay,Very Heavy,6.8,Exhausted,Moderate,Yes,5.2,4.9,High
Okay,Moderate,9.4,Okay,Very Social,No,2.0,5.2,Normal
Great,Light,9.2,Very Energized,Very Social,No,4.6,7.3,Very Low
Good,Very Light,9.1,Very Energized,Very Social,Yes,4.1,9.8,Very Low
Okay,Moderate,6.8,Tired,Social,No,5.7,5.0,Normal
Okay,Heavy,6.6,Okay,Moderate,Yes,7.6,3.7,Normal
Okay,Heavy,6.1,Energized,Moderate,No,5.1,5.3,Normal
Low Mood,Very Heavy,4.1,Exhausted,Minimal,No,7.2,3.7,Very High
Stressed,Moderate,5.8,Okay,Minimal,No,8.9,3.8,High
Low Mood,Heavy,7.1,Tired,Moderate,Yes,4.7,4.7,Normal
Good,Heavy,6.6,Tired,Moderate,No,5.2,5.8,Normal
Stressed,Heavy,6.3,Tired,Moderate,No,7.9,4.2,High
Great,Light,9.2,Energized,Social,Yes,4.9,7.3,Very Low
Good,Light,6.6,Okay,Moderate,Yes,3.3,4.5,Low
Low Mood,Very Heavy,6.3,Tired,Minimal,No,7.2,4.0,High
Okay,Heavy,6.4,Okay,Moderate,No,5.1,4.5,Normal
Good,Moderate,7.4,Very Energized,Very Social,Yes,3.4,7.7,Very Low
Great,Light,7.9,Okay,Very Social,Yes,3.7,8.3,Very Low
Okay,Moderate,7.7,Energized,Very Social,Yes,4.4,6.4,Low
Low Mood,Heavy,7.6,Energized,Social,No,5.4,6.7,Normal
Okay,Moderate,7.2,Okay,Moderate,Yes,4.6,5.1,Low
Okay,Heavy,6.3,Okay,Minimal,Yes,4.7,7.2,Normal
Low Mood,Heavy,5.3,Tired,None,No,6.1,3.7,High
Good,Heavy,6.6,Okay,Social,No,4.1,6.8,Normal
Great,Very Light,8.1,Energized,Moderate,Yes,5.0,8.9,Very Low
Great,Light,7.1,Energized,Very Social,No,4.7,9.9,Very Low
Good,Light,8.5,Very Energized,Very Social,Yes,3.5,8.9,Very Low
Okay,Moderate,7.6,Tired,Social,No,5.6,7.9,Normal
Low Mood,Moderate,6.6,Okay,Moderate,No,6.5,5.1,Normal
Low Mood,Moderate,6.4,Energized,Social,Yes,4.1,6.1,Normal
Okay,Very Light,9.2,Very Energized,Very Social,Yes,2.5,5.2,Very Low
Okay,Heavy,5.2,Okay,Moderate,No,6.3,2.6,Normal
Good,Moderate,7.1,Energized,Social,No,6.0,7.6,Low
Okay,Heavy,6.3,Tired,None,No,7.0,4.4,Normal
Stressed,Moderate,5.3,Exhausted,Minimal,No,8.3,5.5,High
Low Mood,Moderate,5.2,Tired,None,No,7.0,4.1,Normal
Great,Light,7.9,Very Energized,Very Social,Yes,3.3,10.9,Very Low
Stressed,Very Heavy,5.8,Tired,None,No,8.4,2.3,High
Okay,Very Light,8.9,Energized,Social,No,2.7,5.2,Low
Okay,Heavy,6.4,Okay,None,Yes,7.5,4.0,Normal
Good,Light,9.5,Energized,Very Social,No,3.8,7.5,Low
Good,Heavy,6.7,Tired,Moderate,No,5.5,6.7,Normal
Stressed,Moderate,5.6,Tired,Minimal,No,7.7,3.7,High
Stressed,Moderate,6.7,Tired,Minimal,No,7.5,4.9,Normal
Low Mood,Very Heavy,6.3,Okay,Minimal,Yes,5.0,5.8,Normal
Great,Moderate,9.8,Very Energized,Very Social,Yes,2.3,11.4,Very Low
Low Mood,Very Heavy,6.9,Okay,Moderate,No,6.3,5.6,High
Stressed,Heavy,5.6,Tired,None,Yes,8.3,4.6,High
Okay,Heavy,8.2,Tired,Social,Yes,4.3,4.5,Normal
Okay,Light,8.1,Energized,Minimal,Yes,5.3,4.8,Low
Great,Light,8.5,Okay,Very Social,No,3.5,7.7,Low
Okay,Very Light,8.1,Okay,Very Social,Yes,2.4,7.2,Very Low
Great,Light,9.4,Energized,Very Social,No,4.8,7.1,Very Low
Great,Very Light,9.0,Energized,Social,No,1.4,11.4,Very Low
Great,Very Light,8.4,Energized,Social,Yes,3.6,8.8,Very Low
Okay,Light,7.1,Tired,Moderate,Yes,5.5,7.9,Low
Okay,Moderate,8.0,Tired,Moderate,No,4.5,5.8,Normal
Okay,Heavy,7.1,Energized,Social,No,3.8,6.8,Normal
Okay,Moderate,7.2,Energized,Very Social,No,3.9,9.6,Low
Stressed,Heavy,5.1,Tired,Minimal,No,8.6,3.2,High
Stressed,Heavy,4.3,Tired,Minimal,No,9.5,2.0,High
Low Mood,Light,6.6,Okay,Moderate,No,5.4,6.2,Normal
Low Mood,Light,8.2,Energized,Social,Yes,3.7,7.7,Low
Great,Moderate,7.8,Okay,Very Social,No,2.6,9.5,Very Low
Low Mood,Very Heavy,6.5,Tired,Moderate,Yes,7.5,4.6,High
Okay,Light,7.7,Energized,Social,No,2.7,11.6,Low
Okay,Heavy,7.9,Tired,Minimal,Yes,5.7,6.7,Normal
Great,Very Light,9.6,Energized,Very Social,Yes,2.6,8.6,Very Low
Stressed,Very Heavy,4.8,Exhausted,None,Yes,9.2,2.3,Very High
Okay,Moderate,7.9,Energized,Social,No,5.5,6.3,Low
Stressed,Heavy,5.2,Exhausted,None,No,9.1,3.5,Very High
Good,Heavy,7.6,Energized,Social,Yes,4.0,7.1,Low
Great,Light,7.2,Very Energized,Social,Yes,5.0,6.1,Very Low
Okay,Moderate,7.0,Okay,Moderate,Yes,6.9,5.7,Normal
Good,Very Light,9.2,Energized,Very Social,Yes,1.0,8.1,Very Low
Okay,Moderate,7.2,Okay,Very Social,Yes,2.8,8.7,Low
Okay,Very Light,7.3,Okay,Social,Yes,4.4,8.4,Low
Great,Very Light,8.3,Okay,Social,No,2.6,9.7,Very Low
Okay,Moderate,9.4,Very Energized,Social,No,3.4,8.2,Low
Great,Moderate,8.3,Very Energized,Moderate,Yes,4.9,7.9,Very Low
Great,Moderate,8.1,Energized,Minimal,Yes,5.9,5.9,Low
Great,Very Light,9.2,Okay,Moderate,Yes,4.6,6.3,Very Low
Great,Light,7.4,Okay,Very Social,Yes,2.1,7.2,Very Low
Stressed,Light,7.9,Okay,Moderate,Yes,3.2,4.2,Normal
Okay,Heavy,7.9,Tired,Minimal,Yes,4.8,5.8,Normal
Stressed,Very Heavy,5.6,Tired,None,No,8.3,1.5,High
Good,Light,7.4,Tired,Moderate,Yes,4.2,5.2,Low
Good,Light,7.2,Very Energized,Social,Yes,2.0,6.2,Very Low
Good,Light,7.9,Very Energized,Social,Yes,4.9,7.0,Very Low
Good,Very Light,9.5,Energized,Social,Yes,3.9,7.9,Low
Okay,Light,9.0,Energized,Moderate,Yes,4.5,9.2,Low
Okay,Heavy,8.4,Very Energized,Social,Yes,4.1,5.2,Low
Low Mood,Moderate,5.5,Okay,Minimal,No,5.0,3.9,Normal
Good,Very Light,9.3,Very Energized,Moderate,Yes,3.2,9.4,Very Low
Okay,Moderate,7.3,Tired,Moderate,No,4.3,5.5,Normal
Good,Moderate,9.0,Very Energized,Moderate,No,4.5,5.7,Low
Good,Very Light,9.4,Energized,Very Social,Yes,2.6,8.6,Very Low
Good,Moderate,6.5,Okay,Moderate,Yes,5.3,7.0,Low
Okay,Moderate,6.3,Tired,Social,Yes,3.9,7.6,Normal
Okay,Heavy,8.3,Okay,Moderate,No,5.3,7.0,Normal
Low Mood,Heavy,5.6,Okay,Minimal,No,5.1,5.6,High
Okay,Light,8.3,Tired,Social,No,3.4,4.6,Normal
Good,Light,7.1,Okay,Very Social,No,3.4,5.5,Low
Stressed,Moderate,7.4,Okay,Moderate,No,5.2,6.3,Normal
Great,Moderate,9.0,Okay,Moderate,Yes,2.5,5.8,Low
Great,Very Light,8.9,Very Energized,Very Social,Yes,3.9,7.9,Very Low
Good,Light,7.7,Very Energized,Social,Yes,3.4,7.6,Very Low
Low Mood,Heavy,5.0,Tired,None,Yes,6.1,2.7,High
Great,Light,7.7,Very Energized,Very Social,Yes,2.9,6.0,Very Low
Okay,Light,7.6,Energized,Very Social,Yes,2.1,9.8,Very Low
Good,Very Light,9.5,Very Energized,Social,Yes,2.5,8.8,Very Low
Great,Moderate,8.7,Okay,Social,No,3.6,5.6,Low
Okay,Moderate,7.7,Okay,Moderate,No,4.8,5.2,Normal
Good,Moderate,9.3,Energized,Social,Yes,2.5,9.9,Very Low
Low Mood,Very Heavy,5.4,Tired,None,No,8.1,3.9,Very High
Okay,Moderate,5.8,Okay,Moderate,No,8.3,5.4,High
Stressed,Very Heavy,6.8,Exhausted,Moderate,No,7.0,3.5,Very High
Good,Heavy,7.6,Energized,Moderate,No,5.5,5.6,Low
Okay,Very Light,8.6,Very Energized,Very Social,Yes,3.5,10.4,Very Low
Good,Very Light,8.6,Energized,Social,Yes,2.5,8.8,Very Low
Stressed,Heavy,4.7,Exhausted,None,Yes,8.1,3.3,Very High
Great,Very Light,9.9,Very Energized,Very Social,Yes,2.2,8.5,Very Low
Stressed,Heavy,6.8,Exhausted,None,No,8.4,5.6,High
Good,Very Light,7.9,Very Energized,Very Social,Yes,3.6,10.9,Very Low
Stressed,Heavy,5.9,Exhausted,Minimal,No,8.7,1.1,High
Low Mood,Heavy,5.1,Tired,Minimal,Yes,5.6,2.3,Normal
Good,Very Light,9.0,Energized,Social,Yes,1.4,7.0,Very Low
Stressed,Very Heavy,4.8,Tired,Minimal,No,7.0,3.4,High
Low Mood,Moderate,7.9,Tired,Minimal,No,4.8,6.0,Normal
Good,Very Light,8.7,Energized,Social,Yes,2.4,7.3,Very Low
Okay,Light,7.0,Very Energized,Social,Yes,4.5,6.4,Low
Okay,Very Light,9.3,Energized,Social,Yes,2.6,8.4,Low
Good,Heavy,6.4,Okay,Minimal,Yes,3.7,6.2,Normal
Stressed,Very Heavy,5.3,Exhausted,None,No,8.7,2.1,Very High
Okay,Moderate,7.6,Tired,Minimal,Yes,4.8,4.2,Normal
Great,Very Light,9.0,Very Energized,Social,Yes,1.3,11.4,Very Low
Okay,Light,6.6,Okay,Minimal,Yes,5.2,5.8,Normal
Okay,Light,9.2,Energized,Very Social,Yes,2.4,8.1,Low
Great,Very Light,9.7,Energized,Social,No,3.0,8.3,Very Low
Stressed,Moderate,6.3,Okay,Moderate,No,8.2,3.7,High
Good,Light,8.7,Very Energized,Social,Yes,2.2,8.2,Very Low
Stressed,Heavy,6.9,Exhausted,None,Yes,7.3,5.1,High
Stressed,Heavy,5.9,Exhausted,Minimal,No,7.7,2.1,Very High
Low Mood,Very Heavy,4.4,Exhausted,None,Yes,7.8,1.7,High
Okay,Heavy,7.0,Tired,Moderate,No,5.1,7.8,Normal
Okay,Very Light,7.2,Very Energized,Moderate,No,3.4,8.4,Low
Great,Very Light,7.0,Energized,Social,Yes,3.7,8.8,Very Low
Good,Heavy,7.0,Tired,Moderate,No,5.8,4.1,Normal
Low Mood,Moderate,7.0,Okay,Social,No,4.3,7.9,Normal
Great,Light,7.6,Energized,Very Social,No,1.4,11.3,Very Low
Stressed,Very Heavy,6.3,Tired,Minimal,No,5.8,3.8,High
Good,Very Light,8.1,Very Energized,Very Social,Yes,3.2,7.1,Very Low
Low Mood,Light,7.9,Okay,Minimal,No,4.6,4.1,Normal
Okay,Light,8.0,Very Energized,Moderate,Yes,3.9,9.4,Very Low
Great,Very Light,8.6,Very Energized,Social,Yes,3.0,11.8,Very Low
Okay,Very Light,9.0,Very Energized,Very Social,Yes,3.3,6.7,Very Low
Okay,Light,7.1,Okay,Moderate,Yes,3.4,7.7,Low
Good,Heavy,8.3,Tired,Minimal,Yes,4.4,4.1,Normal
Low Mood,Moderate,6.5,Okay,Social,No,3.7,4.4,High
Good,Moderate,7.1,Energized,Moderate,Yes,3.8,8.3,Very Low
Stressed,Very Heavy,4.4,Exhausted,None,No,9.2,3.9,Very High
Stressed,Moderate,5.1,Tired,None,No,8.6,4.2,High
Great,Moderate,9.1,Energized,Very Social,Yes,4.9,8.8,Very Low
Good,Light,7.7,Energized,Minimal,Yes,4.5,5.3,Very Low
Good,Moderate,7.5,Energized,Social,Yes,2.6,9.4,Very Low
Great,Very Light,7.5,Energized,Moderate,No,2.3,6.9,Very Low
Great,Very Light,8.8,Energized,Moderate,Yes,3.6,9.0,Very Low
Great,Very Light,9.2,Okay,Social,Yes,2.1,8.2,Very Low
Okay,Very Heavy,6.9,Exhausted,Minimal,Yes,5.1,4.5,Normal
Okay,Light,9.9,Very Energized,Social,No,1.6,8.6,Low
Okay,Moderate,8.6,Energized,Moderate,Yes,2.4,9.0,Low
Great,Very Light,7.9,Okay,Moderate,No,2.7,9.1,Very Low
Great,Light,8.5,Energized,Very Social,No,2.8,7.9,Very Low
Good,Heavy,7.2,Tired,Moderate,No,4.8,4.2,Normal
Low Mood,Light,6.4,Tired,Minimal,Yes,3.4,4.3,Normal
Stressed,Heavy,4.8,Tired,Minimal,Yes,8.1,1.2,High
Low Mood,Light,6.2,Energized,Minimal,No,4.9,5.2,Low
Okay,Light,8.0,Energized,Social,Yes,5.5,5.1,Low
Stressed,Heavy,4.7,Tired,Minimal,No,8.0,3.3,High
Good,Light,9.8,Very Energized,Social,Yes,2.7,8.6,Very Low
Good,Moderate,8.6,Very Energized,Moderate,No,3.2,7.8,Very Low
Good,Light,7.8,Energized,Very Social,Yes,2.8,7.9,Very Low
Okay,Light,8.3,Very Energized,Social,Yes,2.0,5.6,Low
Okay,Heavy,7.8,Okay,Moderate,No,3.7,4.0,Normal
Good,Heavy,7.8,Energized,Social,No,5.0,5.8,Low
Low Mood,Moderate,7.9,Tired,Social,Yes,5.5,7.3,Normal
Good,Very Light,9.0,Energized,Social,Yes,1.4,9.1,Very Low
Stressed,Very Heavy,6.2,Exhausted,None,No,7.8,4.9,Very High
Okay,Heavy,6.2,Tired,Minimal,Yes,4.0,6.6,Normal
Stressed,Very Heavy,5.8,Tired,None,No,7.7,2.7,Very High
Okay,Heavy,7.0,Energized,Moderate,Yes,5.7,5.8,Normal
Low Mood,Moderate,7.9,Okay,Moderate,No,3.9,7.7,Normal
Low Mood,Light,6.8,Tired,Minimal,No,3.5,5.8,Normal
Okay,Moderate,6.2,Energized,Moderate,Yes,4.5,4.6,Low
Stressed,Very Heavy,5.4,Okay,Minimal,No,6.5,5.1,High
Great,Moderate,7.2,Energized,Social,No,2.7,7.2,Very Low
Okay,Heavy,6.2,Tired,Moderate,Yes,5.4,5.5,High
Low Mood,Heavy,6.1,Okay,Moderate,Yes,4.4,5.3,Normal
Good,Very Light,8.0,Okay,Very Social,Yes,3.1,6.3,Very Low
Stressed,Moderate,5.3,Okay,Minimal,No,5.4,4.4,Normal
Okay,Moderate,6.2,Okay,Moderate,Yes,7.7,4.2,Normal
Great,Very Light,9.2,Energized,Very Social,Yes,1.5,7.2,Very Low
Good,Light,6.5,Okay,Social,Yes,3.6,4.7,Very Low
Low Mood,Moderate,6.9,Tired,None,No,6.7,5.5,Normal
Great,Very Light,7.5,Very Energized,Social,Yes,3.0,7.4,Very Low
Good,Light,9.2,Very Energized,Social,Yes,2.9,9.1,Very Low
Low Mood,Light,7.9,Tired,Social,No,4.2,7.3,Normal
Okay,Light,7.2,Tired,Social,Yes,4.1,5.0,Normal
Good,Heavy,7.5,Okay,Social,No,3.1,6.7,Normal
Great,Very Light,7.7,Very Energized,Very Social,No,1.1,11.2,Very Low
Great,Moderate,8.5,Energized,Moderate,Yes,2.1,5.8,Very Low
Low Mood,Very Heavy,5.3,Exhausted,Minimal,No,9.5,1.1,Very High
Good,Heavy,6.9,Energized,Moderate,No,4.8,5.0,Low
Low Mood,Heavy,6.6,Okay,Moderate,Yes,5.2,4.9,Normal
Great,Light,9.1,Very Energized,Social,Yes,1.8,9.4,Very Low
Great,Very Light,9.7,Very Energized,Social,Yes,2.1,9.3,Very Low
Stressed,Moderate,6.3,Exhausted,Moderate,No,5.6,3.6,High
Great,Light,7.1,Energized,Social,Yes,5.0,6.7,Very Low
Great,Very Light,8.5,Energized,Moderate,Yes,4.0,9.6,Very Low
Good,Heavy,7.6,Energized,Moderate,No,4.1,7.4,Low
Good,Moderate,8.3,Energized,Social,Yes,5.8,6.2,Very Low
Low Mood,Heavy,4.1,Tired,Minimal,No,8.0,3.6,High
Okay,Moderate,8.2,Okay,Very Social,No,4.8,5.3,Normal
Good,Light,9.2,Okay,Social,Yes,3.4,5.7,Very Low
Low Mood,Very Heavy,4.3,Exhausted,Minimal,No,8.4,1.1,Very High
Stressed,Very Heavy,5.7,Tired,None,No,7.6,3.8,High
Good,Light,8.0,Very Energized,Moderate,Yes,4.2,6.4,Very Low
Okay,Heavy,6.7,Tired,Moderate,No,3.1,5.2,High
Stressed,Heavy,5.4,Tired,Moderate,No,7.6,4.5,High
Okay,Light,8.3,Energized,Moderate,No,3.7,7.3,Low
Okay,Moderate,8.3,Energized,Very Social,Yes,2.6,9.3,Low
Okay,Heavy,5.9,Tired,None,No,6.9,2.2,High
Good,Moderate,8.3,Okay,Moderate,Yes,3.3,7.9,Low
Low Mood,Light,7.2,Okay,Social,Yes,4.7,7.6,Normal
Okay,Heavy,7.3,Okay,Moderate,Yes,5.0,5.2,Normal
Low Mood,Very Heavy,4.8,Exhausted,Minimal,No,7.8,3.1,High
Okay,Moderate,5.6,Tired,Moderate,Yes,6.4,2.7,Normal
Okay,Moderate,8.5,Okay,Minimal,No,5.3,6.8,Low
Good,Heavy,5.0,Tired,None,Yes,6.4,3.5,Normal
Okay,Light,6.8,Energized,Social,Yes,5.2,6.1,Very Low
Great,Light,9.3,Okay,Very Social,Yes,4.6,9.4,Very Low
Okay,Very Heavy,5.6,Okay,Moderate,No,7.0,5.0,High
Okay,Moderate,7.3,Very Energized,Social,No,2.8,8.6,Low
Great,Very Light,7.8,Okay,Very Social,Yes,4.3,8.2,Very Low
Okay,Moderate,6.7,Tired,Social,Yes,3.3,6.7,Normal
Great,Light,9.4,Energized,Social,Yes,1.8,7.4,Very Low
Low Mood,Heavy,7.4,Okay,Moderate,Yes,3.2,5.9,Normal
Low Mood,Very Heavy,6.0,Exhausted,Minimal,No,8.4,2.0,High
Stressed,Very Heavy,4.8,Tired,Minimal,No,8.5,2.7,Very High
Good,Heavy,8.4,Tired,Social,Yes,3.3,5.3,Normal
Low Mood,Heavy,5.5,Exhausted,None,No,8.1,5.3,High
Okay,Very Heavy,6.0,Okay,Minimal,No,8.2,2.6,High
Good,Heavy,6.8,Tired,Social,No,4.9,5.8,Normal
Okay,Very Heavy,6.8,Tired,None,Yes,5.9,2.8,High
Stressed,Moderate,6.7,Okay,None,No,5.5,3.2,Normal
Stressed,Very Heavy,4.8,Exhausted,None,No,7.4,2.8,Very High
Stressed,Very Heavy,5.1,Tired,Minimal,No,7.1,1.4,High
Great,Light,7.5,Okay,Moderate,No,4.9,8.4,Low
Low Mood,Very Heavy,6.6,Tired,Moderate,Yes,5.6,2.6,High
Okay,Very Light,8.7,Okay,Social,Yes,3.7,8.8,Very Low
Okay,Heavy,7.8,Okay,Minimal,Yes,4.7,4.1,Normal
Good,Heavy,6.4,Okay,Social,Yes,5.4,7.1,Normal
Low Mood,Very Heavy,4.5,Tired,Minimal,No,8.4,3.7,High
Low Mood,Moderate,6.0,Exhausted,Minimal,Yes,5.5,3.6,Normal
Low Mood,Very Heavy,4.8,Tired,Minimal,No,9.7,1.4,High
Great,Very Light,9.9,Very Energized,Very Social,Yes,3.6,10.9,Very Low
Okay,Heavy,7.7,Tired,Social,Yes,4.2,6.1,Normal
Okay,Light,8.9,Very Energized,Very Social,Yes,3.1,7.8,Low
Low Mood,Heavy,7.7,Okay,Moderate,No,5.3,4.0,Normal
Stressed,Heavy,5.7,Okay,Moderate,No,8.4,2.4,High
Low Mood,Light,6.5,Tired,Social,Yes,4.9,7.3,Normal
Okay,Light,8.0,Very Energized,Moderate,No,3.1,7.9,Low
Great,Moderate,7.9,Okay,Moderate,Yes,2.0,8.8,Low
Good,Moderate,8.8,Okay,Very Social,No,4.7,8.4,Low
Good,Light,8.0,Very Energized,Social,No,2.1,7.7,Very Low
Great,Light,8.0,Energized,Very Social,Yes,2.5,7.5,Very Low
Stressed,Very Heavy,6.5,Okay,None,Yes,6.3,3.4,High
Good,Light,8.1,Okay,Very Social,No,4.7,9.6,Low
Good,Very Light,8.7,Very Energized,Social,Yes,4.3,6.8,Very Low
Good,Light,9.7,Energized,Very Social,No,1.3,9.4,Very Low
Good,Heavy,8.3,Okay,Social,No,5.1,5.9,Normal
Stressed,Heavy,6.4,Exhausted,Moderate,No,6.8,5.8,High
Okay,Moderate,9.0,Energized,Social,Yes,2.0,7.5,Low
Good,Light,7.2,Tired,Minimal,No,4.6,4.9,Low
Good,Light,9.2,Energized,Social,Yes,4.1,8.5,Very Low
Stressed,Very Heavy,6.4,Exhausted,Minimal,No,6.4,5.6,Very High
Okay,Light,8.9,Okay,Very Social,Yes,3.2,8.7,Very Low
Stressed,Light,6.6,Okay,Minimal,Yes,4.7,7.7,Normal
Low Mood,Very Heavy,6.7,Exhausted,Minimal,No,8.2,4.7,High
Okay,Heavy,5.2,Okay,Moderate,No,7.5,4.1,Normal
Okay,Light,7.3,Okay,Moderate,Yes,4.0,5.8,Low
Great,Light,7.2,Very Energized,Very Social,Yes,3.0,6.6,Very Low
Good,Very Light,8.2,Very Energized,Very Social,No,1.7,11.0,Very Low
Low Mood,Very Heavy,6.0,Tired,Moderate,No,7.7,5.3,High
Low Mood,Moderate,8.2,Tired,Minimal,Yes,5.8,6.3,Normal
Great,Light,9.9,Very Energized,Social,Yes,1.8,9.6,Very Low
Good,Very Light,9.2,Energized,Social,Yes,3.8,7.6,Very Low
Okay,Very Heavy,6.2,Tired,Moderate,No,8.5,3.7,High
Stressed,Heavy,4.9,Tired,Minimal,No,8.9,3.4,Very High
Okay,Moderate,5.8,Okay,Minimal,Yes,7.1,5.7,Normal
Stressed,Heavy,6.8,Tired,None,Yes,6.2,4.5,High
Great,Very Light,8.6,Energized,Very Social,Yes,2.2,7.7,Very Low
Great,Very Light,9.5,Very Energized,Social,Yes,3.8,7.6,Very Low
Good,Very Light,7.3,Energized,Moderate,No,2.4,7.9,Very Low
Great,Very Light,9.6,Very Energized,Very Social,Yes,4.0,9.5,Very Low
Okay,Very Heavy,5.7,Exhausted,Minimal,No,8.3,5.8,High
Stressed,Heavy,4.3,Tired,Minimal,No,7.3,1.8,High
Stressed,Very Heavy,5.6,Tired,Minimal,No,5.3,4.9,High
Good,Very Light,8.3,Energized,Very Social,No,2.7,11.8,Very Low
Stressed,Heavy,6.9,Exhausted,Moderate,No,7.1,3.6,High
Low Mood,Heavy,7.8,Tired,Minimal,No,4.4,5.8,Normal
Great,Light,9.2,Energized,Social,Yes,4.4,6.3,Very Low
Good,Heavy,7.1,Tired,Social,Yes,4.9,5.1,Normal
Good,Light,7.5,Okay,Moderate,No,3.3,6.7,Low
Stressed,Very Heavy,4.5,Exhausted,Minimal,No,7.8,3.1,Very High
Good,Light,7.1,Okay,Social,No,2.1,8.2,Low
Stressed,Moderate,6.0,Okay,Minimal,No,7.7,2.9,High
Good,Moderate,6.9,Okay,Moderate,No,3.8,4.8,Low
Great,Heavy,8.9,Okay,Moderate,No,2.9,6.9,Low
Stressed,Heavy,4.8,Exhausted,Minimal,No,8.7,3.2,Very High
Low Mood,Light,7.6,Tired,Minimal,Yes,5.0,4.2,Normal
Low Mood,Moderate,7.1,Tired,Minimal,Yes,3.1,4.3,Normal
Good,Light,6.8,Energized,Social,Yes,5.5,4.3,Very Low
Low Mood,Very Heavy,4.0,Exhausted,None,No,7.9,3.8,Very High
Low Mood,Heavy,7.0,Energized,Moderate,Yes,3.7,6.2,Normal
Okay,Moderate,8.2,Tired,Moderate,Yes,3.4,7.7,Normal
Low Mood,Very Heavy,5.3,Exhausted,Minimal,No,7.2,2.5,High
Good,Moderate,7.9,Energized,Social,No,4.9,4.5,Low
Good,Light,7.3,Energized,Moderate,No,2.2,7.3,Low
Low Mood,Moderate,8.3,Tired,Social,No,5.6,5.5,Normal
Great,Moderate,8.3,Very Energized,Social,Yes,2.7,5.0,Very Low
Good,Very Light,9.9,Very Energized,Very Social,No,1.3,11.8,Very Low
Low Mood,Moderate,6.6,Tired,Social,Yes,3.1,5.8,Normal
Low Mood,Heavy,5.7,Tired,Minimal,Yes,8.0,2.3,High
Okay,Light,6.5,Tired,Moderate,Yes,4.2,5.3,Normal
Low Mood,Very Heavy,5.1,Tired,Minimal,No,8.0,5.6,High
Stressed,Moderate,6.1,Tired,Moderate,No,8.2,4.7,High
Great,Very Light,7.9,Energized,Social,Yes,3.0,5.8,Very Low
Great,Light,8.9,Very Energized,Very Social,Yes,1.0,8.2,Very Low
Low Mood,Heavy,6.0,Okay,None,No,7.6,5.0,Normal
Low Mood,Heavy,6.6,Tired,Moderate,Yes,5.3,3.5,Normal
Low Mood,Moderate,6.8,Exhausted,Minimal,No,6.6,2.6,Normal
Okay,Moderate,5.9,Tired,None,Yes,5.3,3.9,Normal
Stressed,Moderate,5.1,Tired,Moderate,No,8.5,5.5,High
Okay,Light,8.5,Tired,Moderate,Yes,3.4,4.6,Normal
Stressed,Light,6.1,Tired,Social,No,3.7,5.6,Normal
Low Mood,Moderate,5.6,Okay,None,No,5.2,5.8,Normal
Okay,Very Heavy,5.6,Exhausted,None,No,6.1,4.2,High
Stressed,Very Heavy,4.1,Tired,None,No,9.7,3.8,Very High
Stressed,Very Heavy,4.9,Exhausted,Minimal,No,9.7,2.0,Very High
Okay,Heavy,6.7,Exhausted,None,Yes,6.8,5.8,Normal
Great,Moderate,7.8,Okay,Very Social,No,3.0,6.7,Low
Low Mood,Heavy,5.9,Exhausted,None,No,9.9,3.2,High
Stressed,Heavy,5.5,Tired,None,No,8.0,2.3,Very High
Okay,Moderate,7.1,Okay,Moderate,No,3.7,5.4,Normal
Good,Light,8.8,Very Energized,Social,Yes,3.4,7.3,Very Low
Good,Moderate,8.0,Okay,Social,Yes,4.9,5.2,Low
Stressed,Heavy,4.3,Tired,Minimal,No,9.5,3.1,High
Great,Very Light,7.5,Okay,Very Social,Yes,4.3,7.1,Very Low
Stressed,Very Heavy,5.1,Tired,None,Yes,7.3,3.0,High
Good,Moderate,7.1,Very Energized,Moderate,Yes,4.4,6.8,Low
Low Mood,Very Heavy,6.3,Tired,Minimal,Yes,8.6,5.2,High
Low Mood,Heavy,5.8,Exhausted,None,No,9.5,2.9,Very High
Good,Very Light,9.4,Energized,Very Social,No,2.7,5.3,Very Low
Great,Very Light,7.9,Energized,Social,Yes,3.6,9.7,Very Low
Low Mood,Moderate,8.5,Energized,Moderate,Yes,3.4,7.0,Normal
Okay,Moderate,7.7,Tired,Moderate,Yes,4.8,4.2,Low
Great,Light,9.5,Energized,Social,Yes,2.1,8.2,Very Low
Great,Very Light,9.4,Very Energized,Social,No,2.7,5.4,Very Low
Stressed,Heavy,6.4,Exhausted,Minimal,No,6.1,2.8,High
Okay,Moderate,7.1,Okay,Very Social,No,4.9,7.5,Normal
Okay,Moderate,6.1,Okay,Moderate,Yes,6.6,5.2,Low
Good,Very Light,9.3,Okay,Moderate,Yes,2.3,6.3,Low
Good,Heavy,7.3,Energized,Social,Yes,5.0,7.1,Low
Stressed,Moderate,5.4,Okay,Moderate,Yes,8.4,4.5,Normal
Okay,Heavy,6.6,Okay,Social,No,3.6,6.8,Normal
Good,Moderate,6.4,Okay,Social,Yes,5.6,6.9,Low
Stressed,Very Heavy,6.6,Exhausted,None,No,7.8,5.4,Very High
Low Mood,Moderate,4.3,Tired,None,No,8.5,3.2,High
Okay,Very Heavy,6.8,Tired,None,No,7.5,4.3,High
Low Mood,Moderate,8.2,Tired,Minimal,No,5.5,5.4,Normal
Stressed,Heavy,5.5,Tired,Minimal,No,9.3,2.6,High
Good,Light,9.1,Very Energized,Very Social,No,4.1,9.1,Very Low
Low Mood,Light,7.5,Okay,Social,Yes,4.9,6.8,Low
Stressed,Very Heavy,4.1,Tired,Minimal,No,8.9,1.0,High
Stressed,Heavy,5.6,Tired,Minimal,Yes,7.1,3.1,High
Stressed,Heavy,6.9,Tired,Moderate,Yes,7.9,2.2,High
Stressed,Heavy,4.9,Exhausted,None,No,7.9,2.1,Very High
Low Mood,Heavy,5.1,Exhausted,Minimal,No,7.8,1.3,High
Great,Moderate,7.5,Very Energized,Moderate,Yes,2.2,5.7,Very Low
Okay,Light,8.8,Very Energized,Moderate,No,3.3,9.5,Low
Okay,Light,8.1,Very Energized,Very Social,Yes,2.6,9.8,Very Low
Good,Light,8.0,Energized,Very Social,Yes,1.7,8.2,Very Low
Low Mood,Moderate,8.0,Energized,Moderate,Yes,4.8,4.3,Low
Great,Moderate,7.4,Okay,Moderate,Yes,3.6,9.4,Very Low
Good,Light,6.5,Energized,Minimal,No,3.1,4.9,Low
Good,Very Light,7.5,Very Energized,Social,Yes,3.7,5.3,Very Low
Okay,Heavy,7.5,Okay,Moderate,Yes,4.6,4.8,Normal
Good,Moderate,8.3,Okay,Moderate,No,3.6,8.2,Normal
Low Mood,Heavy,5.3,Tired,Minimal,Yes,9.4,1.0,High
Low Mood,Heavy,5.6,Exhausted,None,No,7.7,3.3,High
Low Mood,Moderate,7.3,Okay,Social,No,3.6,4.0,Normal
Okay,Heavy,5.8,Exhausted,Moderate,Yes,7.4,3.1,Normal
Low Mood,Moderate,9.4,Very Energized,Very Social,Yes,3.7,5.9,Normal
Stressed,Very Heavy,5.3,Tired,None,No,8.7,2.9,Very High
Okay,Very Heavy,5.3,Exhausted,Moderate,No,7.0,4.1,High
Stressed,Very Heavy,6.1,Tired,Minimal,No,8.2,5.8,High
Low Mood,Heavy,6.2,Exhausted,Moderate,No,8.8,2.5,High
Stressed,Moderate,6.9,Exhausted,Minimal,No,6.5,3.0,High
Okay,Light,7.7,Energized,Very Social,Yes,2.6,7.0,Low
Good,Heavy,6.2,Okay,Social,No,5.6,7.0,Normal
Stressed,Heavy,4.6,Tired,Minimal,No,7.1,2.9,High
Stressed,Moderate,5.1,Exhausted,Minimal,Yes,6.2,3.1,High
Good,Moderate,9.4,Very Energized,Very Social,Yes,3.0,9.7,Very Low
Stressed,Moderate,6.8,Energized,Minimal,No,3.0,6.6,Normal
Great,Very Light,7.7,Energized,Social,Yes,2.3,7.7,Very Low
Great,Moderate,8.5,Energized,Very Social,Yes,4.9,7.1,Very Low
Good,Light,8.1,Energized,Very Social,Yes,4.0,9.4,Very Low
Good,Very Heavy,5.7,Tired,Moderate,No,7.7,4.0,High
Stressed,Very Heavy,5.4,Tired,Minimal,No,8.2,3.4,High
Stressed,Very Heavy,4.3,Exhausted,Minimal,No,9.4,2.9,Very High
Okay,Light,8.5,Energized,Social,Yes,2.6,8.2,Low
Okay,Moderate,7.2,Okay,Minimal,No,4.0,4.3,Normal
Good,Moderate,7.1,Okay,Social,No,3.4,6.2,Low
Low Mood,Light,6.6,Okay,Moderate,No,4.5,7.9,Normal
Low Mood,Heavy,7.6,Energized,Social,Yes,4.4,6.9,Normal
Great,Very Light,8.8,Very Energized,Social,Yes,2.3,11.1,Very Low
Low Mood,Heavy,7.7,Tired,Minimal,Yes,3.6,7.4,Normal
Good,Light,8.2,Tired,Social,Yes,4.4,7.0,Low
Okay,Very Light,8.3,Okay,Minimal,Yes,3.4,5.6,Low
Low Mood,Heavy,6.7,Okay,Social,No,4.4,7.3,Normal
Low Mood,Heavy,5.4,Exhausted,Minimal,No,7.7,5.5,High
Okay,Moderate,6.8,Tired,Minimal,Yes,4.6,4.0,Normal
Low Mood,Heavy,4.4,Exhausted,None,No,7.2,1.4,High
Low Mood,Very Heavy,6.1,Okay,Minimal,Yes,7.3,4.7,High
Okay,Moderate,7.5,Okay,Moderate,No,3.8,7.4,Normal
Okay,Heavy,7.1,Okay,Moderate,Yes,4.7,7.3,Normal
Great,Light,7.2,Okay,Moderate,No,2.2,8.4,Very Low
Stressed,Heavy,5.4,Okay,Minimal,Yes,8.5,2.2,High
Good,Light,6.8,Energized,Social,No,3.5,4.4,Low
Okay,Heavy,6.8,Okay,Moderate,No,5.5,2.8,Normal
Okay,Moderate,7.4,Tired,Social,Yes,3.3,7.6,Normal
Low Mood,Heavy,5.1,Exhausted,Minimal,No,8.9,2.7,High
Low Mood,Very Heavy,4.3,Exhausted,Minimal,No,7.3,1.2,Very High
Great,Very Light,8.0,Energized,Social,Yes,1.3,9.7,Very Low
Good,Light,9.5,Okay,Social,Yes,4.2,5.1,Low
Low Mood,Very Heavy,5.5,Exhausted,None,No,8.7,3.7,High
Stressed,Moderate,5.1,Tired,Moderate,Yes,6.4,3.3,Normal
Stressed,Heavy,5.2,Exhausted,None,No,8.9,2.0,Very High
Good,Very Light,8.8,Energized,Social,No,3.7,7.8,Very Low
Good,Very Light,8.0,Very Energized,Very Social,Yes,2.4,7.5,Very Low
Good,Light,7.2,Okay,Social,No,5.5,7.0,Low
Good,Moderate,7.7,Energized,Minimal,No,4.7,4.7,Low
Okay,Very Heavy,6.3,Exhausted,Moderate,No,5.1,5.8,High
Great,Light,8.9,Very Energized,Very Social,Yes,1.6,7.7,Very Low
Okay,Moderate,6.5,Exhausted,Moderate,Yes,7.3,3.5,Normal
Stressed,Very Heavy,4.0,Tired,Minimal,No,8.6,2.5,Very High
Okay,Very Heavy,5.0,Tired,Minimal,No,6.6,5.2,Normal
Okay,Very Light,9.1,Okay,Very Social,Yes,2.1,9.2,Very Low
Low Mood,Heavy,5.4,Exhausted,None,No,9.8,3.7,High
Good,Heavy,8.0,Okay,Social,No,5.6,7.2,Normal
Okay,Light,9.0,Okay,Very Social,No,4.3,6.3,Low
Good,Very Light,9.4,Energized,Very Social,No,3.6,9.2,Very Low
Good,Light,8.4,Energized,Moderate,No,3.2,4.9,Low
Okay,Very Heavy,5.3,Okay,None,No,8.0,5.3,High
Good,Heavy,7.3,Okay,Moderate,Yes,5.9,4.0,Low
Great,Light,9.0,Energized,Social,No,4.5,9.6,Low
Stressed,Heavy,5.3,Exhausted,Minimal,No,7.1,1.2,High
Good,Very Light,8.4,Okay,Very Social,Yes,4.6,8.4,Low
Good,Light,8.9,Very Energized,Very Social,No,3.5,9.7,Low
Low Mood,Heavy,8.4,Okay,Minimal,No,4.9,7.7,Normal
Great,Moderate,7.3,Very Energized,Very Social,Yes,4.5,9.1,Very Low
Low Mood,Light,6.7,Energized,Moderate,No,4.1,4.3,Low
Low Mood,Light,8.4,Tired,Moderate,Yes,3.8,5.3,Normal
Stressed,Moderate,6.5,Tired,Minimal,No,6.6,5.0,High
Good,Very Light,9.6,Very Energized,Very Social,Yes,3.3,10.0,Very Low
Stressed,Very Heavy,5.0,Tired,Minimal,No,7.5,1.5,High
Okay,Heavy,5.2,Exhausted,Moderate,No,6.7,2.7,High
Low Mood,Moderate,6.3,Okay,Moderate,Yes,4.5,7.7,Normal
Good,Heavy,7.5,Energized,Social,No,4.2,4.7,Low
Good,Light,8.5,Very Energized,Social,Yes,4.0,9.2,Very Low
Okay,Moderate,7.9,Okay,Moderate,Yes,3.8,7.4,Low
Low Mood,Moderate,7.6,Okay,Minimal,Yes,4.5,5.7,Normal
Great,Light,9.2,Very Energized,Very Social,Yes,1.2,7.2,Very Low
Good,Heavy,6.8,Energized,Minimal,No,3.6,5.8,Normal
Low Mood,Light,7.9,Okay,Minimal,Yes,5.5,4.7,Normal
Okay,Heavy,7.3,Okay,Social,Yes,4.4,6.4,Normal
Okay,Light,8.8,Okay,Moderate,Yes,2.0,9.2,Low
Low Mood,Moderate,5.8,Tired,None,Yes,5.6,5.8,Normal
Okay,Moderate,9.0,Very Energized,Moderate,Yes,4.6,6.4,Low
Okay,Light,8.3,Energized,Moderate,No,4.1,6.9,Low
Low Mood,Moderate,5.1,Tired,Moderate,No,8.3,2.7,High
Low Mood,Very Light,8.0,Energized,Very Social,Yes,4.5,7.8,Very Low
Good,Light,9.6,Energized,Social,Yes,3.4,7.5,Very Low
Okay,Light,8.1,Okay,Minimal,Yes,4.0,5.5,Low
Okay,Moderate,6.5,Energized,Minimal,No,3.0,5.3,Normal
Great,Very Light,9.0,Energized,Social,No,4.3,5.2,Very Low
Great,Very Light,8.4,Energized,Very Social,Yes,2.1,8.7,Very Low
Okay,Very Light,7.2,Energized,Social,Yes,2.1,6.2,Very Low
Okay,Heavy,6.8,Okay,Minimal,Yes,3.6,4.5,Normal
Low Mood,Light,6.1,Okay,None,Yes,8.7,4.5,Normal
Stressed,Very Heavy,5.0,Tired,Moderate,Yes,6.9,2.7,High
Good,Moderate,6.0,Okay,Moderate,No,5.6,5.1,Normal
Stressed,Very Heavy,5.5,Tired,Moderate,No,6.3,2.8,High
Great,Moderate,7.6,Energized,Very Social,No,4.0,6.3,Low
Great,Light,9.7,Very Energized,Social,Yes,1.1,7.7,Very Low
Good,Heavy,9.1,Energized,Very Social,No,4.5,6.4,Normal
Great,Light,7.9,Okay,Moderate,Yes,4.2,9.9,Very Low
Stressed,Very Heavy,5.8,Tired,None,No,9.0,2.3,Very High
Okay,Heavy,5.4,Exhausted,None,No,5.4,2.1,High
Stressed,Heavy,7.0,Tired,Moderate,Yes,7.2,2.6,High
Okay,Heavy,8.2,Energized,Social,Yes,3.7,7.2,Low
Great,Very Light,7.7,Energized,Social,Yes,3.3,11.8,Very Low
Okay,Very Heavy,5.9,Okay,Moderate,Yes,6.6,5.3,Normal
Low Mood,Very Heavy,6.9,Exhausted,None,Yes,5.9,3.7,High
Great,Very Light,8.2,Energized,Moderate,No,4.2,8.4,Very Low
Okay,Light,9.3,Energized,Very Social,Yes,5.0,5.4,Low
Good,Light,9.8,Energized,Very Social,Yes,1.1,9.6,Very Low
Low Mood,Light,8.3,Tired,Minimal,Yes,5.1,4.4,Normal
Okay,Light,6.1,Okay,Minimal,Yes,4.3,5.2,Normal
Great,Light,9.1,Very Energized,Social,Yes,3.2,11.8,Very Low
Low Mood,Light,8.1,Energized,Social,Yes,3.4,5.1,Low
Stressed,Very Heavy,4.7,Exhausted,Minimal,Yes,7.7,2.5,Very High
Great,Light,9.2,Very Energized,Very Social,No,3.2,8.5,Very Low
Good,Very Light,9.0,Energized,Social,Yes,2.7,8.1,Very Low
Okay,Heavy,5.8,Okay,None,No,7.7,5.1,Normal
Great,Very Light,8.8,Energized,Very Social,Yes,1.2,11.5,Very Low
Great,Heavy,6.7,Okay,Social,Yes,5.4,7.1,Low
Good,Very Light,9.7,Very Energized,Social,Yes,2.1,9.2,Very Low
Low Mood,Heavy,5.9,Tired,Minimal,No,9.0,3.8,Normal
Good,Very Light,9.8,Very Energized,Social,Yes,2.0,8.1,Very Low
Good,Light,8.1,Energized,Moderate,Yes,4.3,6.5,Low
Good,Moderate,8.1,Okay,Minimal,No,5.2,5.2,Normal
Good,Light,8.4,Okay,Very Social,No,4.1,9.3,Low
Good,Very Light,7.2,Energized,Very Social,Yes,2.3,6.1,Very Low
Stressed,Moderate,6.9,Tired,None,Yes,5.1,2.5,Normal
Stressed,Moderate,6.2,Tired,Minimal,No,8.9,5.2,High
Stressed,Moderate,6.2,Tired,Moderate,Yes,7.2,5.6,High
Good,Light,8.2,Energized,Social,Yes,2.9,10.2,Low
Good,Light,7.0,Okay,Minimal,Yes,5.0,6.0,Low
Okay,Heavy,6.6,Okay,Moderate,No,6.1,5.6,Normal
Great,Light,7.2,Okay,Very Social,Yes,4.6,7.3,Very Low
Okay,Very Light,7.5,Okay,Social,Yes,4.8,7.7,Low
Great,Very Light,7.4,Very Energized,Moderate,Yes,4.9,5.3,Very Low
Low Mood,Moderate,5.0,Exhausted,Moderate,No,8.0,4.0,Normal
Stressed,Very Heavy,5.0,Exhausted,Minimal,No,9.6,2.5,Very High
Okay,Moderate,7.5,Energized,Very Social,No,2.8,5.7,Low
Good,Very Light,8.3,Very Energized,Very Social,Yes,1.9,8.2,Very Low
Low Mood,Very Heavy,5.6,Okay,None,Yes,5.6,3.9,High
Good,Light,8.0,Energized,Very Social,Yes,1.8,9.1,Very Low
Low Mood,Very Heavy,4.9,Tired,Minimal,No,7.4,2.3,High
Stressed,Heavy,5.8,Exhausted,Minimal,No,7.7,3.4,High
Good,Moderate,7.1,Very Energized,Very Social,Yes,2.1,8.0,Low
Low Mood,Heavy,5.6,Exhausted,Minimal,Yes,8.5,4.5,High
Good,Moderate,9.2,Okay,Very Social,No,4.9,9.7,Low
Low Mood,Heavy,7.0,Okay,Minimal,Yes,5.9,7.5,Normal
Stressed,Heavy,5.8,Tired,Minimal,No,8.8,2.6,High
Great,Light,9.3,Energized,Social,Yes,1.7,10.4,Very Low
Okay,Moderate,7.7,Tired,Social,Yes,4.4,6.8,Low
Great,Moderate,8.4,Okay,Very Social,Yes,2.1,8.0,Very Low
Stressed,Very Heavy,4.7,Exhausted,None,No,8.6,3.5,Very High
Stressed,Moderate,6.0,Okay,Minimal,No,6.3,4.7,High
Good,Heavy,6.2,Tired,Moderate,No,5.2,6.1,Normal
Great,Moderate,6.2,Okay,Moderate,Yes,3.3,5.4,Low
Great,Moderate,9.4,Okay,Very Social,Yes,3.3,7.1,Very Low
Great,Light,8.4,Okay,Moderate,No,3.0,9.2,Very Low
Okay,Moderate,6.7,Tired,Minimal,Yes,3.4,4.3,Normal
Great,Light,8.0,Energized,Moderate,No,2.6,7.8,Low
Low Mood,Heavy,7.3,Tired,Moderate,No,4.2,4.1,High
Good,Light,8.2,Energized,Social,Yes,3.4,6.3,Very Low
Okay,Heavy,6.2,Tired,Moderate,No,5.8,5.0,Normal
Okay,Heavy,6.6,Okay,Social,Yes,3.5,5.5,Normal
Okay,Heavy,5.6,Okay,Minimal,No,6.8,2.4,High
Stressed,Very Heavy,4.3,Tired,Minimal,Yes,7.7,2.9,High
Great,Very Light,9.4,Okay,Moderate,Yes,3.9,6.1,Very Low
Low Mood,Light,8.3,Tired,Minimal,Yes,4.8,6.8,Normal
Okay,Very Heavy,6.9,Exhausted,None,No,7.2,5.2,Normal
Okay,Moderate,6.8,Energized,Social,Yes,3.2,4.9,Normal
Great,Very Light,9.7,Energized,Social,Yes,2.3,10.1,Very Low
Low Mood,Moderate,6.5,Okay,Social,No,4.1,5.9,Normal
Stressed,Moderate,6.6,Exhausted,None,No,7.9,3.8,High
Okay,Very Heavy,6.5,Energized,Moderate,Yes,4.9,7.7,Normal
Great,Very Light,8.1,Very Energized,Social,Yes,3.8,10.6,Very Low
Good,Heavy,8.2,Energized,Social,Yes,5.5,7.7,Low
Good,Heavy,7.8,Tired,Social,Yes,3.9,7.6,Low
Low Mood,Heavy,5.1,Exhausted,Moderate,No,7.3,2.2,High
Good,Light,7.7,Energized,Moderate,No,3.3,5.6,Low
Stressed,Heavy,6.6,Exhausted,None,No,6.8,2.6,High
Okay,Very Light,8.7,Energized,Very Social,Yes,2.5,9.1,Low
Low Mood,Light,7.1,Tired,Social,Yes,5.9,6.4,Normal
Low Mood,Very Heavy,6.8,Tired,None,Yes,7.1,5.6,High
Okay,Heavy,7.1,Energized,Moderate,Yes,4.2,6.5,Normal
Good,Light,8.1,Tired,Moderate,Yes,5.1,4.8,Low
Low Mood,Very Heavy,6.3,Okay,Moderate,No,5.6,4.7,Normal
Good,Moderate,7.4,Okay,Moderate,Yes,2.3,9.1,Low
Okay,Very Light,7.2,Very Energized,Very Social,Yes,2.8,8.0,Very Low
Great,Very Light,8.7,Energized,Very Social,No,3.1,8.9,Very Low
Stressed,Moderate,4.4,Exhausted,Minimal,No,8.7,2.5,High
Okay,Heavy,5.1,Exhausted,Moderate,Yes,6.5,2.7,High
Okay,Very Heavy,5.8,Tired,Minimal,No,9.5,2.7,High
Good,Light,8.4,Energized,Very Social,Yes,4.6,5.3,Low
Good,Very Light,9.7,Energized,Social,Yes,1.8,9.8,Very Low
Stressed,Very Heavy,4.3,Exhausted,Minimal,No,9.6,1.2,Very High
Good,Light,8.2,Energized,Social,No,2.8,9.1,Low
Stressed,Moderate,6.7,Exhausted,Moderate,Yes,8.7,5.3,High
Great,Very Light,8.4,Energized,Social,No,4.2,6.5,Very Low
Low Mood,Light,9.1,Energized,Moderate,Yes,2.4,9.1,Low
Low Mood,Heavy,4.0,Exhausted,None,No,7.8,1.4,Very High
Good,Light,8.5,Energized,Moderate,Yes,3.8,7.2,Low
Okay,Moderate,5.3,Exhausted,Moderate,No,5.2,4.3,Normal
Low Mood,Heavy,8.4,Tired,Social,No,3.9,7.1,Normal
Good,Moderate,9.3,Okay,Social,No,2.9,9.1,Low
Stressed,Heavy,6.5,Exhausted,Minimal,No,9.0,3.5,Very High
Great,Very Light,8.3,Energized,Social,No,3.3,7.9,Very Low
Okay,Heavy,5.4,Exhausted,Minimal,No,8.6,2.4,High
Good,Very Heavy,6.2,Okay,Moderate,No,5.8,4.5,Normal
Great,Moderate,9.2,Very Energized,Moderate,Yes,2.5,9.7,Very Low
Okay,Moderate,5.5,Exhausted,Minimal,No,6.9,2.5,Normal
Okay,Heavy,8.0,Tired,Moderate,Yes,5.9,5.1,Normal
Stressed,Heavy,4.4,Exhausted,None,No,9.9,1.4,Very High
Great,Very Light,7.8,Energized,Social,Yes,2.8,9.4,Very Low
Good,Very Heavy,8.3,Tired,Minimal,No,4.3,5.6,High
Great,Moderate,9.3,Energized,Social,Yes,3.4,9.2,Very Low
Low Mood,Very Heavy,5.8,Okay,Moderate,No,8.9,5.4,High
Low Mood,Heavy,7.1,Tired,Social,Yes,4.9,5.0,Normal
Okay,Moderate,7.3,Energized,Moderate,No,2.5,7.1,Normal
Okay,Very Heavy,5.2,Tired,Minimal,No,8.1,2.8,High
Okay,Very Light,7.1,Very Energized,Very Social,Yes,4.4,9.2,Very Low
Stressed,Very Heavy,5.2,Tired,None,No,8.8,5.1,Very High
Low Mood,Heavy,7.2,Energized,Social,No,5.7,6.3,Normal
Great,Light,6.3,Okay,Minimal,No,4.5,7.2,Low
Good,Very Light,8.1,Very Energized,Very Social,Yes,1.5,11.7,Very Low
Low Mood,Light,7.6,Energized,Moderate,No,3.6,5.4,Normal
Low Mood,Very Heavy,4.4,Exhausted,None,No,7.1,2.4,Very High
Low Mood,Moderate,6.7,Okay,Moderate,No,5.2,5.5,Normal
Okay,Very Heavy,5.1,Okay,Minimal,Yes,7.6,4.8,Normal
Good,Light,8.9,Very Energized,Social,Yes,3.1,8.6,Very Low
Okay,Very Light,8.0,Energized,Social,No,5.9,7.6,Low
Low Mood,Light,5.3,Tired,Moderate,No,7.9,4.1,Normal
Stressed,Heavy,5.6,Okay,Minimal,No,5.3,4.9,High
Good,Moderate,7.4,Tired,Social,No,5.0,6.9,Low
Good,Light,8.9,Okay,Very Social,Yes,4.4,10.0,Low
Low Mood,Heavy,5.5,Exhausted,Moderate,No,8.4,3.8,High
Great,Moderate,9.4,Energized,Social,Yes,4.8,6.9,Very Low
Stressed,Moderate,5.6,Okay,None,Yes,8.8,5.3,Normal
Good,Moderate,9.4,Okay,Moderate,Yes,4.3,9.1,Normal
Great,Very Light,9.7,Energized,Social,Yes,2.2,10.6,Very Low
Good,Moderate,8.2,Tired,Social,No,4.4,7.3,Normal
Low Mood,Heavy,5.7,Exhausted,Moderate,No,5.2,5.2,High
Low Mood,Very Heavy,5.0,Tired,Moderate,Yes,7.6,4.3,High
Great,Very Light,8.3,Okay,Very Social,No,3.6,8.9,Very Low
Okay,Light,8.9,Energized,Very Social,Yes,2.9,8.4,Very Low
Low Mood,Light,7.6,Tired,Minimal,No,4.4,5.6,Normal
Okay,Moderate,7.8,Very Energized,Moderate,Yes,4.0,7.9,Low
Low Mood,Very Heavy,6.2,Tired,None,No,6.1,3.9,High
Stressed,Heavy,6.8,Okay,Minimal,No,5.2,5.3,Normal
Good,Moderate,7.9,Tired,Moderate,Yes,6.0,7.3,Low
Good,Light,6.5,Okay,Social,No,5.3,7.0,Low
Good,Very Light,9.8,Very Energized,Social,Yes,2.9,7.3,Very Low
Good,Very Light,8.9,Very Energized,Very Social,Yes,2.9,5.7,Very Low
Okay,Moderate,6.3,Okay,Social,No,4.6,5.0,Normal
Good,Light,8.2,Energized,Social,No,3.6,8.5,Very Low
Great,Very Light,7.5,Very Energized,Moderate,Yes,3.0,5.8,Very Low
Good,Light,8.2,Energized,Social,No,2.5,9.6,Very Low
Great,Light,9.4,Very Energized,Very Social,Yes,3.6,7.6,Very Low
Okay,Very Light,9.1,Energized,Social,Yes,2.4,7.6,Very Low
Great,Very Light,8.9,Okay,Very Social,No,4.2,7.3,Very Low
Okay,Very Light,7.9,Okay,Social,Yes,3.8,7.6,Low
Low Mood,Light,8.4,Tired,Moderate,No,5.1,4.3,Normal
Low Mood,Moderate,5.2,Exhausted,None,No,5.9,5.4,High
Okay,Light,7.0,Okay,Very Social,No,3.5,7.6,Low
Great,Very Light,8.1,Okay,Social,Yes,4.6,5.0,Very Low
Okay,Light,7.1,Very Energized,Social,Yes,4.6,7.6,Low
Good,Moderate,7.1,Okay,Very Social,No,3.4,5.9,Low
Okay,Light,7.7,Tired,Moderate,No,4.0,5.3,Normal
Okay,Moderate,5.5,Tired,Moderate,No,6.6,4.7,Normal
Low Mood,Very Heavy,6.6,Exhausted,None,No,6.5,3.2,High
Stressed,Very Heavy,5.7,Tired,None,No,8.7,3.1,High
Good,Light,7.4,Okay,Social,No,4.5,4.2,Low
Good,Moderate,9.4,Energized,Very Social,Yes,4.0,5.5,Low
Good,Light,7.8,Very Energized,Social,Yes,2.6,8.5,Very Low
Good,Moderate,9.9,Energized,Very Social,Yes,1.9,7.1,Very Low
Okay,Very Heavy,6.5,Tired,None,No,5.5,2.5,High
Low Mood,Very Heavy,5.8,Okay,Moderate,Yes,6.7,2.7,High
Low Mood,Heavy,5.7,Tired,Minimal,Yes,9.8,3.3,Normal
Good,Heavy,7.1,Tired,Moderate,No,4.1,7.1,Low
Great,Light,7.1,Okay,Social,Yes,3.0,8.6,Low
Stressed,Very Heavy,5.8,Okay,Minimal,No,5.7,2.5,High
Stressed,Very Heavy,4.4,Exhausted,Minimal,No,8.0,3.6,Very High
Okay,Very Light,7.1,Tired,Minimal,No,3.1,4.9,Low
Low Mood,Light,6.1,Energized,Social,No,4.2,4.7,Normal
Low Mood,Heavy,6.4,Tired,Social,No,4.6,7.2,Normal
Low Mood,Heavy,4.9,Exhausted,None,No,7.9,1.9,High
Okay,Heavy,4.1,Exhausted,Minimal,Yes,7.8,1.1,High
Okay,Light,5.9,Tired,Moderate,No,6.4,2.7,Normal
Low Mood,Heavy,6.7,Okay,None,No,6.4,2.2,Normal
Low Mood,Heavy,5.8,Tired,None,No,8.8,2.1,High
Great,Light,9.2,Energized,Social,Yes,2.5,7.9,Very Low
Good,Light,7.6,Tired,Social,Yes,4.0,4.7,Low
Okay,Moderate,7.2,Energized,Minimal,No,4.0,7.2,Normal
Great,Very Light,8.3,Energized,Moderate,No,3.4,5.7,Very Low
Great,Very Light,9.6,Energized,Very Social,No,2.7,10.5,Very Low
Okay,Light,6.5,Tired,Moderate,No,4.2,4.2,Normal
Okay,Light,7.3,Okay,Social,No,3.1,4.3,Low
Great,Light,8.0,Very Energized,Moderate,Yes,2.7,5.6,Very Low
Okay,Very Light,7.9,Okay,Very Social,Yes,5.0,7.8,Low
Good,Light,8.0,Okay,Social,No,3.7,7.7,Low
Stressed,Heavy,4.9,Tired,None,No,9.2,2.0,High
Okay,Heavy,8.1,Energized,Minimal,Yes,5.2,6.8,Normal
Low Mood,Light,6.1,Energized,Minimal,Yes,3.3,4.4,Low
Low Mood,Light,8.0,Tired,Minimal,No,5.4,5.0,Normal
Good,Light,7.5,Okay,Moderate,No,5.8,6.1,Very Low
Okay,Heavy,7.9,Very Energized,Social,Yes,5.0,9.8,Low
Okay,Heavy,6.0,Exhausted,None,No,8.7,4.0,High
Low Mood,Moderate,8.0,Energized,Moderate,Yes,3.5,4.6,Low
Okay,Light,7.9,Okay,Moderate,No,3.2,5.6,Normal
Okay,Very Heavy,5.4,Tired,Moderate,No,5.5,4.9,Normal
Okay,Light,8.1,Very Energized,Moderate,Yes,5.0,9.7,Low
Okay,Moderate,7.9,Tired,Moderate,No,4.2,4.1,Normal
Low Mood,Very Heavy,6.0,Exhausted,Minimal,No,7.8,2.0,High
Good,Light,7.5,Energized,Very Social,Yes,1.8,8.1,Very Low
Low Mood,Heavy,5.3,Okay,None,No,8.1,2.6,Normal
Okay,Heavy,7.9,Tired,Moderate,Yes,4.1,5.1,Normal
Okay,Very Heavy,5.2,Exhausted,None,No,7.9,2.0,High
Stressed,Heavy,4.3,Tired,None,No,9.5,2.3,High
Okay,Heavy,6.1,Tired,None,No,6.0,4.0,High
Okay,Moderate,9.5,Very Energized,Social,Yes,2.2,7.1,Low
Good,Very Light,9.0,Energized,Very Social,Yes,2.8,10.4,Very Low
Okay,Very Heavy,6.7,Tired,Minimal,No,8.4,4.7,Normal
Good,Light,9.9,Very Energized,Very Social,No,1.1,9.0,Very Low
Good,Heavy,8.2,Okay,Social,No,3.5,7.0,Normal
Okay,Very Heavy,6.0,Tired,None,No,8.7,3.4,High
Okay,Very Light,7.7,Energized,Very Social,Yes,4.2,8.9,Low
Low Mood,Moderate,6.0,Tired,Minimal,No,4.5,5.9,Normal
Okay,Moderate,7.0,Okay,Minimal,No,3.8,4.1,Normal
Low Mood,Heavy,5.7,Tired,None,No,7.8,3.8,High
Okay,Very Heavy,5.9,Exhausted,None,No,8.1,2.5,High
Great,Very Light,9.2,Okay,Moderate,Yes,4.5,7.1,Very Low
Good,Moderate,7.0,Energized,Minimal,No,5.2,6.0,Low
Good,Heavy,8.3,Tired,Social,Yes,3.4,5.0,Normal
Low Mood,Very Heavy,5.3,Tired,Minimal,No,9.9,3.0,High
Stressed,Heavy,4.8,Exhausted,None,No,7.3,3.0,Very High
Low Mood,Heavy,5.6,Tired,Minimal,No,5.5,4.9,High
Okay,Moderate,8.7,Okay,Very Social,Yes,3.3,5.8,Low
Good,Very Light,7.6,Tired,Moderate,Yes,3.4,5.9,Low
Low Mood,Heavy,6.3,Tired,Moderate,Yes,7.9,4.4,Normal
Good,Moderate,7.1,Energized,Social,Yes,3.4,5.3,Very Low
Okay,Light,7.3,Okay,Social,Yes,4.3,8.9,Low
Low Mood,Heavy,5.8,Tired,Minimal,No,6.9,5.0,High
Good,Light,8.2,Very Energized,Moderate,Yes,4.3,6.5,Very Low
Stressed,Very Heavy,5.6,Exhausted,Minimal,Yes,7.9,2.2,Very High
Good,Moderate,6.5,Energized,Social,Yes,5.4,5.0,Low
Great,Light,9.4,Okay,Very Social,Yes,2.6,6.1,Very Low
Good,Light,9.0,Energized,Social,Yes,1.9,7.0,Low
Great,Light,8.0,Energized,Social,Yes,2.8,11.5,Very Low
Stressed,Very Heavy,5.3,Tired,None,No,8.2,2.4,Very High
Okay,Light,7.1,Okay,Social,Yes,4.7,6.3,Low
Okay,Heavy,4.9,Exhausted,None,No,9.7,2.3,High
Great,Heavy,8.1,Energized,Minimal,No,4.7,5.0,Low
Good,Very Light,8.6,Very Energized,Very Social,Yes,2.1,9.0,Very Low
Stressed,Very Heavy,5.3,Exhausted,None,No,9.9,3.2,Very High
Great,Very Light,8.1,Very Energized,Very Social,Yes,2.6,11.5,Very Low
Good,Moderate,8.5,Tired,Social,Yes,3.5,6.1,Normal
Low Mood,Heavy,5.3,Tired,None,No,8.7,3.6,High
Stressed,Very Heavy,5.2,Tired,None,Yes,7.9,2.6,High
Low Mood,Very Heavy,7.2,Energized,Social,Yes,3.9,7.8,Normal
Low Mood,Heavy,8.5,Energized,Moderate,Yes,3.1,5.6,Normal
Good,Very Light,9.7,Energized,Very Social,Yes,1.5,11.9,Very Low
Low Mood,Very Heavy,6.7,Okay,Moderate,No,8.5,5.5,High
Great,Very Light,7.9,Energized,Very Social,Yes,3.5,10.3,Very Low
Great,Very Light,8.1,Energized,Very Social,Yes,1.6,10.4,Very Low
Okay,Light,7.7,Energized,Moderate,No,4.4,4.2,Low
Great,Light,8.7,Very Energized,Very Social,Yes,1.3,10.2,Very Low
Stressed,Heavy,5.1,Exhausted,Moderate,No,5.4,2.4,Very High
Low Mood,Heavy,6.0,Okay,Social,No,3.7,4.6,Normal
Great,Very Light,8.7,Energized,Social,Yes,4.1,9.7,Very Low
Stressed,Moderate,6.5,Okay,Minimal,No,8.4,4.3,High
Low Mood,Light,6.1,Tired,Minimal,Yes,5.2,6.9,Normal
Great,Moderate,7.1,Okay,Social,Yes,4.6,9.5,Very Low
Stressed,Very Heavy,5.6,Tired,Minimal,Yes,5.8,3.8,High
Good,Moderate,7.2,Tired,Minimal,No,5.3,6.9,Normal
Good,Heavy,8.2,Okay,Social,Yes,3.0,8.4,Low
Stressed,Moderate,6.7,Tired,Moderate,No,6.7,5.1,Normal
Okay,Moderate,5.2,Okay,Moderate,No,7.9,2.1,Normal
Okay,Heavy,5.7,Exhausted,Minimal,Yes,9.7,3.0,High
Great,Very Light,7.9,Okay,Very Social,No,4.2,5.4,Very Low
Low Mood,Heavy,6.7,Energized,Minimal,No,5.5,7.1,Normal
Okay,Very Light,7.6,Energized,Moderate,Yes,2.7,9.5,Very Low
Okay,Heavy,6.8,Energized,Moderate,Yes,4.8,7.3,Low
Low Mood,Light,6.2,Okay,Moderate,Yes,5.7,6.8,Normal
Okay,Light,8.3,Tired,Social,No,5.1,5.6,Normal
Good,Moderate,9.2,Okay,Moderate,Yes,4.4,6.7,Low
Low Mood,Light,6.1,Tired,Moderate,Yes,5.4,4.2,Normal
Good,Heavy,8.4,Tired,Minimal,Yes,3.4,5.2,Normal
Good,Light,7.8,Very Energized,Social,Yes,2.6,9.5,Very Low
Good,Light,7.9,Very Energized,Social,No,2.8,7.8,Very Low
Great,Very Light,8.1,Very Energized,Very Social,Yes,2.0,10.9,Very Low
Low Mood,Heavy,7.7,Okay,Minimal,No,3.9,7.8,Normal
Good,Very Light,8.2,Very Energized,Very Social,No,2.2,9.9,Very Low
Good,Moderate,7.3,Very Energized,Moderate,No,2.4,5.6,Low
Okay,Heavy,7.0,Okay,Social,Yes,5.4,6.8,Normal
Low Mood,Very Heavy,6.0,Tired,Moderate,No,5.2,2.5,Normal
Okay,Very Heavy,6.6,Tired,Minimal,No,7.0,5.2,Normal
Okay,Heavy,8.0,Okay,Minimal,No,5.7,4.4,Normal
Okay,Very Heavy,6.0,Tired,Minimal,No,8.4,3.9,High
Good,Light,8.1,Energized,Moderate,Yes,5.0,9.8,Very Low
Stressed,Heavy,5.9,Tired,None,No,8.1,3.1,High
Low Mood,Heavy,4.8,Tired,Minimal,No,7.6,2.7,High
Good,Very Light,8.2,Okay,Social,No,3.0,9.3,Low
Good,Light,8.9,Okay,Moderate,Yes,2.0,6.2,Low
Good,Very Light,7.9,Very Energized,Very Social,Yes,3.9,7.8,Very Low
Good,Moderate,8.5,Energized,Minimal,Yes,5.9,7.7,Low
Low Mood,Very Heavy,5.0,Tired,Minimal,No,8.8,1.2,High
Low Mood,Light,6.5,Energized,Minimal,No,3.8,5.0,Normal
Okay,Light,6.6,Energized,Moderate,Yes,4.5,4.5,Low
Okay,Light,6.9,Tired,Social,No,5.5,6.7,Low
Good,Heavy,6.5,Okay,Social,Yes,5.7,6.2,Low
Good,Very Light,9.6,Energized,Social,Yes,3.9,9.1,Very Low
Great,Very Light,8.7,Okay,Moderate,Yes,3.3,7.1,Very Low
Good,Light,7.4,Energized,Social,Yes,3.2,5.5,Low
Great,Light,7.3,Okay,Moderate,Yes,4.0,4.6,Very Low
Good,Very Light,8.2,Energized,Very Social,Yes,2.3,10.2,Very Low
Good,Moderate,9.4,Very Energized,Moderate,Yes,2.0,5.4,Very Low
Good,Moderate,7.0,Energized,Social,Yes,3.8,5.0,Low
Good,Heavy,7.3,Okay,Social,Yes,4.5,4.3,Low
Good,Light,6.3,Tired,Minimal,Yes,4.1,6.7,Low
Low Mood,Very Heavy,4.9,Tired,None,No,7.0,2.5,High
Good,Light,7.4,Okay,Minimal,Yes,4.7,4.5,Low
Stressed,Very Heavy,5.7,Exhausted,None,No,7.4,4.1,Very High
Great,Light,9.8,Energized,Very Social,Yes,3.1,8.1,Very Low
Stressed,Very Heavy,5.9,Exhausted,Minimal,No,7.8,2.1,Very High
Great,Light,7.2,Okay,Very Social,No,3.4,9.7,Very Low
Low Mood,Heavy,6.4,Tired,Social,Yes,3.4,6.7,Normal
Great,Very Light,7.7,Energized,Moderate,No,4.3,6.1,Low
Okay,Very Light,8.9,Energized,Moderate,No,4.7,6.7,Very Low
Low Mood,Heavy,4.4,Tired,Minimal,No,7.6,1.1,High
Stressed,Very Heavy,5.7,Tired,Minimal,No,7.1,1.2,Very High
Low Mood,Moderate,7.1,Tired,Social,Yes,3.4,7.4,Low
Low Mood,Heavy,5.9,Tired,None,Yes,8.8,3.4,High
Okay,Very Light,9.4,Very Energized,Very Social,Yes,2.1,9.6,Very Low
Low Mood,Very Light,6.6,Tired,Minimal,No,4.3,4.0,Normal
Good,Light,8.2,Tired,Moderate,Yes,5.4,4.1,Low
Okay,Light,6.7,Okay,Minimal,Yes,3.8,5.2,Low
Okay,Very Heavy,6.2,Okay,Moderate,Yes,5.8,6.0,Normal
Stressed,Heavy,4.5,Tired,None,No,9.7,2.7,High
Good,Light,8.5,Energized,Moderate,Yes,4.7,5.0,Low
Great,Very Light,8.5,Energized,Very Social,Yes,3.7,7.7,Very Low
Okay,Moderate,9.3,Energized,Very Social,No,2.5,5.8,Normal
Good,Light,7.2,Energized,Social,Yes,3.9,7.7,Low
Good,Moderate,7.0,Very Energized,Moderate,No,4.2,6.1,Low
Good,Very Light,8.8,Very Energized,Social,Yes,3.8,8.1,Very Low
Low Mood,Moderate,6.3,Okay,Moderate,No,5.4,7.8,Normal
Great,Very Light,7.1,Okay,Very Social,Yes,4.3,6.6,Very Low
Low Mood,Heavy,4.5,Exhausted,Minimal,No,7.4,2.5,High
Low Mood,Moderate,4.9,Exhausted,Minimal,No,8.3,3.9,High
Low Mood,Heavy,4.7,Exhausted,None,No,9.4,4.0,High
Low Mood,Moderate,6.1,Tired,None,No,7.8,4.2,High
Good,Heavy,8.1,Okay,Social,No,4.5,5.1,Normal
Stressed,Heavy,5.3,Tired,None,Yes,7.3,4.6,High
Okay,Moderate,6.2,Exhausted,None,No,5.4,2.6,High
Great,Moderate,8.1,Energized,Social,Yes,4.5,6.9,Low
Good,Light,6.2,Tired,Minimal,Yes,3.1,4.9,Low
Great,Light,7.5,Energized,Very Social,Yes,3.4,5.6,Very Low
Great,Light,7.6,Okay,Very Social,No,2.5,6.8,Very Low
Low Mood,Light,8.5,Okay,Minimal,Yes,5.4,4.6,Normal
Good,Moderate,7.1,Tired,Minimal,No,3.3,5.7,Normal
Great,Moderate,8.9,Okay,Social,No,4.2,7.0,Low
Good,Moderate,8.5,Okay,Social,No,4.8,6.6,Low
Good,Moderate,7.1,Okay,Social,Yes,3.0,5.8,Low
Low Mood,Heavy,5.4,Exhausted,None,No,7.6,3.7,High
Low Mood,Moderate,7.7,Okay,Social,Yes,5.6,6.5,Normal
Great,Moderate,9.4,Energized,Moderate,No,3.8,5.3,Low
Low Mood,Heavy,7.0,Tired,Minimal,No,3.9,5.8,High
Great,Very Light,7.8,Very Energized,Social,Yes,1.2,11.7,Very Low
Great,Very Light,8.3,Okay,Social,Yes,3.6,5.1,Very Low
Good,Very Light,8.7,Energized,Social,No,3.1,5.8,Very Low
Good,Light,8.1,Tired,Social,Yes,4.0,7.0,Low
Good,Very Light,7.2,Energized,Minimal,Yes,5.2,4.8,Very Low
Okay,Heavy,6.6,Exhausted,Minimal,Yes,5.9,3.4,Normal
Good,Very Light,7.6,Very Energized,Social,Yes,1.2,11.0,Very Low
Great,Light,7.6,Energized,Very Social,Yes,2.4,7.6,Very Low
Stressed,Light,7.6,Energized,Social,No,5.2,7.7,Normal
Okay,Moderate,6.3,Exhausted,Minimal,No,6.8,3.8,Normal
Okay,Light,8.2,Tired,Moderate,Yes,3.4,6.8,Low
Okay,Moderate,7.1,Tired,Social,No,4.5,6.4,Normal
Okay,Moderate,6.9,Okay,None,Yes,6.3,5.5,Normal
Okay,Light,8.4,Very Energized,Social,Yes,2.4,8.4,Low
Good,Heavy,8.3,Energized,Social,Yes,4.6,6.7,Low
Stressed,Moderate,5.7,Tired,Moderate,No,8.4,3.5,High
Stressed,Moderate,6.3,Okay,Moderate,Yes,8.9,2.4,Normal
Stressed,Heavy,5.8,Exhausted,Moderate,No,7.7,2.8,High
Low Mood,Heavy,4.4,Exhausted,None,Yes,9.3,3.7,High
Low Mood,Moderate,6.2,Tired,Moderate,No,7.2,4.3,Normal
Good,Heavy,7.5,Okay,Social,No,5.5,4.3,Low
Low Mood,Light,6.7,Okay,Moderate,Yes,3.8,5.9,Low
Stressed,Heavy,6.9,Exhausted,Minimal,Yes,8.1,2.6,High
Low Mood,Moderate,7.5,Energized,Moderate,No,5.8,7.4,Normal
Good,Heavy,6.7,Energized,Social,Yes,4.0,7.2,Low
Okay,Heavy,5.7,Tired,None,No,5.0,4.6,High
Good,Light,8.0,Very Energized,Social,Yes,2.2,8.9,Very Low
Okay,Light,8.6,Energized,Social,No,1.3,8.7,Low
Low Mood,Moderate,7.8,Tired,Social,No,3.1,5.7,Normal
Okay,Moderate,8.5,Energized,Very Social,Yes,2.5,7.6,Low
Stressed,Heavy,4.3,Tired,None,Yes,9.4,2.5,High
Low Mood,Heavy,5.9,Tired,Minimal,No,8.6,3.5,High
Okay,Heavy,6.0,Tired,Social,No,4.3,5.7,Normal
Good,Light,9.1,Energized,Social,Yes,1.7,7.1,Very Low
Good,Very Light,9.6,Energized,Social,Yes,1.4,10.3,Very Low
Stressed,Light,6.4,Tired,Minimal,No,6.1,5.1,Normal
Good,Light,7.6,Very Energized,Moderate,No,4.0,6.9,Low
Good,Light,7.8,Energized,Social,Yes,3.6,4.4,Very Low
Good,Light,9.0,Very Energized,Social,No,3.3,5.9,Low
Stressed,Heavy,5.4,Tired,Moderate,Yes,6.4,5.0,High
Low Mood,Moderate,6.7,Exhausted,None,No,7.4,4.7,High
Low Mood,Moderate,6.3,Energized,Moderate,No,5.2,7.7,Normal
Okay,Light,8.5,Tired,Moderate,No,4.3,6.1,Low
Good,Moderate,8.4,Okay,Moderate,No,3.4,7.9,Low
Good,Heavy,8.0,Energized,Moderate,Yes,3.0,5.4,Low
Low Mood,Very Heavy,4.6,Tired,Minimal,No,8.7,2.7,High
Low Mood,Heavy,4.5,Exhausted,None,No,9.4,1.6,High
Okay,Light,8.2,Energized,Moderate,Yes,4.1,6.0,Very Low
Low Mood,Very Heavy,5.5,Tired,Moderate,Yes,6.9,2.2,High
Okay,Moderate,7.5,Energized,Social,No,4.6,5.7,Normal
Good,Very Light,9.4,Energized,Social,Yes,1.5,8.6,Very Low
Okay,Light,7.4,Energized,Very Social,Yes,4.3,8.8,Low
Great,Light,7.8,Very Energized,Very Social,Yes,2.7,6.2,Very Low
Good,Very Light,9.2,Energized,Social,Yes,3.8,11.5,Very Low
Great,Very Light,8.1,Energized,Very Social,Yes,3.6,11.8,Very Low
Great,Moderate,9.2,Very Energized,Social,Yes,3.4,8.5,Very Low
Low Mood,Moderate,5.9,Okay,Moderate,No,7.6,2.2,Normal
Low Mood,Very Heavy,6.8,Tired,Moderate,No,5.5,3.0,High
Good,Moderate,6.4,Tired,Social,Yes,3.4,7.2,Normal
Low Mood,Heavy,7.4,Okay,Minimal,No,5.4,5.6,Normal
Stressed,Heavy,4.1,Tired,Minimal,No,8.5,1.4,High
Good,Very Heavy,7.2,Energized,Moderate,No,4.2,5.9,Normal
Low Mood,Heavy,4.3,Exhausted,Minimal,No,7.4,2.2,High
Good,Heavy,7.0,Energized,Moderate,Yes,4.5,7.2,Normal
Low Mood,Light,6.7,Energized,Moderate,Yes,3.6,6.1,Low
Low Mood,Very Heavy,6.3,Okay,None,No,5.6,5.0,High
Stressed,Heavy,5.9,Exhausted,Minimal,No,9.3,1.6,Very High
Stressed,Very Heavy,5.2,Tired,None,No,8.6,3.8,Very High
Okay,Heavy,6.5,Exhausted,None,No,7.8,3.5,High
Okay,Light,8.9,Energized,Very Social,No,3.2,5.6,Low
Great,Light,9.3,Energized,Very Social,Yes,3.9,12.0,Very Low
Okay,Light,7.3,Okay,Moderate,No,2.8,7.1,Normal
Great,Very Light,9.0,Okay,Very Social,Yes,4.9,9.5,Very Low
Stressed,Heavy,5.9,Tired,None,No,8.9,2.4,High
Good,Very Light,9.0,Very Energized,Very Social,Yes,1.7,8.6,Very Low
Low Mood,Heavy,6.1,Energized,Minimal,Yes,4.7,4.2,Normal
Okay,Heavy,8.0,Tired,Moderate,Yes,4.8,7.4,Low
Low Mood,Heavy,6.2,Tired,Social,No,4.6,7.3,High
Low Mood,Moderate,6.6,Okay,Minimal,No,6.8,4.2,Normal
Great,Light,9.9,Very Energized,Social,Yes,1.4,7.0,Very Low
Okay,Moderate,6.2,Okay,Moderate,No,8.0,5.1,Normal
Low Mood,Moderate,7.9,Tired,Moderate,Yes,5.0,7.7,Normal
Stressed,Heavy,4.6,Exhausted,Minimal,No,9.2,2.7,High
Okay,Light,9.3,Very Energized,Very Social,Yes,4.9,7.4,Very Low
Good,Heavy,6.0,Tired,Minimal,No,3.6,5.5,Normal
Good,Light,9.6,Energized,Social,No,2.5,8.8,Low
Good,Light,7.7,Energized,Moderate,Yes,3.1,6.4,Very Low
Okay,Moderate,7.7,Okay,Moderate,Yes,4.9,7.0,Normal
Stressed,Heavy,5.2,Exhausted,Minimal,Yes,9.1,1.9,High
Okay,Moderate,8.9,Very Energized,Moderate,Yes,4.8,5.5,Low
Good,Moderate,6.3,Okay,Social,Yes,4.3,5.4,Low
Great,Very Light,9.4,Very Energized,Social,Yes,3.2,11.3,Very Low
Stressed,Moderate,5.3,Exhausted,Minimal,Yes,6.1,5.7,High
Stressed,Very Heavy,5.7,Exhausted,Minimal,No,8.5,3.0,Very High
Low Mood,Light,6.0,Tired,Social,No,5.3,6.2,Normal
Good,Light,7.0,Tired,Minimal,No,3.3,7.3,Low
Stressed,Very Heavy,6.8,Tired,Minimal,No,7.5,2.8,Very High
Low Mood,Heavy,5.7,Tired,Minimal,No,5.5,5.3,High
Low Mood,Light,6.9,Okay,Social,Yes,4.9,4.8,Low
Stressed,Heavy,5.7,Exhausted,Moderate,No,5.1,2.3,Very High
Good,Moderate,6.2,Energized,Minimal,No,3.9,7.4,Low
Okay,Moderate,6.8,Exhausted,Moderate,Yes,6.7,5.3,Normal
Low Mood,Heavy,8.1,Okay,Social,No,4.0,5.3,Normal
Okay,Very Light,8.4,Okay,Social,Yes,2.4,6.0,Low
Low Mood,Moderate,6.8,Okay,None,No,8.3,5.1,Normal
Low Mood,Light,6.0,Okay,Moderate,No,5.0,4.5,Normal
Great,Light,9.3,Energized,Very Social,Yes,2.9,8.0,Very Low
Good,Very Light,8.3,Energized,Very Social,Yes,2.0,9.2,Very Low
Low Mood,Light,7.1,Tired,Moderate,Yes,4.3,5.2,Low
Low Mood,Heavy,4.1,Exhausted,None,No,7.8,3.3,Very High
Good,Very Light,9.2,Energized,Social,Yes,1.2,11.7,Very Low
Low Mood,Very Heavy,7.0,Okay,Minimal,No,5.3,4.9,High
Low Mood,Heavy,8.4,Energized,Minimal,Yes,5.8,5.0,Normal
Okay,Moderate,8.2,Okay,Social,Yes,4.6,5.5,Low
Okay,Very Heavy,6.1,Okay,Minimal,Yes,8.2,4.4,Normal
Okay,Very Light,7.2,Okay,Very Social,Yes,2.7,6.5,Low
Good,Light,8.4,Okay,Moderate,Yes,2.6,7.1,Low
Great,Moderate,8.3,Energized,Social,No,3.3,9.3,Very Low
Good,Moderate,6.6,Okay,Social,No,3.1,4.2,Low
Okay,Light,8.5,Very Energized,Moderate,Yes,5.0,8.6,Low
Low Mood,Heavy,5.7,Tired,None,No,5.8,3.0,High
Stressed,Moderate,5.2,Exhausted,None,No,8.0,2.3,High
Good,Moderate,8.2,Energized,Minimal,Yes,5.7,5.9,Low
Low Mood,Moderate,6.4,Exhausted,Moderate,No,6.7,4.7,High
Good,Very Light,7.3,Energized,Very Social,No,3.3,7.8,Very Low
Okay,Very Light,7.1,Energized,Social,Yes,3.6,9.3,Low
Good,Very Light,9.0,Energized,Very Social,Yes,3.6,8.6,Very Low
Stressed,Heavy,5.1,Okay,None,Yes,7.3,4.8,High
Stressed,Very Heavy,5.3,Tired,Minimal,No,7.1,3.9,High
Great,Very Light,8.1,Okay,Very Social,Yes,4.5,8.5,Very Low
Low Mood,Heavy,7.8,Energized,Moderate,Yes,3.9,6.3,Normal
Low Mood,Heavy,5.1,Exhausted,Moderate,No,5.3,3.5,High
Great,Very Light,7.8,Okay,Social,Yes,3.6,6.2,Very Low
Good,Heavy,7.4,Tired,Moderate,No,5.1,5.1,Normal
Good,Moderate,9.0,Okay,Moderate,No,4.3,7.3,Low
Low Mood,Light,7.5,Okay,Minimal,Yes,3.4,6.8,Low
Good,Very Light,7.7,Very Energized,Very Social,Yes,2.7,7.6,Very Low
Good,Very Light,9.4,Energized,Very Social,Yes,2.8,5.6,Very Low
Stressed,Heavy,5.5,Okay,Minimal,Yes,7.4,2.1,High
Great,Moderate,8.6,Energized,Moderate,Yes,3.1,9.5,Very Low
Stressed,Very Heavy,5.1,Okay,Minimal,No,6.4,3.7,High
Great,Light,7.8,Energized,Moderate,Yes,4.3,8.0,Very Low
Okay,Moderate,7.8,Okay,Very Social,Yes,4.7,6.0,Normal
Low Mood,Heavy,8.3,Energized,Minimal,Yes,4.8,6.7,Normal
Low Mood,Very Heavy,5.3,Exhausted,None,No,7.4,2.5,High
Low Mood,Light,6.3,Energized,Social,Yes,5.9,7.2,Low
Low Mood,Heavy,4.0,Exhausted,None,No,9.7,1.4,High
Okay,Very Light,7.9,Energized,Very Social,Yes,2.0,7.3,Very Low
Good,Light,9.9,Energized,Very Social,Yes,1.3,9.4,Very Low
Stressed,Very Heavy,6.9,Tired,Minimal,No,6.3,3.8,High
Great,Light,8.8,Energized,Very Social,Yes,1.6,8.3,Very Low
Low Mood,Heavy,6.8,Okay,Moderate,Yes,5.1,7.0,Normal
Good,Very Light,7.7,Very Energized,Social,Yes,2.7,9.9,Very Low
Good,Moderate,6.3,Energized,Minimal,No,5.6,7.5,Low
Great,Light,9.5,Very Energized,Very Social,Yes,1.2,9.4,Very Low
Good,Light,7.7,Very Energized,Very Social,Yes,3.3,9.0,Very Low
Stressed,Very Heavy,4.1,Exhausted,None,No,8.4,3.0,Very High
Low Mood,Moderate,7.4,Tired,Minimal,No,3.4,4.9,Normal
Low Mood,Moderate,7.4,Tired,Minimal,Yes,5.4,6.1,Normal
Okay,Moderate,6.1,Tired,None,No,7.1,3.9,Normal
Stressed,Heavy,6.5,Okay,Minimal,No,8.2,4.4,High
Okay,Light,7.5,Okay,Social,No,3.6,5.1,Normal
Good,Very Light,9.6,Very Energized,Social,Yes,1.5,8.9,Very Low
Stressed,Heavy,4.7,Exhausted,Minimal,Yes,7.5,1.6,High
Okay,Light,7.4,Very Energized,Social,Yes,2.8,9.4,Low
Good,Heavy,7.6,Tired,Moderate,No,5.2,6.0,Normal
Okay,Light,8.4,Energized,Moderate,Yes,4.3,5.7,Low
Low Mood,Very Heavy,5.4,Tired,Minimal,No,7.3,1.9,High
Okay,Very Light,9.4,Okay,Very Social,Yes,4.5,8.3,Low
Good,Very Light,9.9,Very Energized,Very Social,Yes,1.4,10.8,Very Low
Good,Light,8.4,Energized,Minimal,No,3.0,4.2,Very Low
Good,Light,7.5,Energized,Social,Yes,2.0,8.7,Low
Good,Light,7.7,Very Energized,Social,Yes,2.8,8.6,Very Low
Good,Moderate,8.1,Tired,Social,Yes,4.6,6.0,Normal
Stressed,Very Heavy,5.1,Exhausted,None,No,6.0,2.3,Very High
Low Mood,Heavy,5.3,Exhausted,None,Yes,9.4,3.9,High
Low Mood,Very Heavy,5.8,Exhausted,Minimal,Yes,8.7,1.3,High
Okay,Light,7.9,Energized,Social,Yes,4.9,6.8,Low
Good,Heavy,8.0,Tired,Social,Yes,3.4,4.1,Low
Okay,Heavy,4.1,Exhausted,None,No,9.3,1.4,High
Low Mood,Heavy,5.3,Exhausted,Minimal,Yes,8.7,2.0,High
Low Mood,Heavy,5.7,Exhausted,Minimal,No,8.3,2.0,High
Good,Light,6.3,Okay,Moderate,No,3.4,5.7,Low
Good,Very Light,7.8,Energized,Very Social,Yes,1.1,7.2,Very Low
Great,Very Light,8.6,Energized,Social,No,2.2,6.3,Very Low
Good,Light,7.8,Energized,Moderate,No,3.3,7.6,Low
Low Mood,Heavy,6.5,Okay,None,No,5.9,5.0,Normal
Stressed,Very Heavy,6.2,Exhausted,None,No,5.9,3.5,Very High
Okay,Heavy,6.3,Okay,Moderate,Yes,4.5,7.5,Normal
Low Mood,Moderate,6.4,Okay,None,No,8.1,5.5,Normal
Great,Very Light,9.0,Energized,Social,Yes,2.7,9.7,Very Low
Low Mood,Moderate,7.4,Energized,Moderate,Yes,4.2,5.1,Low
Low Mood,Very Heavy,5.9,Tired,Moderate,Yes,8.2,5.1,Normal
Okay,Light,7.0,Energized,Social,No,5.5,5.1,Low
Stressed,Heavy,5.4,Tired,Minimal,No,7.9,2.3,Very High
Okay,Light,6.4,Tired,Moderate,No,5.1,4.2,Normal
Stressed,Heavy,6.6,Tired,Moderate,No,6.2,2.7,Very High
Low Mood,Heavy,5.1,Exhausted,None,Yes,8.5,2.2,High
Good,Heavy,6.3,Tired,Social,Yes,5.8,6.4,Normal
Low Mood,Heavy,5.0,Tired,None,No,7.9,1.4,Very High
Good,Heavy,8.2,Tired,Moderate,No,3.7,4.7,Normal
Low Mood,Moderate,6.5,Exhausted,Moderate,Yes,7.3,3.8,Normal
Okay,Light,8.5,Very Energized,Very Social,Yes,3.2,5.2,Low
Okay,Light,7.0,Tired,Minimal,Yes,5.2,7.1,Normal
Good,Very Light,8.1,Energized,Very Social,Yes,2.1,7.7,Very Low
Okay,Very Light,9.2,Energized,Moderate,No,2.3,5.0,Very Low
Stressed,Very Heavy,4.4,Exhausted,None,No,7.5,1.2,Very High
Okay,Light,7.0,Okay,Minimal,Yes,4.4,6.7,Low
Low Mood,Moderate,8.4,Tired,Social,Yes,3.5,6.1,Normal
Great,Light,9.4,Energized,Social,Yes,2.6,6.1,Very Low
Good,Light,8.6,Energized,Social,No,3.7,7.0,Very Low
Low Mood,Light,7.3,Okay,Moderate,Yes,3.5,8.8,Low
Good,Moderate,6.1,Exhausted,None,No,6.1,2.1,Normal
Great,Moderate,8.1,Okay,Social,Yes,3.2,5.9,Low
Good,Moderate,8.4,Very Energized,Moderate,No,2.1,5.5,Low
Low Mood,Heavy,6.4,Tired,Social,Yes,5.8,8.0,Normal
Low Mood,Very Heavy,4.5,Tired,Minimal,Yes,9.4,2.7,High
Okay,Very Light,7.9,Very Energized,Social,No,2.4,7.4,Very Low
Good,Moderate,6.4,Okay,Minimal,Yes,3.2,4.9,Low
Low Mood,Very Heavy,7.0,Exhausted,Moderate,Yes,5.3,4.7,High
Okay,Very Light,7.8,Very Energized,Moderate,Yes,2.7,6.1,Very Low
Low Mood,Heavy,5.0,Tired,None,No,9.3,2.6,High
Okay,Light,6.8,Okay,Social,No,4.6,6.6,Low
Low Mood,Heavy,8.1,Tired,Social,No,3.7,6.2,Normal
Low Mood,Moderate,5.4,Exhausted,Moderate,Yes,6.0,2.8,Normal
Good,Light,9.9,Very Energized,Very Social,Yes,2.6,11.1,Very Low
Good,Moderate,8.9,Okay,Moderate,No,4.6,7.6,Low
Okay,Light,8.0,Energized,Very Social,No,5.0,7.4,Low
Stressed,Very Heavy,6.1,Okay,None,No,5.5,4.8,High
Great,Light,9.4,Energized,Very Social,Yes,4.0,9.9,Very Low
Great,Very Light,8.0,Okay,Very Social,No,4.3,7.9,Very Low
Low Mood,Very Heavy,5.5,Exhausted,None,No,6.5,2.4,Very High
Good,Heavy,7.5,Energized,Moderate,No,4.4,5.6,Normal
Low Mood,Moderate,5.6,Exhausted,Moderate,Yes,6.2,3.8,High
Low Mood,Very Heavy,6.1,Tired,None,No,5.0,2.7,High
Stressed,Moderate,5.8,Exhausted,None,No,8.3,2.6,High
Okay,Light,6.9,Okay,Moderate,No,4.9,4.9,Normal
Good,Heavy,6.0,Tired,Moderate,Yes,6.0,3.4,Normal
Okay,Very Heavy,5.3,Exhausted,Minimal,Yes,7.5,5.9,High
Okay,Moderate,7.7,Okay,Very Social,No,4.4,6.2,Normal
Great,Very Light,8.0,Energized,Social,Yes,1.2,9.8,Very Low
Stressed,Moderate,6.9,Tired,None,No,8.9,4.5,Normal
Great,Very Light,9.1,Okay,Very Social,No,4.1,7.9,Very Low
Stressed,Very Heavy,4.2,Tired,None,No,9.0,2.7,High
Stressed,Moderate,5.4,Tired,Moderate,No,7.8,5.0,High
Low Mood,Heavy,5.4,Exhausted,Minimal,No,5.2,5.0,High
Okay,Very Light,8.1,Energized,Very Social,Yes,2.3,8.2,Very Low
Low Mood,Moderate,8.2,Energized,Moderate,No,3.7,5.1,Normal
Great,Light,7.5,Very Energized,Very Social,Yes,4.7,5.7,Very Low
Okay,Moderate,7.9,Tired,Social,Yes,3.9,7.5,Low
Low Mood,Light,7.2,Energized,Moderate,Yes,3.8,7.1,Normal
Good,Moderate,7.8,Okay,Minimal,No,6.0,6.2,Low
Stressed,Heavy,5.6,Tired,None,No,7.5,3.3,Very High
Low Mood,Light,7.4,Tired,Moderate,No,5.1,5.2,Normal
Great,Very Light,10.0,Very Energized,Very Social,Yes,3.4,10.9,Very Low
Okay,Very Light,8.5,Energized,Very Social,No,3.3,6.7,Low
Good,Very Light,8.1,Very Energized,Social,Yes,1.6,11.7,Very Low
Good,Very Light,8.3,Very Energized,Social,Yes,2.7,10.5,Very Low
Great,Very Light,8.9,Okay,Very Social,No,4.3,8.0,Very Low
Okay,Heavy,8.1,Okay,Social,Yes,3.6,7.9,Normal
Good,Moderate,8.0,Okay,Moderate,Yes,3.2,5.6,Low
Stressed,Heavy,4.9,Tired,None,No,8.6,3.6,High
Great,Very Light,9.9,Very Energized,Very Social,Yes,1.4,8.1,Very Low
Low Mood,Moderate,6.2,Tired,Moderate,No,6.2,2.7,Normal
Low Mood,Very Heavy,5.3,Exhausted,None,No,10.0,3.6,Very High
Good,Moderate,8.8,Very Energized,Moderate,Yes,2.5,5.3,Very Low
Stressed,Heavy,4.1,Tired,Minimal,No,9.1,3.7,Very High
Great,Moderate,8.3,Energized,Moderate,No,2.8,5.3,Low
Good,Light,8.3,Very Energized,Very Social,Yes,1.4,9.1,Very Low
Low Mood,Light,7.5,Very Energized,Very Social,Yes,4.5,9.2,Low
Okay,Heavy,6.5,Energized,Moderate,Yes,4.7,5.8,Low
Low Mood,Very Heavy,4.3,Exhausted,None,No,9.5,1.3,High
Low Mood,Moderate,5.4,Exhausted,Moderate,Yes,7.8,5.8,Normal
Good,Very Light,7.2,Okay,Very Social,Yes,3.2,6.2,Very Low
Low Mood,Heavy,4.5,Tired,Minimal,No,9.1,3.3,High
Good,Light,8.4,Very Energized,Social,Yes,1.1,7.5,Very Low
Stressed,Very Heavy,6.8,Exhausted,None,No,7.1,2.8,High
Great,Moderate,9.2,Very Energized,Social,Yes,3.6,7.9,Very Low
Low Mood,Very Heavy,4.6,Exhausted,None,No,9.8,2.2,Very High
Good,Light,6.0,Tired,Social,Yes,4.3,6.9,Low
Good,Light,7.2,Very Energized,Very Social,Yes,4.1,7.5,Very Low
Good,Heavy,8.1,Okay,Minimal,Yes,3.6,4.6,Normal
Okay,Heavy,5.9,Okay,Minimal,No,7.7,2.3,Normal
Good,Light,6.7,Tired,Social,Yes,3.4,4.7,Low
Great,Very Light,8.1,Energized,Very Social,Yes,1.2,12.0,Very Low
Stressed,Very Heavy,5.8,Okay,Minimal,Yes,5.3,2.1,High
Stressed,Heavy,5.2,Tired,Minimal,No,9.2,1.0,High
Stressed,Very Heavy,6.4,Okay,Minimal,Yes,6.3,3.9,High
Great,Very Light,7.8,Energized,Very Social,Yes,4.9,5.9,Very Low
Okay,Moderate,8.5,Okay,Social,No,4.9,5.1,Normal
Good,Moderate,8.6,Very Energized,Social,Yes,4.0,6.7,Low
Okay,Heavy,8.3,Tired,Social,Yes,4.7,5.8,Normal
Low Mood,Heavy,5.1,Tired,None,No,8.9,3.6,High
Good,Very Light,8.2,Energized,Social,Yes,2.4,10.1,Very Low
Low Mood,Moderate,8.3,Tired,Social,No,5.8,6.2,Normal
Stressed,Very Heavy,4.5,Exhausted,None,No,9.0,2.9,Very High
Okay,Moderate,6.0,Tired,Minimal,No,4.1,4.6,Normal
Good,Light,6.1,Energized,Minimal,No,3.6,6.8,Low
Stressed,Heavy,6.0,Tired,Minimal,No,9.1,3.8,High
Low Mood,Very Heavy,5.3,Okay,None,No,8.0,5.4,High
Great,Very Light,9.0,Very Energized,Social,Yes,1.2,10.7,Very Low
Great,Moderate,7.9,Okay,Very Social,Yes,3.9,9.7,Very Low
Okay,Very Heavy,5.7,Okay,Moderate,No,7.2,2.4,Normal
Stressed,Very Heavy,5.4,Tired,None,Yes,7.1,1.5,High
Low Mood,Very Heavy,6.5,Tired,Minimal,No,6.6,2.3,High
Okay,Light,8.0,Okay,Moderate,Yes,4.2,5.3,Low
Good,Heavy,7.6,Energized,Social,No,6.0,6.3,Normal
Good,Very Light,9.9,Very Energized,Social,Yes,2.2,7.4,Very Low
Great,Moderate,8.1,Energized,Social,No,3.3,9.7,Low
Low Mood,Moderate,5.2,Tired,Moderate,Yes,7.9,4.9,Normal
Okay,Heavy,7.0,Tired,Minimal,No,7.6,3.1,Normal
Stressed,Heavy,5.5,Tired,Minimal,No,9.1,2.5,High
Okay,Heavy,6.2,Energized,Moderate,Yes,4.7,7.2,Normal
Low Mood,Very Heavy,5.0,Tired,Minimal,No,8.9,3.9,High
Low Mood,Moderate,6.2,Tired,Moderate,No,5.1,4.9,Normal
Good,Heavy,7.2,Tired,Social,Yes,5.5,5.8,Low
Okay,Moderate,7.0,Energized,Minimal,Yes,5.2,7.3,Normal
Stressed,Very Heavy,4.9,Tired,None,Yes,8.7,2.2,High
Okay,Moderate,9.0,Very Energized,Moderate,No,3.1,7.6,Low
Okay,Very Heavy,6.7,Okay,None,No,8.2,3.3,High
Stressed,Heavy,5.1,Exhausted,Minimal,No,8.3,2.9,High
Stressed,Very Heavy,5.3,Tired,Minimal,No,9.2,3.9,High
Great,Very Light,7.6,Very Energized,Very Social,No,3.9,6.3,Very Low
Good,Moderate,8.1,Energized,Social,No,4.1,5.3,Low
Stressed,Very Heavy,5.1,Tired,Moderate,Yes,5.5,5.7,High
Okay,Heavy,7.1,Okay,Moderate,Yes,3.6,6.4,Low
Okay,Heavy,5.7,Okay,Moderate,No,7.9,2.8,Normal
Low Mood,Very Heavy,5.3,Exhausted,None,No,7.4,4.3,Very High
Okay,Moderate,8.3,Energized,Moderate,No,3.4,6.0,Normal
Good,Moderate,6.9,Energized,Social,No,5.2,5.8,Low
Good,Light,8.4,Energized,Social,Yes,3.9,10.4,Low
Okay,Moderate,7.0,Energized,Minimal,Yes,5.3,5.3,Low
Stressed,Moderate,5.3,Tired,None,No,7.0,3.3,High
Okay,Very Light,9.2,Very Energized,Moderate,Yes,4.1,9.2,Very Low
Low Mood,Moderate,7.1,Tired,Social,No,5.4,5.6,Normal
Good,Very Light,8.7,Very Energized,Social,No,4.2,7.6,Very Low
Low Mood,Very Heavy,4.3,Exhausted,None,No,7.4,3.1,Very High
Good,Heavy,8.3,Energized,Moderate,No,5.7,4.4,Normal
Good,Heavy,7.1,Tired,Moderate,No,5.8,6.9,Normal
Good,Heavy,7.7,Energized,Social,No,3.6,6.0,Low
Low Mood,Very Heavy,5.0,Okay,Minimal,No,7.0,2.4,High
Great,Light,9.3,Very Energized,Very Social,No,4.3,8.1,Very Low
Low Mood,Very Light,7.2,Energized,Moderate,Yes,4.1,7.7,Low
Low Mood,Heavy,7.4,Okay,Minimal,Yes,4.4,6.4,Normal
Stressed,Very Heavy,5.9,Exhausted,None,Yes,9.7,2.7,Very High
Good,Heavy,6.5,Tired,Social,Yes,4.3,5.5,Normal
Low Mood,Heavy,8.5,Tired,Moderate,Yes,5.3,4.4,Normal
Good,Moderate,8.2,Energized,Minimal,Yes,4.0,6.4,Low
Okay,Moderate,9.2,Energized,Very Social,Yes,2.7,8.2,Low
Stressed,Moderate,5.5,Tired,Minimal,No,5.4,2.9,Normal
Good,Moderate,6.9,Energized,Minimal,No,3.7,6.8,Low
Low Mood,Moderate,5.5,Exhausted,Moderate,Yes,8.6,3.7,High
Great,Moderate,8.8,Okay,Moderate,No,3.0,7.2,Low
Okay,Moderate,6.9,Okay,Minimal,No,5.0,2.1,Normal
Good,Very Heavy,7.9,Okay,Social,No,3.2,5.2,Normal
Stressed,Heavy,4.9,Exhausted,Minimal,No,9.0,3.5,High
Low Mood,Heavy,6.1,Tired,Minimal,No,3.7,6.6,High
Great,Very Light,8.8,Very Energized,Moderate,Yes,4.3,7.9,Very Low
Great,Moderate,7.7,Very Energized,Very Social,Yes,5.0,8.9,Very Low
Low Mood,Very Heavy,6.7,Tired,None,No,6.6,4.8,High
Good,Very Light,9.3,Very Energized,Very Social,Yes,2.5,8.1,Very Low
Good,Light,8.4,Very Energized,Very Social,Yes,1.2,8.7,Very Low
Stressed,Heavy,6.0,Tired,Minimal,No,8.5,5.5,High
Okay,Moderate,7.5,Energized,Moderate,Yes,3.2,6.4,Low
Okay,Light,7.9,Okay,Social,Yes,3.6,10.0,Low
Stressed,Heavy,5.1,Tired,None,No,7.4,2.8,High
Okay,Very Heavy,7.7,Okay,Social,Yes,5.1,6.7,Normal
Great,Very Light,9.3,Energized,Very Social,Yes,2.1,7.5,Very Low
Great,Light,7.6,Very Energized,Social,Yes,2.7,11.1,Very Low
Okay,Heavy,5.3,Tired,Minimal,No,8.6,3.4,High
Okay,Very Heavy,6.7,Exhausted,None,No,8.9,4.0,High
Good,Heavy,6.4,Okay,Minimal,No,5.6,4.4,Normal
Okay,Heavy,8.1,Energized,Social,No,3.6,6.3,Normal
Great,Very Light,9.7,Energized,Social,Yes,1.4,7.9,Very Low
Good,Moderate,6.1,Okay,Social,Yes,5.9,4.9,Low
Good,Light,8.3,Tired,Social,Yes,3.5,6.6,Low
Low Mood,Very Heavy,4.1,Exhausted,Minimal,No,7.4,3.8,High
Okay,Moderate,7.1,Okay,Moderate,Yes,5.0,6.0,Low
Okay,Light,6.3,Okay,Moderate,No,4.4,5.2,Low
Stressed,Very Heavy,5.6,Tired,Minimal,Yes,5.6,2.8,High
Okay,Moderate,6.5,Tired,Moderate,No,5.4,5.4,Normal
Good,Very Light,8.1,Very Energized,Moderate,No,3.8,5.9,Very Low
Low Mood,Very Heavy,5.6,Tired,Minimal,No,7.7,2.1,High
Okay,Very Light,7.8,Okay,Moderate,Yes,3.3,7.7,Very Low
Good,Light,7.9,Okay,Very Social,Yes,3.6,7.8,Very Low
Low Mood,Moderate,7.0,Tired,Social,Yes,4.0,7.9,Normal
Low Mood,Very Heavy,5.8,Tired,None,No,8.8,2.0,High
Good,Very Light,9.6,Energized,Very Social,No,1.8,11.8,Low
Great,Light,8.5,Okay,Social,No,3.7,9.8,Very Low
Okay,Moderate,5.5,Exhausted,Minimal,No,8.4,2.9,Normal
Good,Moderate,8.1,Very Energized,Very Social,Yes,3.9,6.6,Very Low
Good,Moderate,8.9,Very Energized,Social,No,3.8,7.9,Low
Low Mood,Heavy,7.0,Tired,Social,Yes,4.2,7.3,Normal
Stressed,Very Heavy,4.5,Tired,None,Yes,7.5,2.3,Very High
Low Mood,Heavy,5.5,Tired,Moderate,Yes,5.1,4.3,High
Good,Very Light,8.9,Very Energized,Moderate,Yes,3.3,7.9,Very Low
Low Mood,Very Heavy,4.8,Exhausted,None,No,7.9,3.2,Very High
Great,Light,7.6,Very Energized,Very Social,Yes,2.4,10.0,Very Low
Low Mood,Moderate,7.0,Energized,Moderate,Yes,5.5,5.9,Normal
Okay,Moderate,8.2,Tired,Social,No,4.4,7.5,Low
Great,Very Light,9.3,Energized,Very Social,No,2.4,8.9,Very Low
Okay,Light,8.5,Energized,Moderate,Yes,4.7,9.4,Low
Okay,Moderate,5.8,Exhausted,Moderate,No,5.2,4.1,Normal
Good,Very Light,9.4,Very Energized,Moderate,No,4.0,6.5,Low
Good,Light,8.4,Energized,Social,Yes,3.2,5.5,Very Low
Good,Heavy,6.0,Okay,Minimal,No,4.5,5.5,Normal
Good,Very Light,7.2,Energized,Moderate,Yes,5.3,6.9,Very Low
Good,Heavy,8.4,Tired,Moderate,Yes,5.4,7.0,Low
Low Mood,Light,8.0,Energized,Moderate,No,5.3,6.2,Normal
Great,Light,7.8,Energized,Very Social,Yes,4.6,7.0,Very Low
Good,Very Light,7.7,Energized,Social,Yes,2.2,9.3,Very Low
Okay,Light,7.3,Tired,Moderate,Yes,5.4,8.0,Low
Low Mood,Heavy,5.7,Tired,Minimal,No,5.8,4.8,High
Low Mood,Heavy,5.4,Tired,Minimal,No,8.4,2.8,High
Good,Moderate,7.9,Energized,Moderate,Yes,6.0,5.9,Low
Stressed,Moderate,5.5,Tired,None,Yes,5.7,3.2,High
Low Mood,Very Heavy,5.8,Exhausted,Minimal,No,9.3,3.3,High
Okay,Heavy,5.4,Exhausted,None,Yes,6.1,5.1,High
Low Mood,Heavy,4.9,Exhausted,Minimal,No,8.6,1.6,High
Stressed,Heavy,5.7,Tired,Moderate,No,7.7,5.0,High
Stressed,Very Heavy,4.1,Exhausted,Minimal,No,9.3,1.7,Very High
Great,Very Light,7.2,Very Energized,Social,No,2.1,6.4,Very Low
Good,Very Heavy,6.3,Exhausted,Moderate,No,7.0,4.4,High
Stressed,Very Heavy,5.6,Tired,None,No,8.2,3.2,High
Stressed,Very Heavy,5.3,Exhausted,Minimal,No,7.1,5.4,High
Good,Very Light,8.5,Energized,Social,Yes,2.9,7.2,Very Low
Good,Light,9.5,Very Energized,Social,No,4.0,8.2,Low
Low Mood,Heavy,7.3,Energized,Moderate,No,5.7,7.2,Normal
Great,Very Light,7.8,Energized,Social,Yes,3.7,9.4,Very Low
Good,Moderate,7.8,Tired,Minimal,No,6.0,5.8,Normal
Stressed,Heavy,4.2,Exhausted,Minimal,No,7.3,1.2,Very High
Stressed,Moderate,5.9,Tired,None,Yes,7.8,3.0,High
Okay,Moderate,6.7,Okay,Minimal,Yes,3.2,5.7,Normal
Good,Light,7.5,Very Energized,Very Social,Yes,4.5,7.2,Very Low
Great,Light,9.4,Okay,Very Social,Yes,4.1,9.0,Very Low
Low Mood,Light,6.4,Energized,Moderate,Yes,3.6,7.3,Low
Good,Light,6.6,Tired,Moderate,No,3.2,4.2,Low
Great,Light,9.4,Energized,Social,No,2.7,8.8,Very Low
Low Mood,Light,6.9,Okay,Minimal,No,3.7,7.8,Normal
Great,Very Light,8.1,Okay,Moderate,Yes,3.8,7.6,Very Low
Great,Very Light,7.5,Very Energized,Social,No,4.5,8.0,Very Low
Okay,Very Light,8.2,Very Energized,Very Social,Yes,3.6,8.7,Very Low
Okay,Heavy,6.4,Okay,Social,No,3.3,7.5,Normal
Low Mood,Light,6.9,Okay,Social,Yes,4.0,5.7,Low
Low Mood,Light,6.6,Energized,Minimal,No,4.0,5.8,Normal
Good,Very Light,8.8,Very Energized,Social,Yes,1.9,8.8,Very Low
Good,Light,8.2,Very Energized,Very Social,Yes,1.8,7.8,Very Low
Great,Light,7.0,Okay,Very Social,Yes,4.4,8.8,Very Low
Stressed,Heavy,5.1,Tired,Minimal,No,8.1,3.1,High
Stressed,Very Heavy,5.9,Exhausted,Minimal,Yes,9.2,2.5,Very High
Okay,Heavy,5.7,Tired,None,No,8.5,4.9,High
Okay,Very Heavy,5.3,Exhausted,Moderate,No,8.8,2.4,High
Good,Very Light,6.2,Okay,Minimal,Yes,3.6,4.1,Low
Okay,Moderate,6.1,Okay,Minimal,Yes,8.6,5.1,Normal
Okay,Heavy,6.1,Energized,Moderate,No,3.7,4.8,Normal
Stressed,Moderate,6.8,Tired,None,Yes,5.1,4.9,Normal
Good,Heavy,7.3,Okay,Moderate,Yes,4.5,4.0,Normal
Good,Moderate,9.0,Okay,Moderate,Yes,4.0,9.6,Low
Low Mood,Very Heavy,6.8,Okay,Minimal,Yes,7.5,3.7,Normal
Good,Heavy,7.9,Okay,Social,Yes,3.8,7.5,Low
Good,Very Light,8.8,Okay,Social,Yes,3.5,7.7,Very Low
Low Mood,Very Heavy,5.3,Exhausted,None,No,7.7,4.2,Very High
Okay,Very Heavy,5.2,Okay,None,No,6.9,4.4,Normal
Okay,Heavy,7.5,Energized,Moderate,Yes,5.4,7.7,Low
Stressed,Heavy,6.9,Okay,None,No,5.5,2.8,High
Okay,Moderate,6.4,Okay,Minimal,No,6.7,5.0,Normal
Great,Very Light,9.6,Very Energized,Very Social,Yes,3.8,7.8,Very Low
Good,Very Light,8.9,Very Energized,Social,Yes,4.1,6.1,Very Low
Great,Light,8.5,Very Energized,Social,Yes,3.4,5.3,Very Low
Great,Very Light,8.4,Very Energized,Social,Yes,3.1,8.5,Very Low
Stressed,Heavy,4.2,Exhausted,None,No,9.4,1.1,High
Stressed,Heavy,5.7,Tired,Minimal,No,6.7,2.7,Very High
Okay,Heavy,7.9,Energized,Moderate,No,3.1,5.3,Normal
Okay,Heavy,7.1,Okay,Very Social,Yes,4.0,9.1,Low
Stressed,Heavy,6.0,Tired,Minimal,No,7.9,5.5,High
Low Mood,Heavy,7.0,Tired,Minimal,Yes,4.8,7.2,High
Stressed,Moderate,5.1,Tired,Minimal,No,6.5,2.3,High
Low Mood,Light,6.9,Energized,Social,No,4.7,7.5,Low
Okay,Heavy,6.6,Okay,None,No,5.3,2.8,Normal
Low Mood,Moderate,6.9,Okay,Social,Yes,5.6,6.0,Normal
Stressed,Very Heavy,5.3,Exhausted,Minimal,No,7.0,3.5,Very High
Low Mood,Heavy,7.7,Okay,Social,Yes,4.8,4.6,Normal
Okay,Light,6.3,Energized,Minimal,No,3.4,7.9,Low
Okay,Very Light,9.2,Energized,Social,Yes,4.6,6.6,Low
Low Mood,Heavy,5.0,Okay,None,No,5.5,5.4,Normal
Okay,Moderate,6.2,Okay,Minimal,No,8.1,5.0,Normal
Okay,Light,8.0,Okay,Very Social,No,4.1,6.0,Low
Okay,Very Light,8.2,Energized,Social,Yes,3.7,5.6,Very Low
Okay,Moderate,7.9,Tired,Minimal,No,4.7,7.2,Normal
Stressed,Very Heavy,4.7,Exhausted,None,No,8.5,3.5,Very High
Okay,Light,8.5,Okay,Moderate,Yes,2.8,6.4,Low
Good,Light,7.8,Very Energized,Social,Yes,3.7,11.8,Very Low
Good,Light,8.6,Okay,Moderate,Yes,3.5,7.9,Low
Low Mood,Very Heavy,6.5,Tired,None,No,9.0,3.3,High
Low Mood,Heavy,5.3,Tired,Moderate,No,6.8,2.1,High
Okay,Light,8.6,Very Energized,Social,Yes,1.0,9.8,Low
Low Mood,Moderate,6.4,Tired,Moderate,No,5.7,3.8,High
Stressed,Moderate,6.3,Okay,None,No,8.8,4.0,High
Good,Light,7.9,Energized,Social,Yes,3.2,8.2,Very Low
Good,Moderate,7.6,Energized,Moderate,No,4.1,9.9,Low
Okay,Very Heavy,6.6,Exhausted,Minimal,No,5.7,2.6,High
Low Mood,Heavy,5.9,Tired,None,No,9.0,2.8,High
Stressed,Very Heavy,5.5,Okay,Moderate,Yes,6.1,5.1,High
Good,Heavy,5.1,Tired,Moderate,No,8.5,4.4,Normal
Good,Heavy,8.3,Okay,Social,Yes,3.1,5.0,Low
Low Mood,Very Heavy,5.3,Exhausted,None,No,9.7,2.8,Very High
Great,Very Light,8.1,Okay,Social,No,3.1,7.1,Very Low
Stressed,Very Heavy,5.2,Okay,None,No,7.0,2.8,High
Stressed,Very Heavy,4.3,Exhausted,None,No,8.2,3.7,Very High
Okay,Light,7.6,Tired,Minimal,Yes,4.5,4.2,Normal
Good,Very Light,9.3,Energized,Social,Yes,1.1,8.7,Very Low
Stressed,Very Heavy,5.9,Exhausted,None,No,5.6,4.6,Very High
Okay,Light,6.2,Tired,Moderate,Yes,3.6,6.5,Normal
Stressed,Heavy,6.5,Tired,None,No,7.8,5.5,High
Okay,Moderate,7.9,Very Energized,Social,Yes,3.4,6.0,Low
Okay,Heavy,5.9,Tired,None,Yes,6.0,4.6,Normal
Stressed,Moderate,6.6,Exhausted,Moderate,No,7.5,5.7,High
Good,Moderate,5.8,Tired,None,Yes,7.0,4.8,Normal
Good,Heavy,8.2,Tired,Moderate,No,4.1,6.0,Normal
Okay,Very Heavy,6.5,Okay,None,No,7.9,4.6,High
Good,Heavy,7.5,Tired,Minimal,No,5.5,4.0,Normal
Great,Very Light,9.0,Very Energized,Moderate,Yes,3.7,7.4,Very Low
Okay,Moderate,6.8,Exhausted,Minimal,No,7.6,4.4,Normal
Great,Moderate,8.5,Very Energized,Social,Yes,4.4,9.8,Very Low
Okay,Light,8.2,Okay,Moderate,Yes,2.9,8.1,Low
Stressed,Very Heavy,6.8,Okay,None,No,8.6,5.8,High
Okay,Moderate,6.0,Okay,Moderate,No,8.5,2.2,Normal
Okay,Heavy,7.9,Energized,Moderate,Yes,3.2,7.0,Normal
Good,Very Light,8.7,Energized,Very Social,Yes,3.1,8.9,Very Low
Great,Very Light,8.3,Very Energized,Social,Yes,2.5,6.9,Very Low
Okay,Very Light,8.7,Okay,Social,No,3.4,7.6,Low
Good,Light,8.2,Energized,Social,Yes,5.5,7.6,Very Low
Good,Light,8.8,Energized,Social,Yes,2.8,8.6,Very Low
Low Mood,Moderate,7.0,Energized,Minimal,No,5.9,4.8,Normal
Stressed,Moderate,6.6,Exhausted,Minimal,No,8.0,2.3,High
Great,Light,7.6,Very Energized,Very Social,Yes,2.1,10.5,Very Low
Okay,Moderate,6.0,Tired,Moderate,Yes,6.2,5.4,Normal
Stressed,Heavy,5.0,Exhausted,Minimal,No,8.2,3.5,High
Okay,Heavy,7.6,Tired,Social,Yes,5.7,4.9,Normal
Good,Very Light,8.4,Energized,Very Social,Yes,1.3,11.2,Very Low
Good,Light,6.0,Energized,Minimal,No,4.0,6.3,Low
Low Mood,Very Heavy,6.1,Tired,Minimal,No,5.6,3.3,High
Great,Moderate,10.0,Very Energized,Very Social,Yes,2.9,8.4,Very Low
Okay,Moderate,6.1,Energized,Moderate,Yes,5.9,6.1,Low
Good,Light,8.8,Very Energized,Social,Yes,2.0,7.1,Very Low
Good,Very Light,8.5,Very Energized,Social,No,1.2,10.0,Very Low
Good,Light,7.8,Okay,Moderate,Yes,5.3,7.5,Low
Good,Very Light,9.3,Very Energized,Very Social,Yes,3.3,5.5,Very Low
Good,Very Light,8.8,Energized,Very Social,Yes,1.3,8.3,Very Low
Okay,Heavy,7.4,Tired,Social,Yes,4.7,4.2,Normal
Okay,Moderate,9.4,Okay,Social,Yes,4.1,8.6,Low
Low Mood,Heavy,6.2,Tired,Social,No,5.3,6.4,High
Good,Very Light,7.6,Okay,Moderate,No,3.6,6.9,Low
Stressed,Heavy,5.9,Exhausted,None,No,7.9,1.8,High
Low Mood,Light,7.2,Okay,Moderate,Yes,3.4,6.5,Normal
Low Mood,Heavy,5.1,Exhausted,Minimal,No,8.4,2.6,Very High
Low Mood,Very Heavy,6.9,Tired,Minimal,No,7.1,2.9,High
Low Mood,Very Heavy,5.0,Tired,Minimal,Yes,5.5,2.9,High
Okay,Moderate,8.3,Energized,Moderate,No,3.4,7.9,Low
Okay,Light,6.1,Okay,Minimal,No,4.0,7.2,Normal
Okay,Heavy,6.9,Okay,Moderate,Yes,4.9,6.0,Normal
Okay,Light,7.5,Energized,Social,No,4.0,9.4,Low
Good,Very Light,9.0,Very Energized,Very Social,Yes,2.3,9.5,Very Low
Stressed,Very Heavy,4.2,Tired,Minimal,Yes,8.5,2.4,Very High
Stressed,Very Heavy,5.9,Exhausted,Moderate,No,6.9,5.7,High
Okay,Light,7.2,Energized,Social,Yes,4.0,5.9,Low
Low Mood,Heavy,5.4,Tired,None,No,7.5,2.7,High
Good,Light,8.4,Energized,Social,Yes,4.0,11.9,Low
Good,Very Light,7.4,Okay,Social,Yes,4.9,9.9,Very Low
Good,Heavy,6.9,Tired,Minimal,Yes,4.5,6.3,Normal
Okay,Heavy,6.2,Exhausted,Moderate,Yes,7.4,5.8,Normal
Great,Very Light,8.3,Very Energized,Very Social,Yes,3.8,8.0,Very Low
Low Mood,Very Heavy,5.2,Tired,Minimal,No,7.9,2.5,Very High
Okay,Light,6.2,Tired,Minimal,No,4.9,5.6,Normal
Okay,Moderate,7.0,Tired,Minimal,No,3.6,6.4,Normal
Stressed,Very Heavy,4.1,Exhausted,None,Yes,10.0,1.1,Very High
Great,Moderate,7.1,Energized,Minimal,Yes,3.8,4.6,Low
Good,Very Heavy,7.3,Okay,Minimal,Yes,3.7,5.3,Normal
Good,Moderate,7.0,Energized,Minimal,Yes,3.8,8.0,Low
Good,Very Light,9.6,Energized,Very Social,Yes,3.5,7.3,Very Low
Okay,Very Heavy,5.8,Okay,Minimal,No,8.8,4.9,High
Okay,Light,7.7,Okay,Moderate,Yes,2.9,5.4,Low
Okay,Light,9.5,Energized,Moderate,Yes,2.3,7.9,Low
Low Mood,Moderate,7.5,Energized,Minimal,Yes,3.7,7.6,Normal
Okay,Very Light,9.4,Very Energized,Very Social,Yes,2.8,6.2,Very Low
Great,Very Light,9.2,Energized,Moderate,Yes,2.2,7.3,Very Low
Okay,Moderate,7.6,Energized,Social,Yes,3.8,5.9,Normal
Okay,Light,6.1,Energized,Moderate,No,5.2,6.0,Low
Great,Very Light,9.6,Energized,Social,Yes,3.1,10.1,Very Low
Great,Moderate,8.1,Energized,Social,Yes,4.9,6.1,Low
Low Mood,Heavy,6.9,Tired,Moderate,No,3.3,7.1,Normal
Low Mood,Moderate,6.6,Energized,Minimal,No,3.9,7.5,Low
Great,Heavy,8.1,Energized,Social,No,4.8,4.8,Low
Okay,Moderate,6.7,Exhausted,Moderate,Yes,5.4,4.6,Normal
Great,Moderate,9.0,Very Energized,Moderate,Yes,3.6,9.5,Very Low
Great,Very Light,9.1,Very Energized,Social,No,3.7,7.1,Very Low
Low Mood,Very Heavy,6.7,Okay,None,No,7.0,2.5,High
Low Mood,Heavy,5.2,Okay,Moderate,No,8.0,3.0,High
Stressed,Heavy,5.6,Exhausted,Minimal,Yes,8.5,3.3,Very High
Good,Light,6.8,Energized,Social,No,3.0,6.5,Low
Good,Light,8.7,Energized,Moderate,Yes,4.7,8.4,Low
Stressed,Very Heavy,5.1,Exhausted,None,No,9.9,2.3,Very High
Okay,Moderate,8.0,Energized,Moderate,Yes,3.8,7.0,Low
Low Mood,Heavy,5.8,Exhausted,None,Yes,7.5,6.0,High
Good,Very Light,8.0,Very Energized,Social,Yes,1.1,7.8,Very Low
Great,Very Light,8.8,Energized,Social,Yes,2.4,11.2,Very Low
Okay,Light,7.7,Energized,Social,No,4.3,7.3,Low
Good,Light,8.3,Energized,Social,No,1.3,9.4,Very Low
Great,Light,9.0,Very Energized,Social,No,3.2,5.6,Very Low
Low Mood,Moderate,6.2,Energized,Moderate,No,5.2,7.6,Normal
Low Mood,Heavy,8.5,Energized,Moderate,Yes,5.1,7.5,Normal
Low Mood,Moderate,7.3,Okay,Moderate,No,4.0,5.1,Low
Great,Light,7.5,Energized,Very Social,Yes,2.4,10.0,Very Low
Good,Moderate,6.7,Okay,Minimal,Yes,3.7,6.2,Low
Okay,Moderate,6.1,Energized,Moderate,Yes,5.1,6.5,Normal
Okay,Moderate,8.3,Okay,Moderate,Yes,3.3,8.8,Low
Good,Light,8.0,Okay,Moderate,Yes,4.8,6.0,Low
Great,Light,9.7,Very Energized,Very Social,Yes,3.2,8.9,Very Low
Good,Moderate,8.9,Energized,Moderate,No,3.8,10.0,Low
Low Mood,Light,8.2,Okay,Moderate,No,5.9,4.3,Low
Okay,Moderate,5.8,Exhausted,Minimal,Yes,8.7,5.6,High
Okay,Moderate,6.3,Exhausted,Minimal,No,7.3,3.1,Normal
Good,Light,8.8,Energized,Social,Yes,2.6,11.8,Low
Stressed,Very Heavy,4.1,Exhausted,None,No,7.7,3.6,Very High
Low Mood,Light,6.4,Tired,Minimal,No,4.5,5.7,Normal
Good,Light,7.3,Okay,Minimal,No,4.0,5.6,Low
Good,Light,7.9,Very Energized,Moderate,Yes,2.6,9.3,Very Low
Okay,Light,7.7,Tired,Moderate,Yes,4.5,7.8,Low
Great,Light,9.2,Very Energized,Social,Yes,3.9,7.5,Very Low
Good,Moderate,8.4,Okay,Social,Yes,2.1,6.3,Low
Okay,Heavy,5.2,Okay,None,No,7.1,3.6,High
Low Mood,Moderate,7.2,Energized,Minimal,Yes,4.6,6.3,Normal
Stressed,Heavy,5.0,Exhausted,Minimal,No,8.5,3.7,High
Good,Light,8.3,Tired,Minimal,No,4.6,4.8,Low
Okay,Light,9.5,Very Energized,Moderate,No,2.7,9.4,Low
Low Mood,Heavy,5.9,Exhausted,None,Yes,8.4,2.8,High
Low Mood,Moderate,7.9,Tired,Social,No,4.5,6.3,Normal
Okay,Light,9.1,Very Energized,Social,Yes,2.2,8.6,Very Low
Low Mood,Moderate,5.2,Tired,Moderate,Yes,6.0,5.2,High
Good,Very Light,8.8,Energized,Very Social,Yes,1.3,7.2,Very Low
Good,Heavy,7.3,Tired,Minimal,Yes,5.7,6.3,Normal
Okay,Light,8.2,Energized,Minimal,No,4.3,7.6,Low
Okay,Moderate,5.9,Tired,Moderate,No,7.1,4.8,Normal
Low Mood,Light,6.4,Tired,Social,No,5.1,7.3,Normal
Low Mood,Light,6.2,Energized,Social,No,5.8,7.3,Normal
Okay,Heavy,5.8,Okay,None,No,8.7,5.0,Normal
Great,Light,9.6,Very Energized,Social,Yes,2.4,10.1,Very Low
Good,Heavy,6.9,Tired,Moderate,Yes,4.7,7.3,Normal
Okay,Light,7.1,Okay,Moderate,No,3.6,6.9,Normal
Good,Heavy,7.8,Tired,Social,No,3.3,4.7,Normal
Okay,Very Heavy,6.2,Exhausted,Moderate,No,8.7,2.9,High
Stressed,Heavy,4.7,Exhausted,Minimal,No,7.8,2.5,Very High
Good,Heavy,6.0,Energized,Social,No,3.3,6.7,Normal
Stressed,Light,8.4,Energized,Moderate,Yes,5.3,7.7,Low
Okay,Heavy,5.9,Okay,Minimal,No,5.1,4.1,Normal
Stressed,Very Heavy,4.4,Tired,Minimal,No,8.6,1.9,Very High
Stressed,Heavy,4.4,Tired,Minimal,No,7.7,1.8,High
Good,Light,6.4,Energized,Moderate,Yes,4.9,5.1,Low
Okay,Very Light,9.3,Okay,Very Social,Yes,3.4,9.5,Very Low
Good,Very Light,7.1,Very Energized,Moderate,No,3.3,6.6,Very Low
Okay,Very Light,9.0,Okay,Very Social,Yes,2.6,8.9,Low
Okay,Moderate,6.9,Tired,Minimal,Yes,5.9,7.6,Normal
Good,Light,8.4,Energized,Social,Yes,2.1,8.4,Very Low
Good,Light,7.6,Okay,Very Social,Yes,3.8,9.8,Very Low
Low Mood,Heavy,4.0,Exhausted,Minimal,No,8.6,3.4,Very High
Great,Light,8.4,Very Energized,Very Social,Yes,2.6,8.2,Very Low
Great,Light,8.8,Okay,Moderate,Yes,4.4,7.7,Low
Stressed,Moderate,6.4,Tired,Moderate,No,5.2,5.0,High
Okay,Moderate,6.5,Exhausted,Moderate,No,6.4,3.1,Normal
Okay,Very Light,9.4,Energized,Moderate,Yes,4.2,6.9,Low
Low Mood,Heavy,5.9,Exhausted,Minimal,No,7.5,3.1,High
Good,Heavy,7.3,Okay,Moderate,No,3.7,7.7,Normal
Low Mood,Moderate,5.7,Okay,None,No,8.5,3.4,High
Low Mood,Very Heavy,4.8,Tired,Minimal,No,9.5,3.9,High
Okay,Heavy,7.5,Energized,Moderate,No,5.8,4.2,Low
Great,Light,8.9,Energized,Social,Yes,1.3,8.1,Very Low
Okay,Light,7.5,Okay,Social,Yes,3.5,7.0,Low
Good,Heavy,6.4,Okay,Moderate,No,6.0,7.4,Normal
Stressed,Heavy,4.3,Exhausted,Minimal,No,9.5,3.0,High
Good,Heavy,6.9,Tired,Moderate,Yes,5.8,5.7,Normal
Okay,Heavy,5.7,Okay,None,Yes,6.8,5.0,Normal
Good,Light,7.6,Very Energized,Social,Yes,2.3,7.7,Very Low
Okay,Light,9.7,Energized,Very Social,No,3.2,7.7,Low
Low Mood,Heavy,4.6,Tired,Minimal,No,7.9,3.0,High
Good,Very Light,8.3,Okay,Social,Yes,2.9,7.5,Very Low
Great,Light,9.6,Very Energized,Social,No,1.9,9.7,Very Low
Low Mood,Light,7.0,Energized,Moderate,Yes,5.2,6.1,Low
Good,Heavy,7.6,Energized,Minimal,No,4.5,6.6,Low
Okay,Very Heavy,6.6,Tired,Minimal,No,8.4,5.5,High
Stressed,Heavy,6.0,Exhausted,None,Yes,8.4,3.0,High
Low Mood,Light,6.7,Tired,Moderate,Yes,5.7,4.0,Normal
Great,Very Light,7.4,Okay,Social,Yes,2.7,6.2,Very Low
Okay,Light,7.9,Very Energized,Social,Yes,4.2,7.0,Low
Good,Moderate,6.8,Okay,Minimal,Yes,4.9,5.3,Low
Low Mood,Very Light,8.2,Energized,Very Social,Yes,4.2,8.1,Low
Low Mood,Light,8.2,Tired,Social,Yes,3.5,4.7,Normal
Okay,Heavy,6.8,Okay,Social,Yes,4.9,7.5,Normal
Okay,Heavy,6.3,Energized,Moderate,No,5.3,6.6,Normal
Great,Moderate,9.0,Energized,Moderate,No,4.9,9.3,Low
Okay,Very Heavy,6.8,Tired,None,Yes,7.7,2.3,High
Okay,Very Heavy,6.7,Exhausted,Minimal,No,8.5,5.1,High
Good,Light,8.6,Energized,Very Social,Yes,3.1,9.1,Very Low
Good,Very Light,7.3,Energized,Very Social,Yes,3.2,8.9,Very Low
Low Mood,Very Heavy,4.7,Exhausted,None,No,7.4,1.5,Very High
Low Mood,Light,8.1,Okay,Minimal,No,5.5,7.9,Normal
Great,Very Light,8.7,Very Energized,Social,Yes,2.9,7.6,Very Low
Okay,Moderate,5.4,Okay,Moderate,No,8.6,5.5,Normal
Low Mood,Very Heavy,5.9,Tired,Moderate,No,6.3,4.2,High
Low Mood,Very Heavy,5.2,Tired,None,No,9.0,2.1,High
Good,Moderate,6.0,Exhausted,None,Yes,6.7,4.9,Normal
Okay,Light,6.7,Energized,Moderate,Yes,5.6,6.2,Low
Great,Very Light,9.9,Energized,Social,No,3.4,11.8,Very Low
Great,Very Light,9.4,Energized,Very Social,Yes,3.4,11.5,Very Low
Okay,Heavy,5.7,Tired,Moderate,No,7.8,2.9,High
Okay,Light,6.1,Okay,Moderate,No,5.6,6.2,Normal
Okay,Moderate,7.0,Okay,Minimal,No,3.0,4.4,Normal
Stressed,Very Heavy,5.3,Exhausted,None,No,7.4,1.2,Very High
Low Mood,Heavy,5.5,Tired,Minimal,Yes,9.3,1.2,Normal
Good,Light,7.7,Tired,Social,Yes,5.8,6.5,Low
Low Mood,Moderate,6.7,Energized,Social,Yes,5.6,5.9,Normal
Stressed,Heavy,6.5,Okay,Minimal,Yes,8.5,3.7,High
Great,Light,7.6,Very Energized,Social,Yes,2.1,9.1,Very Low
Okay,Very Heavy,6.2,Tired,None,Yes,5.5,4.2,High
Okay,Heavy,6.7,Okay,Minimal,Yes,5.7,4.2,Normal
Low Mood,Light,6.7,Energized,Minimal,No,4.6,7.2,Normal
Low Mood,Very Light,8.3,Energized,Social,Yes,4.5,7.2,Low
Stressed,Heavy,5.6,Tired,Minimal,No,9.0,1.7,High
Okay,Light,9.2,Okay,Moderate,No,3.3,5.1,Low
Good,Heavy,6.5,Okay,Moderate,Yes,4.5,7.5,Low
Okay,Moderate,7.2,Energized,Very Social,No,3.3,9.0,Low
Okay,Moderate,6.2,Okay,Moderate,No,5.0,4.1,Normal
Okay,Very Light,8.6,Okay,Very Social,Yes,3.9,7.6,Low
Great,Very Light,8.9,Okay,Social,Yes,2.8,5.3,Very Low
Okay,Very Heavy,6.4,Exhausted,Minimal,No,6.8,5.4,Normal
Low Mood,Heavy,6.6,Tired,None,No,5.2,3.7,High
Great,Moderate,8.9,Very Energized,Very Social,No,2.2,8.9,Very Low
Great,Very Light,8.0,Very Energized,Very Social,Yes,2.8,10.4,Very Low
Great,Very Light,8.6,Very Energized,Very Social,Yes,3.9,9.1,Very Low
Low Mood,Very Heavy,5.7,Tired,None,No,8.7,2.1,High
Low Mood,Heavy,4.4,Exhausted,Minimal,No,8.2,2.6,Very High
Okay,Moderate,6.5,Okay,Moderate,No,6.3,3.5,Normal
Good,Light,9.9,Energized,Very Social,No,1.2,8.6,Very Low
Okay,Moderate,6.6,Energized,Minimal,Yes,3.1,7.1,Normal
Great,Very Light,9.9,Energized,Social,No,3.6,10.5,Very Low
Okay,Heavy,7.8,Tired,Moderate,No,4.4,5.2,Normal
Low Mood,Moderate,6.5,Okay,Social,Yes,3.7,4.1,Normal
Okay,Light,7.7,Okay,Social,No,5.9,4.3,Low
Low Mood,Very Heavy,4.4,Tired,Minimal,No,8.3,1.3,Very High
Low Mood,Heavy,5.6,Tired,None,No,8.4,1.9,Normal
Okay,Heavy,8.5,Energized,Minimal,No,5.7,5.2,Normal
Great,Light,7.8,Energized,Social,Yes,3.5,11.8,Very Low
Low Mood,Light,8.2,Tired,Moderate,Yes,3.1,5.3,Normal
Great,Very Light,9.3,Energized,Very Social,Yes,1.9,11.1,Very Low
Good,Very Light,7.6,Okay,Very Social,Yes,4.1,7.2,Very Low
Stressed,Heavy,6.3,Exhausted,None,No,7.8,4.9,High
Low Mood,Heavy,5.6,Tired,None,Yes,9.0,1.5,High
Low Mood,Moderate,8.1,Tired,Moderate,Yes,3.7,6.4,Normal
Low Mood,Light,7.0,Energized,Moderate,No,5.0,4.1,Normal
Okay,Moderate,6.9,Exhausted,None,Yes,7.6,3.9,Normal
Okay,Light,8.1,Okay,Social,No,4.3,5.7,Low
Okay,Moderate,7.3,Energized,Moderate,Yes,2.3,9.9,Low
Good,Very Light,7.9,Very Energized,Social,Yes,2.9,9.0,Very Low
Good,Light,6.4,Tired,Social,Yes,6.0,4.7,Low
Stressed,Heavy,5.6,Exhausted,Minimal,No,8.6,3.5,Very High
Okay,Very Heavy,6.8,Tired,Moderate,No,8.9,2.4,High
Okay,Moderate,8.5,Okay,Moderate,Yes,4.6,8.5,Normal
Great,Very Light,9.8,Energized,Social,No,3.4,11.4,Very Low
Low Mood,Moderate,6.4,Exhausted,None,No,6.8,4.2,Normal
Good,Very Light,9.0,Very Energized,Social,Yes,3.6,11.7,Very Low
Good,Very Light,8.0,Energized,Social,Yes,2.9,11.0,Very Low
Great,Light,9.0,Very Energized,Very Social,Yes,1.8,11.8,Very Low
Low Mood,Very Heavy,5.6,Okay,Moderate,No,5.1,4.0,High
Low Mood,Moderate,5.8,Okay,None,No,7.2,5.6,Normal
Stressed,Very Heavy,4.1,Tired,Minimal,No,8.6,2.6,Very High
Stressed,Heavy,5.2,Exhausted,None,No,7.7,1.2,High
Okay,Heavy,7.4,Okay,Moderate,Yes,5.5,4.5,Normal
Great,Light,8.4,Energized,Social,No,1.2,11.7,Very Low
Stressed,Heavy,4.1,Exhausted,None,Yes,8.9,3.8,Very High
Good,Moderate,8.0,Okay,Very Social,Yes,3.8,6.5,Low
Okay,Very Light,7.6,Okay,Very Social,No,2.3,7.5,Low
Low Mood,Heavy,4.8,Tired,None,No,7.8,3.2,High
Good,Very Light,7.2,Energized,Social,Yes,3.1,7.4,Very Low
Okay,Moderate,6.5,Tired,Moderate,No,5.3,5.1,Normal
Low Mood,Moderate,5.7,Okay,None,No,6.1,2.6,Normal
Great,Light,7.5,Okay,Social,Yes,4.6,8.2,Very Low
Stressed,Moderate,6.2,Okay,Moderate,Yes,5.5,5.5,Normal
Great,Very Light,8.7,Okay,Moderate,Yes,4.8,7.2,Very Low
Great,Very Light,7.8,Energized,Very Social,Yes,3.5,6.3,Very Low
Low Mood,Moderate,6.1,Energized,Social,No,3.9,7.9,Normal
Low Mood,Heavy,7.5,Okay,Social,No,5.0,6.1,Normal
Low Mood,Light,8.1,Okay,Social,No,3.5,4.5,Normal
Okay,Light,9.1,Energized,Moderate,Yes,2.2,5.9,Low
Stressed,Heavy,5.4,Tired,Minimal,No,7.8,3.3,High
Good,Moderate,6.9,Energized,Moderate,No,5.5,4.7,Low
Okay,Heavy,6.1,Tired,Minimal,No,6.3,3.2,Normal
Okay,Light,8.1,Energized,Moderate,Yes,4.6,8.4,Very Low
Okay,Moderate,9.3,Energized,Moderate,Yes,2.2,6.4,Low
Low Mood,Heavy,5.1,Tired,None,No,8.1,1.3,Normal
Great,Very Light,8.8,Energized,Very Social,Yes,1.8,11.6,Very Low
Low Mood,Light,7.1,Tired,Social,Yes,3.1,7.1,Low
Okay,Very Heavy,6.1,Tired,Minimal,No,7.5,4.7,Normal
Good,Very Light,7.8,Very Energized,Very Social,Yes,2.8,10.8,Very Low
Great,Moderate,8.2,Okay,Moderate,Yes,2.0,9.2,Low
Low Mood,Moderate,7.6,Okay,Moderate,Yes,3.3,6.2,Normal
Low Mood,Heavy,6.0,Exhausted,Minimal,No,7.3,1.2,Very High
Great,Light,8.0,Okay,Social,No,3.6,7.2,Low
Okay,Heavy,6.4,Energized,Moderate,No,4.9,4.8,Normal
Good,Very Light,8.7,Energized,Social,No,3.8,7.7,Very Low
Great,Moderate,8.5,Energized,Moderate,Yes,2.8,9.4,Very Low
Low Mood,Heavy,6.7,Okay,Moderate,No,6.9,5.9,Normal
Okay,Heavy,8.3,Energized,Social,No,4.7,7.4,Normal
Low Mood,Moderate,6.8,Exhausted,Minimal,No,8.6,4.1,High
Good,Moderate,8.2,Very Energized,Moderate,Yes,4.2,10.0,Low
Good,Very Light,8.2,Energized,Very Social,Yes,2.4,7.8,Very Low
Stressed,Heavy,6.4,Exhausted,Moderate,Yes,8.4,5.3,High
Stressed,Heavy,4.0,Exhausted,Minimal,No,7.7,2.3,Very High
Low Mood,Very Heavy,6.7,Okay,Minimal,No,5.7,5.4,High
Low Mood,Moderate,8.4,Okay,Minimal,Yes,4.4,6.3,Normal
Okay,Heavy,7.1,Okay,Minimal,Yes,3.5,5.9,Normal
Stressed,Heavy,5.9,Tired,Moderate,Yes,5.6,2.5,High
Good,Moderate,8.3,Tired,Minimal,No,3.7,6.5,Normal
Low Mood,Moderate,6.8,Tired,Minimal,Yes,4.1,6.5,Normal
Low Mood,Heavy,6.7,Exhausted,Minimal,No,6.2,4.9,High
Good,Heavy,7.2,Okay,Minimal,No,4.4,5.3,Normal
Stressed,Heavy,5.7,Tired,None,Yes,7.6,3.7,High
Okay,Very Heavy,5.5,Tired,None,No,8.4,4.3,High
Low Mood,Very Heavy,5.9,Exhausted,None,No,9.4,2.5,Very High
Good,Heavy,7.4,Tired,Minimal,Yes,4.1,6.6,Normal
Okay,Heavy,6.9,Tired,Minimal,No,5.5,2.7,High
Low Mood,Moderate,6.5,Exhausted,None,Yes,7.9,2.5,Normal
Great,Moderate,7.4,Okay,Social,No,2.3,9.7,Low
Okay,Very Heavy,6.5,Tired,Social,No,3.9,6.7,Normal
Okay,Very Heavy,5.4,Exhausted,None,No,9.1,1.5,High
Okay,Moderate,7.4,Okay,Moderate,Yes,4.4,4.1,Low
Good,Very Heavy,6.8,Tired,Moderate,No,7.8,3.5,Normal
Low Mood,Moderate,5.6,Exhausted,None,Yes,9.0,5.9,High
Low Mood,Moderate,6.1,Energized,Social,Yes,5.3,7.5,Normal
Okay,Very Light,9.5,Okay,Moderate,Yes,2.9,6.8,Low
Good,Light,6.5,Okay,Social,No,4.5,5.9,Low
Stressed,Very Heavy,5.5,Exhausted,Minimal,No,9.5,2.1,Very High
Okay,Moderate,6.1,Energized,Minimal,Yes,4.3,6.6,Normal
Stressed,Very Heavy,4.9,Exhausted,Minimal,No,8.1,2.6,Very High
Great,Moderate,7.5,Energized,Social,Yes,3.3,7.7,Very Low
Good,Moderate,6.7,Tired,Social,No,4.6,7.8,Low
Great,Very Light,9.2,Energized,Very Social,Yes,1.7,8.8,Very Low
Great,Light,9.4,Very Energized,Moderate,No,3.7,5.0,Very Low
Good,Moderate,7.1,Energized,Moderate,No,4.0,5.8,Low
Stressed,Heavy,5.1,Okay,None,No,8.2,4.9,High
Great,Light,9.9,Very Energized,Very Social,Yes,3.4,7.8,Very Low
Good,Moderate,6.8,Energized,Social,Yes,4.5,4.9,Low
Good,Very Light,7.6,Energized,Social,Yes,2.3,12.0,Very Low
Low Mood,Light,7.4,Okay,Minimal,Yes,4.5,7.3,Normal
Low Mood,Heavy,5.6,Exhausted,None,No,9.3,2.3,High
Low Mood,Heavy,5.9,Exhausted,None,No,7.8,2.7,High
Good,Very Light,8.8,Okay,Social,Yes,2.2,6.8,Very Low
Low Mood,Heavy,8.4,Okay,Moderate,Yes,3.9,5.5,Normal
Okay,Very Light,7.7,Okay,Moderate,No,3.0,6.1,Normal
Good,Light,10.0,Energized,Very Social,Yes,1.1,11.1,Very Low
Stressed,Moderate,5.8,Okay,Moderate,No,5.5,4.7,Normal
Good,Very Light,8.9,Very Energized,Social,Yes,2.6,9.8,Very Low
Low Mood,Moderate,8.0,Tired,Minimal,No,3.4,8.0,Normal
Great,Very Light,8.1,Very Energized,Very Social,Yes,1.4,8.7,Very Low
Good,Moderate,7.9,Energized,Social,No,5.7,4.3,Low
Great,Moderate,7.4,Energized,Moderate,Yes,2.5,8.5,Very Low
Okay,Very Heavy,6.0,Exhausted,Minimal,No,8.9,3.5,High
Good,Light,8.7,Very Energized,Social,No,4.7,8.5,Low
Good,Very Light,9.9,Very Energized,Social,Yes,2.9,7.5,Very Low
Good,Light,6.9,Energized,Social,Yes,5.6,6.8,Low
Okay,Very Light,8.7,Very Energized,Moderate,Yes,3.4,5.8,Very Low
Low Mood,Very Heavy,6.6,Tired,None,Yes,5.0,2.7,High
Low Mood,Moderate,6.3,Energized,Minimal,No,5.8,5.0,Normal
Good,Very Light,7.8,Very Energized,Social,Yes,2.1,11.5,Very Low
Stressed,Very Heavy,6.2,Exhausted,None,Yes,7.7,2.3,Very High
Great,Very Light,8.6,Very Energized,Very Social,Yes,4.3,7.5,Very Low
Good,Moderate,6.5,Tired,Moderate,Yes,4.7,5.9,Normal
Okay,Moderate,8.4,Tired,Moderate,No,5.3,5.4,Normal
Great,Light,8.7,Very Energized,Moderate,No,3.3,7.4,Very Low
Low Mood,Moderate,6.0,Okay,Moderate,No,4.1,4.8,Normal
Stressed,Very Heavy,4.1,Tired,None,No,8.3,2.3,High
Great,Very Light,8.0,Very Energized,Very Social,No,2.2,7.8,Very Low
Good,Heavy,7.3,Okay,Moderate,No,5.2,6.8,Low
Great,Very Light,8.3,Energized,Very Social,No,3.6,11.0,Very Low
Okay,Light,8.5,Energized,Moderate,Yes,3.8,8.1,Low
Great,Heavy,6.1,Okay,Social,Yes,5.9,4.4,Low
Stressed,Heavy,6.5,Okay,Minimal,No,6.3,3.5,High
Low Mood,Very Heavy,5.1,Tired,Minimal,No,6.3,5.1,High
Okay,Moderate,6.4,Okay,Minimal,No,4.6,7.7,Normal
Okay,Very Heavy,7.6,Energized,Minimal,No,5.2,5.9,Normal
Okay,Light,6.3,Energized,Social,Yes,4.8,5.1,Low
Good,Light,9.1,Energized,Very Social,Yes,3.9,8.7,Very Low
Great,Very Light,8.0,Very Energized,Social,Yes,3.8,9.2,Very Low
Okay,Very Light,8.3,Energized,Social,Yes,2.3,8.7,Low
Low Mood,Moderate,5.6,Okay,Moderate,Yes,5.3,5.5,Normal
Good,Very Light,7.9,Okay,Very Social,Yes,3.9,8.2,Very Low
Great,Light,8.1,Okay,Very Social,Yes,3.1,8.4,Very Low
Okay,Very Heavy,5.9,Exhausted,Minimal,Yes,7.8,3.7,High
Low Mood,Light,7.5,Energized,Minimal,No,4.9,6.6,Normal
Good,Moderate,6.6,Energized,Social,No,5.8,6.8,Low
Stressed,Heavy,6.0,Exhausted,Minimal,No,7.8,1.3,High
Low Mood,Moderate,5.1,Tired,Minimal,No,7.6,3.7,High
Great,Very Light,9.0,Energized,Social,No,4.6,6.6,Very Low
Low Mood,Light,7.4,Okay,Social,Yes,4.6,6.5,Low
Stressed,Heavy,5.0,Exhausted,Moderate,No,6.0,6.0,High
Low Mood,Moderate,6.2,Tired,Minimal,Yes,3.5,6.2,Normal
Stressed,Very Heavy,4.5,Exhausted,Minimal,No,7.8,1.9,Very High
Okay,Moderate,5.0,Exhausted,Moderate,Yes,8.2,5.6,Normal
Good,Very Light,7.6,Energized,Very Social,Yes,2.0,10.7,Very Low
Great,Moderate,7.1,Okay,Very Social,Yes,2.8,6.0,Low
Okay,Very Light,7.8,Energized,Moderate,Yes,4.6,5.9,Very Low
Stressed,Very Heavy,6.5,Exhausted,None,No,5.5,2.1,Very High
Great,Heavy,7.7,Energized,Social,No,5.1,7.9,Low
Stressed,Very Heavy,4.4,Tired,Minimal,No,9.4,3.9,Very High
Good,Moderate,7.7,Energized,Moderate,Yes,2.4,5.1,Low
Good,Light,9.4,Energized,Very Social,No,3.0,8.4,Low
Stressed,Very Heavy,4.4,Tired,Minimal,No,8.8,3.3,Very High
Good,Light,9.4,Very Energized,Moderate,Yes,3.3,6.6,Low
Stressed,Heavy,4.3,Exhausted,None,No,7.2,2.9,Very High
Great,Very Light,9.9,Energized,Very Social,Yes,2.8,7.4,Very Low
Great,Moderate,7.6,Very Energized,Very Social,Yes,3.7,5.4,Low
Great,Very Light,8.3,Very Energized,Social,No,2.6,5.6,Very Low
Low Mood,Very Heavy,6.0,Okay,Minimal,No,7.7,5.0,High
Low Mood,Heavy,7.6,Tired,Social,Yes,3.2,7.4,Normal
Stressed,Very Heavy,5.7,Exhausted,Minimal,No,8.8,3.0,Very High
Low Mood,Very Heavy,5.5,Okay,Moderate,Yes,8.5,5.3,High
Good,Light,7.1,Very Energized,Moderate,Yes,4.1,8.0,Very Low
Good,Light,7.6,Tired,Minimal,Yes,3.6,6.2,Low
Stressed,Very Heavy,5.5,Tired,Minimal,No,9.1,3.8,High
Low Mood,Very Heavy,5.9,Exhausted,Minimal,No,7.8,2.1,High
Great,Light,8.2,Energized,Social,Yes,3.1,11.3,Very Low
Low Mood,Light,6.2,Energized,Minimal,Yes,6.0,6.8,Low
Okay,Light,7.6,Tired,Moderate,Yes,5.0,6.9,Low
Okay,Very Light,8.1,Okay,Moderate,Yes,4.7,7.8,Low
Great,Light,8.0,Energized,Social,Yes,1.2,10.1,Very Low
Great,Light,8.1,Energized,Social,Yes,1.9,7.3,Very Low
Good,Light,8.7,Energized,Social,Yes,4.9,6.3,Very Low
Okay,Very Light,8.4,Very Energized,Moderate,Yes,4.4,5.4,Very Low
Okay,Heavy,6.2,Tired,Moderate,Yes,3.7,5.7,Low
Low Mood,Heavy,5.4,Tired,None,No,6.4,2.3,High
Okay,Very Heavy,5.0,Exhausted,None,No,8.5,5.9,Very High
Low Mood,Very Heavy,5.0,Tired,Moderate,Yes,8.3,4.6,High
Low Mood,Heavy,7.9,Tired,Minimal,No,5.4,7.6,High
Okay,Heavy,7.3,Energized,Social,No,5.0,6.5,Low
Good,Light,8.9,Very Energized,Social,Yes,1.2,11.3,Very Low
Okay,Moderate,6.4,Tired,Social,Yes,5.7,6.2,Normal
Stressed,Heavy,5.5,Tired,Moderate,No,5.2,5.2,High
Great,Light,9.0,Energized,Social,Yes,3.4,8.5,Very Low
Great,Very Light,8.3,Very Energized,Very Social,No,3.1,6.2,Very Low
Good,Light,8.7,Very Energized,Very Social,Yes,2.2,10.3,Very Low
Okay,Moderate,8.3,Okay,Social,Yes,3.6,8.0,Normal
Low Mood,Heavy,6.0,Okay,Minimal,No,4.9,4.1,High
Good,Light,7.3,Energized,Very Social,Yes,2.1,7.7,Very Low
Okay,Light,6.2,Okay,Minimal,Yes,4.7,6.8,Low
Low Mood,Very Heavy,5.8,Tired,Minimal,Yes,6.5,3.5,High
Great,Very Light,9.5,Energized,Very Social,Yes,1.6,11.0,Very Low
Great,Moderate,7.1,Okay,Moderate,No,5.0,5.5,Low
Low Mood,Heavy,6.6,Exhausted,Minimal,No,5.2,4.0,High
Okay,Light,7.6,Energized,Social,Yes,4.1,7.5,Low
Good,Light,8.6,Very Energized,Very Social,Yes,4.6,6.7,Very Low
Okay,Heavy,5.8,Exhausted,None,Yes,8.6,2.4,High
Low Mood,Light,8.4,Tired,Moderate,Yes,3.0,7.9,Normal
Low Mood,Heavy,6.6,Exhausted,Moderate,No,5.3,4.6,High
Low Mood,Heavy,5.7,Tired,Moderate,Yes,7.9,3.9,Normal
Great,Very Light,8.3,Very Energized,Very Social,Yes,1.2,8.9,Very Low
Good,Light,7.6,Okay,Moderate,Yes,3.5,4.2,Low
Good,Very Light,8.5,Very Energized,Social,Yes,3.5,6.0,Very Low
Good,Moderate,7.7,Energized,Moderate,Yes,5.3,7.5,Low
Low Mood,Light,7.7,Okay,Moderate,No,4.0,7.7,Low
Okay,Light,8.5,Energized,Social,Yes,4.4,8.0,Low
Stressed,Very Heavy,4.4,Tired,Minimal,No,8.8,2.5,Very High
Low Mood,Heavy,7.4,Okay,Minimal,Yes,3.6,5.6,Normal
Good,Heavy,8.1,Okay,Very Social,Yes,2.8,9.1,Low
Okay,Moderate,9.1,Energized,Very Social,Yes,3.3,7.8,Low
Okay,Light,6.0,Tired,Moderate,Yes,3.6,6.9,Low
Great,Very Heavy,6.9,Energized,Social,Yes,3.5,5.5,Low
Good,Heavy,8.3,Tired,Social,Yes,5.2,5.5,Normal
Low Mood,Heavy,8.3,Okay,Minimal,Yes,5.5,5.8,Normal
Great,Light,9.3,Energized,Social,Yes,2.4,9.5,Very Low
Low Mood,Heavy,6.8,Tired,Social,No,3.1,6.7,Normal
Okay,Very Heavy,6.1,Okay,None,No,5.2,2.5,High
Good,Very Light,8.4,Energized,Social,Yes,1.7,11.9,Very Low
Good,Very Light,9.8,Energized,Social,No,3.2,8.9,Very Low
Stressed,Very Heavy,5.2,Exhausted,None,No,5.1,2.3,High
Great,Very Light,10.0,Energized,Very Social,No,2.2,7.8,Very Low
Stressed,Heavy,6.2,Okay,Minimal,No,5.7,5.2,High
Okay,Heavy,6.4,Energized,Moderate,Yes,4.9,6.9,Normal
Good,Moderate,8.1,Tired,Moderate,No,5.2,4.9,Normal
Low Mood,Moderate,5.4,Tired,Minimal,No,8.1,4.5,High
Okay,Moderate,5.4,Tired,Moderate,No,6.4,2.6,Normal
Good,Moderate,7.4,Energized,Social,No,2.9,8.7,Low
Okay,Light,8.8,Okay,Moderate,Yes,5.0,7.2,Low
Great,Moderate,8.4,Okay,Moderate,No,2.2,5.8,Low
Okay,Very Light,7.2,Energized,Very Social,Yes,5.0,6.1,Very Low
Stressed,Very Heavy,4.7,Exhausted,None,No,7.1,2.2,Very High
Good,Heavy,6.6,Energized,Social,No,4.9,4.6,Low
Low Mood,Very Heavy,5.7,Tired,None,No,8.5,2.5,High
Good,Heavy,7.4,Okay,Moderate,No,4.6,4.1,High
Stressed,Very Heavy,6.0,Exhausted,Minimal,No,8.2,2.4,High
Good,Very Light,8.6,Energized,Moderate,No,3.8,7.5,Very Low
Good,Light,8.0,Energized,Moderate,No,3.2,7.7,Low
Low Mood,Light,7.7,Tired,Social,Yes,3.1,5.2,Normal
Low Mood,Moderate,5.6,Tired,Moderate,No,6.3,5.2,High
Stressed,Heavy,5.1,Tired,None,Yes,7.4,1.8,High
Stressed,Heavy,6.1,Exhausted,Minimal,No,8.1,4.2,High
Great,Light,10.0,Energized,Very Social,Yes,3.6,7.3,Very Low
Great,Very Heavy,6.4,Tired,Moderate,No,3.8,6.2,Normal
Stressed,Very Heavy,4.8,Exhausted,None,No,9.1,1.7,Very High
Great,Light,7.7,Okay,Very Social,No,3.8,9.1,Low
Stressed,Moderate,5.2,Exhausted,None,Yes,7.0,4.5,Normal
Low Mood,Heavy,5.4,Exhausted,None,Yes,5.8,4.2,High
Good,Light,7.8,Energized,Very Social,Yes,4.4,8.4,Low
Great,Light,8.0,Energized,Very Social,Yes,2.5,11.8,Very Low
Good,Very Light,9.9,Energized,Very Social,No,1.3,7.7,Very Low
Good,Light,9.5,Very Energized,Very Social,No,1.8,10.2,Very Low
Okay,Very Light,8.5,Very Energized,Very Social,Yes,2.8,9.2,Very Low
Okay,Light,8.5,Okay,Moderate,Yes,3.6,9.7,Low
Good,Very Light,9.0,Okay,Moderate,No,3.5,7.5,Very Low
Stressed,Very Heavy,5.3,Tired,Moderate,No,5.2,3.2,Very High
Okay,Moderate,7.9,Tired,Social,Yes,4.8,7.8,Low
Good,Light,7.5,Energized,Moderate,No,5.8,6.6,Low
Low Mood,Heavy,5.4,Okay,None,Yes,6.7,2.8,Normal
Okay,Heavy,7.5,Tired,Minimal,Yes,4.3,5.4,Normal
Great,Very Light,8.2,Okay,Very Social,Yes,4.3,9.5,Very Low
Low Mood,Heavy,4.8,Tired,Minimal,No,9.2,2.8,High
Okay,Light,9.2,Very Energized,Social,Yes,4.2,8.4,Low
Good,Light,8.0,Very Energized,Very Social,Yes,1.9,11.3,Very Low
Low Mood,Very Heavy,4.5,Exhausted,Minimal,No,8.1,2.1,High
Okay,Moderate,6.2,Energized,Social,No,5.6,4.8,Low
Low Mood,Moderate,6.4,Okay,None,Yes,8.2,4.4,Normal
Stressed,Very Heavy,4.6,Tired,Minimal,No,7.7,2.1,Very High
Good,Very Light,9.3,Very Energized,Social,Yes,3.0,9.9,Very Low
Good,Moderate,8.8,Very Energized,Very Social,Yes,4.0,9.5,Low
Good,Light,7.7,Energized,Moderate,No,5.9,7.3,Low
Great,Light,7.7,Okay,Moderate,Yes,3.3,6.8,Very Low
Good,Moderate,9.2,Energized,Social,Yes,4.3,9.5,Low
Good,Light,7.7,Energized,Minimal,Yes,3.8,6.2,Very Low
Okay,Light,7.1,Energized,Very Social,Yes,4.5,10.0,Very Low
Okay,Very Heavy,7.7,Energized,Social,Yes,4.2,6.9,Normal
Great,Light,7.5,Energized,Very Social,Yes,2.6,7.3,Very Low
Stressed,Very Heavy,4.6,Exhausted,None,No,7.2,1.8,Very High
Good,Light,8.6,Okay,Very Social,Yes,2.0,5.7,Low
Low Mood,Light,8.0,Okay,Moderate,Yes,5.5,5.7,Low
Good,Heavy,6.1,Tired,Social,No,5.6,4.8,Normal
Low Mood,Light,6.8,Tired,Social,Yes,3.4,6.1,Normal
Okay,Light,6.2,Okay,Moderate,No,3.8,5.9,Low
Good,Very Light,7.6,Very Energized,Social,Yes,2.1,9.9,Very Low
Good,Very Light,8.4,Energized,Very Social,Yes,1.4,8.9,Very Low
Good,Moderate,8.1,Very Energized,Very Social,No,3.9,7.0,Low
Okay,Moderate,6.9,Okay,Minimal,No,3.8,6.8,Normal
Okay,Heavy,8.2,Energized,Social,Yes,3.5,4.2,Normal
Okay,Light,8.2,Very Energized,Very Social,Yes,3.3,7.1,Very Low
Okay,Light,6.9,Okay,Moderate,Yes,5.4,7.3,Low
Stressed,Moderate,6.2,Exhausted,Minimal,No,5.6,3.8,High
Stressed,Moderate,5.1,Tired,Moderate,Yes,8.8,2.4,Normal
Low Mood,Moderate,7.2,Tired,Moderate,No,5.5,6.6,Normal
Okay,Heavy,7.4,Tired,Moderate,Yes,4.4,7.5,Normal
Okay,Moderate,7.7,Okay,Social,No,5.1,5.7,Normal
Okay,Light,9.3,Very Energized,Moderate,No,2.6,5.6,Low
Good,Light,8.5,Okay,Very Social,Yes,4.8,8.2,Low
Okay,Moderate,9.4,Energized,Moderate,No,2.3,5.4,Normal
Okay,Heavy,8.1,Energized,Social,Yes,4.6,7.1,Low
Low Mood,Heavy,7.2,Okay,Social,Yes,3.9,7.3,Normal
Stressed,Heavy,5.9,Okay,Moderate,No,5.9,3.5,High
Great,Very Light,9.0,Very Energized,Social,Yes,3.8,11.4,Very Low
Low Mood,Light,8.4,Tired,Moderate,No,3.8,7.5,Normal
Okay,Heavy,6.1,Exhausted,Minimal,Yes,8.4,5.5,Normal
Great,Very Light,9.8,Energized,Very Social,Yes,1.1,8.8,Very Low
Low Mood,Light,7.8,Energized,Moderate,No,6.0,4.4,Low
Okay,Light,7.1,Energized,Minimal,Yes,6.0,5.0,Low
Great,Heavy,7.3,Okay,Social,Yes,4.0,6.5,Low
Low Mood,Heavy,5.0,Exhausted,Minimal,No,8.1,4.0,High
Great,Light,7.1,Okay,Very Social,Yes,3.2,9.3,Very Low
Low Mood,Heavy,6.7,Okay,Minimal,Yes,4.7,6.5,Normal
Low Mood,Moderate,6.6,Energized,Social,Yes,5.6,4.6,Low
Okay,Light,9.1,Okay,Very Social,Yes,4.0,5.4,Low
Good,Moderate,8.9,Very Energized,Social,No,5.0,5.6,Low
Good,Very Light,8.6,Very Energized,Very Social,Yes,1.9,8.4,Very Low
Good,Very Light,7.5,Very Energized,Very Social,Yes,1.8,7.7,Very Low
Good,Light,6.8,Energized,Minimal,Yes,5.9,4.3,Low
Stressed,Moderate,5.7,Okay,None,No,6.1,2.5,High
Low Mood,Heavy,6.3,Exhausted,Minimal,No,8.6,4.6,High
Great,Very Light,8.7,Okay,Moderate,Yes,2.5,5.4,Very Low
Low Mood,Very Heavy,5.4,Exhausted,Minimal,No,9.3,3.4,Very High
Good,Moderate,8.1,Tired,Minimal,No,5.7,5.2,Normal
Great,Light,9.9,Energized,Social,Yes,3.2,12.0,Very Low
Low Mood,Heavy,5.7,Okay,Minimal,Yes,5.4,2.7,Normal
Okay,Light,7.5,Tired,Minimal,No,3.2,7.7,Normal
Great,Very Light,7.0,Energized,Moderate,Yes,2.1,9.5,Very Low
Stressed,Heavy,6.3,Okay,Moderate,No,5.5,2.9,High
Stressed,Very Heavy,5.7,Exhausted,Minimal,No,9.5,3.0,Very High
Great,Very Light,8.4,Energized,Social,No,1.5,8.2,Very Low
Stressed,Heavy,4.3,Exhausted,None,Yes,9.0,1.3,High
Okay,Heavy,6.8,Tired,None,No,6.9,3.2,Normal
Okay,Moderate,7.0,Tired,Moderate,No,5.2,6.6,Normal
Good,Light,9.8,Very Energized,Very Social,Yes,2.6,8.8,Very Low
Okay,Very Light,9.7,Very Energized,Social,Yes,1.5,7.3,Very Low
Stressed,Very Heavy,4.4,Exhausted,None,Yes,7.2,1.6,Very High
Good,Moderate,8.9,Energized,Moderate,No,2.4,6.3,Low
Good,Light,6.6,Energized,Social,Yes,4.2,4.8,Very Low
Good,Heavy,7.0,Energized,Social,Yes,5.1,4.3,Low
Great,Light,9.8,Very Energized,Social,Yes,2.3,8.8,Very Low
Okay,Moderate,8.2,Very Energized,Moderate,Yes,2.3,8.9,Low
Low Mood,Heavy,5.5,Exhausted,Minimal,No,7.5,3.0,High
Low Mood,Very Heavy,4.7,Exhausted,None,No,9.2,1.2,Very High
Good,Very Light,9.6,Energized,Social,No,1.4,11.3,Very Low
Low Mood,Moderate,6.6,Tired,Moderate,No,5.0,7.8,High
Low Mood,Moderate,6.5,Energized,Social,Yes,3.8,6.2,Normal
Good,Moderate,6.2,Okay,None,No,8.1,2.6,Normal
Low Mood,Very Heavy,5.1,Exhausted,Minimal,No,8.4,3.4,Very High
Low Mood,Heavy,5.0,Exhausted,Minimal,Yes,8.2,5.4,High
Great,Very Light,8.2,Energized,Social,Yes,3.1,11.8,Very Low
Okay,Heavy,6.1,Exhausted,None,No,7.6,5.1,High
Good,Light,6.7,Tired,Minimal,Yes,3.4,5.4,Low
Great,Moderate,7.0,Very Energized,Social,Yes,3.6,5.3,Very Low
Low Mood,Very Heavy,5.9,Tired,Moderate,No,7.1,2.7,High
Okay,Moderate,6.2,Okay,Social,No,4.2,7.9,Normal
Stressed,Moderate,5.9,Tired,Minimal,No,7.1,5.0,Normal
Low Mood,Heavy,6.2,Tired,Minimal,No,7.5,5.7,High
Great,Very Light,7.7,Very Energized,Very Social,Yes,3.3,11.1,Very Low
Okay,Light,7.4,Energized,Minimal,Yes,4.7,5.0,Low
Great,Light,9.7,Energized,Social,Yes,1.2,10.6,Very Low
Low Mood,Light,7.6,Okay,Moderate,No,3.1,7.5,Normal
Low Mood,Moderate,6.1,Energized,Moderate,No,4.0,5.6,Normal
Stressed,Heavy,5.7,Tired,None,No,7.0,5.2,Very High
Low Mood,Very Heavy,7.3,Energized,Minimal,Yes,4.0,4.4,Normal
Good,Light,7.3,Very Energized,Very Social,No,4.2,9.6,Low
Great,Very Light,8.0,Okay,Very Social,Yes,2.8,8.8,Very Low
Okay,Moderate,5.9,Tired,None,No,8.9,2.4,Normal
Okay,Very Light,8.7,Very Energized,Social,Yes,3.4,6.3,Very Low
Okay,Heavy,6.2,Tired,Social,No,4.6,6.8,Normal
Good,Heavy,8.2,Okay,Social,No,5.2,4.8,Low
Stressed,Very Heavy,6.4,Exhausted,Moderate,No,7.8,3.2,Very High
Okay,Light,8.4,Okay,Moderate,Yes,2.8,9.6,Low
Okay,Moderate,6.9,Exhausted,None,Yes,5.7,2.4,Normal
Good,Light,6.9,Energized,Moderate,No,4.8,6.6,Low
Low Mood,Heavy,7.5,Tired,Moderate,No,3.5,5.1,High
Okay,Light,7.0,Energized,Moderate,Yes,4.9,8.7,Low
Stressed,Very Heavy,4.2,Tired,Minimal,Yes,9.7,3.1,High
Okay,Heavy,6.8,Exhausted,None,No,7.6,2.9,Normal
Good,Light,8.0,Tired,Minimal,Yes,4.0,7.7,Low
Stressed,Very Heavy,5.5,Exhausted,None,No,9.0,3.7,Very High
Low Mood,Heavy,5.2,Exhausted,None,No,5.4,3.1,High
Good,Light,8.2,Energized,Very Social,No,2.2,10.0,Low
Good,Light,8.6,Very Energized,Very Social,Yes,1.5,7.8,Very Low
Low Mood,Very Heavy,5.1,Tired,None,Yes,7.9,2.2,High
Great,Moderate,9.2,Energized,Moderate,Yes,3.7,7.2,Low
Great,Very Light,8.6,Energized,Social,Yes,3.7,8.2,Very Low
Good,Very Light,8.8,Very Energized,Social,Yes,3.0,11.3,Very Low
Stressed,Heavy,7.5,Tired,Minimal,No,4.0,5.2,Normal
Good,Very Light,7.2,Energized,Moderate,No,2.3,6.5,Low
Okay,Very Light,7.6,Energized,Moderate,Yes,2.2,5.2,Low
Low Mood,Heavy,7.0,Okay,Moderate,No,4.3,7.0,Normal
Low Mood,Moderate,5.2,Okay,Minimal,No,7.0,5.2,Normal
Good,Light,7.4,Energized,Moderate,Yes,3.6,4.9,Very Low
Low Mood,Very Heavy,5.0,Tired,None,No,8.4,2.8,High
Good,Very Light,9.2,Very Energized,Very Social,Yes,2.5,10.6,Very Low
Great,Light,7.8,Okay,Moderate,No,2.7,7.7,Low
Low Mood,Light,7.5,Energized,Very Social,No,3.4,6.0,Low
Okay,Heavy,5.4,Tired,Moderate,No,8.1,2.4,High
Good,Heavy,8.1,Okay,Moderate,No,5.0,5.6,Low
Low Mood,Very Heavy,6.4,Okay,Moderate,No,5.6,2.9,Normal
Okay,Heavy,7.2,Tired,Moderate,Yes,5.2,6.8,Normal
Okay,Heavy,7.5,Tired,Minimal,No,3.6,4.2,Normal
Stressed,Very Heavy,6.2,Tired,Moderate,No,6.4,4.0,Normal
Okay,Moderate,5.6,Tired,Minimal,No,6.0,3.0,Normal
Okay,Very Light,7.8,Okay,Very Social,Yes,4.2,9.6,Low
Low Mood,Heavy,6.8,Tired,Moderate,No,6.9,3.9,High
Good,Moderate,9.0,Energized,Moderate,Yes,2.9,9.1,Low
Low Mood,Light,6.3,Okay,Minimal,Yes,4.1,6.3,Normal
Low Mood,Moderate,5.3,Tired,Moderate,Yes,8.3,4.3,Normal
Good,Light,8.1,Energized,Moderate,Yes,3.9,7.4,Low
Good,Moderate,6.6,Okay,Social,Yes,3.5,6.3,Low
Low Mood,Very Heavy,5.4,Exhausted,Minimal,No,9.3,1.3,Very High
Low Mood,Very Heavy,6.9,Exhausted,Moderate,No,6.5,5.5,Very High
Okay,Moderate,6.2,Okay,Minimal,No,5.6,7.3,Normal
Good,Light,6.5,Tired,Moderate,Yes,5.3,6.2,Low
Stressed,Moderate,4.2,Exhausted,Minimal,No,8.2,2.1,High
Stressed,Moderate,5.3,Okay,Minimal,No,5.9,3.3,High
Good,Heavy,6.3,Okay,Social,Yes,3.3,7.0,Normal
Okay,Very Light,7.2,Energized,Social,Yes,2.7,9.1,Low
Okay,Moderate,8.2,Tired,Moderate,No,3.6,5.0,Normal
Okay,Light,8.5,Tired,Minimal,No,5.1,6.0,Low
Good,Light,9.0,Very Energized,Very Social,Yes,4.0,7.1,Very Low
Good,Light,8.4,Energized,Moderate,Yes,5.9,6.9,Low
Good,Moderate,7.5,Tired,Social,Yes,4.2,7.3,Low
Good,Light,7.2,Very Energized,Social,Yes,4.4,5.9,Very Low
Stressed,Very Heavy,6.6,Okay,None,Yes,5.1,2.7,High
Low Mood,Moderate,6.4,Exhausted,Minimal,Yes,8.3,5.5,Normal
Great,Very Light,7.5,Very Energized,Very Social,No,3.1,9.0,Very Low
Okay,Light,8.0,Very Energized,Social,Yes,4.9,6.1,Low
Good,Very Light,8.1,Energized,Social,Yes,1.9,8.3,Very Low
Good,Moderate,7.2,Very Energized,Social,Yes,4.1,7.7,Low
Okay,Moderate,7.2,Okay,Very Social,Yes,2.5,7.4,Low
Stressed,Heavy,5.6,Tired,Minimal,No,8.2,1.5,High
Okay,Very Light,7.6,Energized,Moderate,Yes,5.3,5.8,Low
Good,Moderate,8.5,Okay,Social,Yes,2.9,8.7,Low
Great,Very Light,9.0,Energized,Very Social,No,2.7,7.3,Very Low
Okay,Heavy,5.2,Okay,None,No,8.9,4.4,High
Low Mood,Very Heavy,4.6,Tired,None,No,9.3,1.8,Very High
Okay,Heavy,5.8,Tired,Minimal,No,8.7,3.2,High
Stressed,Very Heavy,5.9,Tired,None,No,9.0,1.0,High
Stressed,Heavy,5.0,Exhausted,None,No,7.1,2.9,Very High
Okay,Very Heavy,6.0,Tired,Moderate,No,7.5,2.5,Normal
Good,Very Light,9.2,Energized,Very Social,Yes,1.9,11.8,Very Low
Great,Very Heavy,6.4,Energized,Moderate,No,5.6,5.3,Low
Low Mood,Heavy,4.9,Exhausted,Minimal,Yes,7.1,3.6,Normal
Great,Light,8.7,Energized,Very Social,Yes,4.7,9.6,Very Low
Low Mood,Heavy,6.6,Okay,None,Yes,5.1,3.5,Normal
Great,Light,8.8,Energized,Moderate,Yes,3.0,8.9,Very Low
Good,Moderate,8.0,Very Energized,Moderate,Yes,4.7,9.2,Low
Okay,Very Heavy,6.6,Okay,Minimal,Yes,6.4,2.4,Normal
Low Mood,Very Heavy,5.7,Tired,None,Yes,7.6,3.3,High
Low Mood,Very Heavy,6.8,Okay,None,Yes,6.5,5.0,High
Okay,Heavy,6.3,Tired,Moderate,Yes,6.3,2.4,Normal
Good,Light,7.8,Very Energized,Very Social,Yes,1.0,7.3,Very Low
Stressed,Heavy,5.9,Tired,None,No,6.5,3.5,High
Great,Very Light,8.3,Very Energized,Moderate,No,3.6,7.9,Very Low
Low Mood,Heavy,5.5,Exhausted,None,No,7.2,2.3,High
Great,Light,9.2,Energized,Moderate,Yes,4.0,8.3,Very Low
Okay,Very Heavy,5.9,Okay,Moderate,No,5.8,4.9,Normal
Good,Moderate,6.2,Okay,Social,Yes,4.8,5.7,Low
Low Mood,Moderate,6.8,Exhausted,Moderate,No,6.2,3.4,High
Okay,Very Heavy,5.5,Tired,None,Yes,8.1,4.8,Normal
Stressed,Light,6.8,Exhausted,Minimal,Yes,7.2,3.1,High
Stressed,Moderate,6.2,Okay,None,No,6.5,4.7,Normal
Low Mood,Moderate,6.1,Energized,Minimal,No,3.5,4.5,Normal
Stressed,Very Heavy,8.1,Okay,Minimal,Yes,5.5,7.3,Normal
Okay,Moderate,5.6,Tired,None,No,7.5,4.6,Normal
Great,Light,9.0,Energized,Very Social,Yes,1.2,11.2,Very Low
Low Mood,Very Heavy,4.1,Exhausted,None,No,7.7,1.0,High
Good,Very Light,10.0,Energized,Social,Yes,3.4,9.5,Very Low
Low Mood,Very Heavy,5.4,Tired,Minimal,No,9.3,1.9,High
Okay,Very Light,8.1,Very Energized,Moderate,No,4.4,9.0,Low
Good,Light,6.3,Tired,Minimal,No,3.9,4.8,Normal
Okay,Light,6.2,Okay,Social,No,4.7,6.1,Low
Stressed,Very Heavy,7.4,Energized,Minimal,Yes,3.6,4.9,Normal
Low Mood,Heavy,6.2,Energized,Minimal,No,4.1,5.1,Normal
Okay,Heavy,7.7,Energized,Social,No,4.7,6.6,Normal
Good,Light,7.6,Energized,Social,Yes,1.6,11.1,Very Low
Okay,Light,8.4,Tired,Moderate,Yes,5.6,6.4,Low
Stressed,Heavy,5.3,Tired,Minimal,No,5.2,3.0,High
Great,Very Light,8.7,Energized,Very Social,Yes,2.8,9.4,Very Low
Okay,Heavy,8.4,Energized,Moderate,Yes,6.0,5.8,Low
Low Mood,Moderate,7.8,Tired,Social,No,3.3,5.6,Normal
Low Mood,Moderate,7.9,Okay,Moderate,No,4.5,4.2,Normal
Low Mood,Heavy,6.9,Tired,None,No,5.2,5.4,High
Low Mood,Very Heavy,4.5,Tired,None,No,7.8,3.2,Very High
Okay,Heavy,6.3,Energized,Moderate,Yes,3.7,7.2,Low
Okay,Heavy,6.9,Energized,Moderate,Yes,4.8,7.1,Low
Good,Moderate,8.7,Very Energized,Moderate,Yes,2.2,6.5,Low
Okay,Moderate,7.4,Okay,Minimal,No,5.1,4.2,Normal
Low Mood,Heavy,4.5,Tired,Minimal,No,9.8,2.6,High
Good,Moderate,5.4,Okay,None,No,6.4,4.2,Normal
Low Mood,Moderate,6.9,Energized,Moderate,Yes,3.3,6.8,Normal
Great,Light,7.9,Okay,Moderate,Yes,2.8,5.4,Very Low
Good,Moderate,9.2,Okay,Social,Yes,4.6,6.1,Low
Okay,Moderate,8.3,Tired,Minimal,No,4.7,7.3,Normal
Okay,Moderate,6.0,Okay,Moderate,Yes,3.6,6.8,Normal
Stressed,Very Heavy,4.1,Exhausted,Minimal,No,7.9,4.0,Very High
Low Mood,Very Heavy,5.3,Okay,None,No,8.1,2.8,High
Stressed,Heavy,4.2,Exhausted,None,No,9.1,3.3,Very High
Low Mood,Moderate,6.1,Exhausted,Minimal,No,5.9,5.8,High
Okay,Light,6.9,Okay,Social,Yes,5.8,5.7,Low
Stressed,Heavy,4.2,Tired,None,Yes,7.5,2.5,High
Okay,Moderate,7.4,Tired,Minimal,No,4.6,7.4,Normal
Stressed,Heavy,5.3,Exhausted,None,Yes,8.2,1.0,Very High
Okay,Moderate,7.4,Okay,Very Social,No,3.2,6.4,Normal
Low Mood,Heavy,5.7,Exhausted,None,No,9.8,1.4,High
Stressed,Heavy,5.8,Tired,Minimal,No,9.7,2.1,High
Good,Heavy,7.5,Energized,Social,Yes,6.0,4.1,Normal
Stressed,Moderate,6.7,Exhausted,None,Yes,6.8,3.5,Normal
Stressed,Very Heavy,4.4,Exhausted,Minimal,No,8.9,1.4,Very High
Good,Moderate,8.3,Tired,Moderate,Yes,5.6,7.2,Low
Okay,Moderate,9.4,Energized,Moderate,Yes,3.3,9.1,Low
Good,Light,8.9,Okay,Moderate,Yes,2.5,5.1,Low
Okay,Light,8.1,Tired,Moderate,No,3.4,7.4,Low
Low Mood,Heavy,5.1,Exhausted,None,Yes,7.9,3.9,High
Low Mood,Very Heavy,6.5,Tired,Moderate,Yes,5.7,7.1,Normal
Great,Light,7.6,Very Energized,Moderate,Yes,2.2,8.8,Very Low
Great,Light,7.8,Energized,Social,Yes,1.0,9.0,Very Low
Low Mood,Very Heavy,5.4,Tired,Moderate,Yes,7.3,3.9,Normal
Good,Very Light,9.4,Energized,Social,Yes,3.5,7.1,Very Low
Low Mood,Heavy,6.3,Tired,Moderate,Yes,5.0,7.5,Normal
Low Mood,Heavy,5.8,Exhausted,Moderate,No,7.1,3.8,High
Good,Very Light,7.7,Very Energized,Moderate,Yes,4.0,9.4,Very Low
Good,Moderate,7.5,Tired,Minimal,Yes,5.8,8.0,Low
Good,Light,7.3,Energized,Social,No,3.8,6.2,Low
Low Mood,Moderate,6.8,Energized,Moderate,No,4.2,7.0,Normal
Stressed,Heavy,4.5,Tired,None,No,8.3,2.6,Very High
Good,Moderate,7.0,Okay,Minimal,No,4.7,4.8,Normal
Great,Light,7.2,Energized,Moderate,Yes,5.0,5.4,Very Low
Okay,Very Light,6.8,Tired,Minimal,No,4.3,6.0,Normal
Great,Moderate,8.0,Okay,Social,Yes,2.8,8.2,Very Low
Good,Light,8.0,Okay,Social,Yes,4.4,5.7,Low
Okay,Moderate,6.0,Okay,Moderate,Yes,7.9,5.4,Low
Okay,Very Light,8.3,Okay,Minimal,No,5.4,4.4,Normal
Good,Light,6.9,Energized,Moderate,Yes,3.0,5.8,Very Low
Great,Light,9.8,Energized,Social,Yes,2.4,8.3,Very Low
Okay,Very Light,8.2,Okay,Social,Yes,4.8,5.4,Very Low
Good,Heavy,8.3,Energized,Social,Yes,5.5,6.5,Low
Okay,Heavy,8.5,Tired,Moderate,No,5.7,5.0,Normal
Low Mood,Very Heavy,4.1,Exhausted,Minimal,No,7.7,3.3,High
Okay,Heavy,7.9,Okay,Minimal,No,3.2,6.9,Normal
Low Mood,Heavy,4.8,Exhausted,Minimal,No,10.0,2.5,High
Low Mood,Heavy,6.4,Energized,Social,Yes,4.8,7.3,Normal
Okay,Light,8.0,Tired,Minimal,Yes,5.2,5.0,Low
Good,Light,7.8,Very Energized,Very Social,Yes,3.1,10.5,Very Low
Stressed,Heavy,5.5,Exhausted,Minimal,Yes,7.6,3.3,High
Good,Light,6.5,Okay,Moderate,Yes,4.5,6.6,Low
Low Mood,Light,6.8,Tired,Moderate,No,4.7,7.1,Low
Low Mood,Very Heavy,6.8,Okay,Minimal,No,8.6,3.2,Normal
Low Mood,Light,6.8,Energized,Minimal,Yes,5.7,7.2,Low
Low Mood,Moderate,6.8,Tired,None,No,6.0,4.6,High
Low Mood,Moderate,6.2,Tired,Minimal,No,7.2,5.2,Normal
Great,Very Light,9.0,Energized,Social,Yes,1.8,8.7,Very Low
Good,Light,8.3,Very Energized,Very Social,Yes,4.7,9.4,Very Low
Okay,Moderate,8.3,Tired,Social,Yes,5.0,4.3,Normal
Okay,Light,7.5,Very Energized,Social,Yes,3.6,5.1,Very Low
Okay,Moderate,9.3,Energized,Very Social,Yes,2.3,7.6,Low
Stressed,Very Heavy,5.3,Tired,None,No,9.4,1.7,Very High
Great,Very Light,7.9,Very Energized,Very Social,Yes,4.8,8.3,Very Low
Low Mood,Moderate,6.8,Okay,Moderate,Yes,3.8,4.6,Normal
Low Mood,Heavy,5.0,Okay,Moderate,Yes,5.2,5.9,Normal
Okay,Moderate,6.1,Okay,Moderate,No,4.5,4.0,Normal
Great,Very Light,9.1,Very Energized,Social,Yes,3.9,10.4,Very Low
Low Mood,Very Heavy,5.5,Tired,None,No,7.8,2.9,Very High
Great,Light,8.9,Energized,Social,Yes,4.6,8.1,Very Low
Good,Light,9.3,Energized,Moderate,Yes,3.1,8.1,Low
Stressed,Heavy,7.0,Energized,Minimal,Yes,4.3,6.0,Normal
Great,Very Light,8.1,Very Energized,Very Social,Yes,3.7,6.2,Very Low
Great,Light,8.9,Very Energized,Social,Yes,3.9,11.5,Very Low
Good,Heavy,6.9,Energized,Minimal,Yes,3.1,6.8,Low
Great,Very Light,9.2,Okay,Moderate,Yes,3.3,9.1,Very Low
Low Mood,Very Heavy,7.0,Exhausted,None,No,8.3,2.0,High
Great,Very Light,7.5,Okay,Moderate,Yes,4.6,6.8,Very Low
Low Mood,Heavy,6.3,Tired,Moderate,No,5.6,2.8,High
Great,Heavy,8.6,Very Energized,Moderate,Yes,2.8,7.3,Low
Great,Light,7.9,Okay,Very Social,No,4.0,6.1,Very Low
Good,Light,9.0,Very Energized,Social,No,1.9,7.8,Low
Good,Heavy,6.3,Tired,Moderate,No,8.8,3.2,Normal
Good,Moderate,7.4,Okay,Minimal,Yes,3.1,6.8,Low
Low Mood,Moderate,7.1,Okay,Minimal,Yes,5.8,4.3,Normal
Stressed,Heavy,6.5,Okay,Minimal,Yes,7.1,2.1,High
Great,Light,7.9,Very Energized,Social,Yes,3.5,9.5,Very Low
Low Mood,Heavy,6.3,Energized,Social,Yes,5.7,4.3,Normal
Low Mood,Heavy,7.8,Tired,Moderate,Yes,3.3,5.0,Normal
Okay,Light,8.4,Very Energized,Very Social,Yes,1.8,9.9,Very Low
Low Mood,Very Heavy,6.3,Okay,Minimal,No,7.9,2.6,High
Okay,Moderate,8.2,Okay,Social,No,5.8,6.6,Normal
Great,Light,9.2,Very Energized,Social,Yes,1.9,8.6,Very Low
Okay,Heavy,7.8,Okay,Minimal,No,6.0,4.6,Normal
Okay,Light,6.2,Energized,Minimal,Yes,3.6,4.7,Low
Okay,Very Heavy,6.6,Okay,None,No,5.0,3.0,Normal
Good,Light,8.9,Okay,Social,Yes,2.2,9.6,Very Low
Great,Moderate,9.2,Very Energized,Moderate,Yes,3.5,8.0,Very Low
Good,Light,6.7,Tired,Minimal,Yes,4.9,5.0,Low
Low Mood,Very Heavy,6.2,Exhausted,None,No,7.9,5.5,High
Low Mood,Heavy,6.7,Okay,Minimal,No,5.1,3.7,High
Okay,Light,7.4,Okay,Moderate,Yes,2.6,5.2,Low
Stressed,Very Heavy,5.5,Tired,Minimal,No,9.2,1.6,Very High
Stressed,Very Heavy,6.7,Okay,Moderate,No,5.5,2.9,High
Okay,Heavy,7.9,Tired,Minimal,Yes,5.2,6.1,Normal
Low Mood,Very Heavy,5.0,Exhausted,None,No,7.1,3.0,High
Low Mood,Moderate,6.7,Tired,Minimal,No,3.2,4.6,High
Good,Very Light,8.0,Energized,Very Social,Yes,4.0,10.8,Very Low
Low Mood,Very Heavy,5.5,Tired,None,No,8.8,3.3,High
Okay,Moderate,8.3,Energized,Social,No,4.4,6.5,Low
Okay,Very Light,8.7,Very Energized,Social,Yes,5.0,9.8,Very Low
Good,Light,7.7,Very Energized,Very Social,Yes,4.2,8.0,Very Low
Stressed,Very Heavy,5.1,Exhausted,Minimal,No,7.8,1.1,Very High
Good,Light,8.6,Very Energized,Very Social,No,3.1,8.2,Very Low
Okay,Light,8.8,Energized,Very Social,Yes,2.2,8.4,Low
Stressed,Heavy,4.3,Exhausted,None,Yes,9.4,3.5,Very High
Good,Light,8.4,Very Energized,Very Social,Yes,1.5,8.7,Very Low
Low Mood,Light,8.3,Okay,Moderate,No,4.4,5.1,Normal
Okay,Light,7.6,Very Energized,Moderate,Yes,3.9,6.1,Low
Low Mood,Light,6.7,Okay,None,No,8.8,2.2,Normal
Low Mood,Very Heavy,5.4,Exhausted,None,No,9.7,1.3,Very High
Stressed,Very Heavy,4.8,Exhausted,Minimal,No,8.9,1.6,Very High
Stressed,Very Heavy,5.6,Exhausted,None,No,9.0,1.3,Very High
Stressed,Very Heavy,5.5,Exhausted,Moderate,No,7.8,5.0,High
Good,Very Light,7.1,Energized,Very Social,Yes,3.0,6.0,Very Low
Low Mood,Very Heavy,4.8,Tired,Minimal,No,8.1,2.5,High
Okay,Heavy,7.2,Energized,Social,No,4.8,6.4,Normal
Low Mood,Light,6.7,Energized,Minimal,Yes,4.9,7.3,Normal
Okay,Heavy,6.4,Tired,None,No,7.7,3.4,Normal
Great,Moderate,7.2,Very Energized,Very Social,Yes,3.1,8.2,Very Low
Great,Very Light,8.1,Okay,Moderate,No,3.4,6.9,Very Low
Great,Very Light,9.4,Very Energized,Moderate,No,2.2,5.7,Very Low
Low Mood,Moderate,6.6,Okay,Moderate,No,3.4,5.9,Normal
Low Mood,Moderate,7.3,Energized,Minimal,No,4.3,4.5,Normal
Okay,Moderate,7.2,Energized,Social,No,3.9,5.1,Normal
Good,Very Light,9.4,Okay,Very Social,Yes,3.0,5.7,Very Low
Great,Moderate,8.9,Energized,Social,Yes,3.6,9.8,Very Low
Good,Moderate,7.4,Energized,Social,Yes,4.9,9.1,Low
Okay,Moderate,7.0,Okay,None,No,8.0,3.7,Normal
Good,Very Light,8.1,Energized,Very Social,Yes,3.3,7.6,Very Low
Low Mood,Heavy,5.8,Tired,None,No,8.4,1.5,High
Stressed,Moderate,6.1,Okay,Minimal,No,3.7,6.4,High
Stressed,Very Heavy,6.6,Tired,Moderate,Yes,7.0,2.5,High
Low Mood,Moderate,6.3,Tired,Social,Yes,5.5,6.8,Normal
Stressed,Heavy,7.2,Energized,Moderate,Yes,5.8,5.7,Normal
Stressed,Heavy,5.3,Exhausted,None,No,8.5,1.3,Very High
Stressed,Moderate,6.7,Tired,Minimal,No,6.4,3.1,High
Stressed,Very Heavy,6.2,Tired,Moderate,Yes,6.0,5.2,High
Low Mood,Heavy,6.4,Tired,Moderate,Yes,3.8,5.1,High
Stressed,Heavy,4.2,Exhausted,Minimal,No,7.3,1.2,High
Good,Heavy,7.1,Okay,Social,Yes,4.6,7.0,Low
Great,Very Light,8.1,Okay,Moderate,No,4.3,6.6,Low
Okay,Light,8.5,Okay,Moderate,Yes,2.9,9.7,Low
Good,Light,9.8,Very Energized,Very Social,Yes,1.6,10.9,Very Low
Okay,Moderate,6.3,Exhausted,None,No,8.8,5.9,High
Low Mood,Heavy,6.3,Okay,Minimal,No,9.0,4.5,Normal
Stressed,Very Heavy,5.6,Exhausted,Minimal,No,7.8,1.4,Very High
Stressed,Heavy,6.7,Tired,Moderate,No,5.4,5.5,High
Great,Moderate,7.9,Energized,Social,Yes,3.3,9.4,Very Low
Stressed,Moderate,6.6,Exhausted,Minimal,No,7.5,3.0,High
Great,Very Light,9.3,Energized,Very Social,Yes,2.8,6.0,Very Low
Good,Light,7.9,Very Energized,Very Social,Yes,2.9,8.6,Very Low
Low Mood,Very Heavy,5.8,Exhausted,None,No,6.3,4.5,High
Low Mood,Heavy,8.0,Okay,Social,Yes,5.5,7.8,Normal
Stressed,Very Heavy,6.7,Tired,Minimal,No,7.5,4.9,High
Okay,Light,7.6,Tired,Moderate,No,5.8,6.5,Low
Great,Very Light,7.1,Energized,Very Social,Yes,4.4,9.2,Very Low
Good,Light,9.0,Very Energized,Very Social,Yes,4.4,6.0,Very Low
Low Mood,Very Heavy,4.6,Exhausted,Minimal,No,8.0,2.2,Very High
Low Mood,Heavy,4.4,Exhausted,None,No,7.7,2.6,High
Stressed,Heavy,6.7,Tired,None,No,7.5,4.1,High
Stressed,Very Heavy,5.3,Exhausted,Minimal,No,8.5,3.2,Very High
Low Mood,Very Heavy,5.2,Exhausted,None,Yes,6.8,3.1,High
Okay,Very Light,8.6,Energized,Very Social,Yes,1.0,9.6,Very Low
Low Mood,Heavy,5.8,Exhausted,Minimal,No,8.6,2.9,High
Okay,Very Light,9.4,Very Energized,Moderate,Yes,3.0,5.3,Very Low
Good,Moderate,7.6,Okay,Minimal,Yes,3.4,6.2,Low
Okay,Light,7.8,Energized,Social,No,6.0,7.4,Low
Stressed,Heavy,5.5,Okay,Moderate,No,5.1,4.1,High
Stressed,Moderate,6.7,Tired,Minimal,No,4.8,5.2,High
Great,Moderate,8.5,Very Energized,Social,Yes,4.8,7.6,Very Low
Stressed,Heavy,5.3,Tired,Minimal,No,7.8,1.6,High
Great,Very Light,9.1,Energized,Very Social,Yes,1.6,9.2,Very Low
Okay,Light,8.3,Okay,Social,Yes,3.3,9.2,Low
Low Mood,Light,7.6,Okay,Minimal,No,5.8,5.9,Normal
Okay,Heavy,8.2,Tired,Social,Yes,5.5,4.6,Normal
Low Mood,Heavy,7.1,Okay,Social,No,3.2,7.8,Normal
Great,Very Light,9.1,Okay,Social,Yes,3.4,5.8,Very Low
Good,Heavy,8.2,Okay,Minimal,No,5.9,7.2,Normal
Great,Very Light,8.8,Okay,Social,No,4.4,7.3,Low
Good,Very Light,7.0,Energized,Moderate,No,4.4,6.9,Low
Low Mood,Moderate,6.8,Tired,Social,Yes,5.4,7.5,Normal
Okay,Heavy,8.2,Tired,Moderate,Yes,5.8,6.9,Normal
Okay,Very Heavy,5.4,Exhausted,Moderate,No,8.9,4.1,High
Stressed,Moderate,6.2,Energized,Minimal,No,3.0,5.2,Normal
Low Mood,Heavy,6.8,Exhausted,Minimal,Yes,8.6,3.5,High
Great,Very Light,9.2,Very Energized,Social,Yes,4.5,8.4,Very Low
Okay,Moderate,6.6,Okay,Moderate,No,5.1,6.0,Normal
Okay,Heavy,7.0,Exhausted,None,Yes,7.7,3.7,Normal
Good,Moderate,6.3,Okay,Minimal,Yes,8.7,4.6,Low
Okay,Moderate,7.8,Very Energized,Social,No,4.9,5.6,Low
Okay,Light,7.5,Energized,Moderate,No,4.2,6.9,Low
Low Mood,Heavy,6.3,Tired,None,No,6.9,4.7,High
Okay,Light,7.8,Okay,Social,No,2.6,8.6,Normal
Stressed,Heavy,4.9,Tired,Minimal,No,8.2,3.1,Very High
Great,Moderate,9.5,Very Energized,Moderate,Yes,4.1,6.7,Very Low
Stressed,Heavy,4.3,Tired,None,No,8.3,3.5,Very High
Low Mood,Moderate,6.5,Tired,Minimal,No,8.1,2.8,High
Stressed,Very Heavy,5.1,Tired,Minimal,No,9.9,3.9,High
Stressed,Heavy,5.4,Okay,Minimal,No,5.9,5.4,High
Okay,Moderate,6.7,Okay,Moderate,No,7.9,2.7,Normal
Stressed,Heavy,5.6,Tired,None,No,9.9,1.4,Very High
Okay,Light,7.4,Energized,Minimal,Yes,5.6,4.8,Low
Okay,Light,8.5,Energized,Moderate,Yes,2.5,8.9,Low
Okay,Heavy,6.1,Okay,Moderate,Yes,8.9,5.5,Normal
Low Mood,Very Heavy,6.1,Tired,None,No,5.5,2.3,High
Stressed,Heavy,5.2,Okay,None,No,6.5,2.9,High
Stressed,Very Heavy,6.5,Okay,Minimal,Yes,7.1,3.9,High
Good,Very Light,9.1,Okay,Very Social,No,2.6,9.4,Low
Good,Moderate,6.1,Energized,Minimal,Yes,5.7,8.0,Low
Good,Moderate,9.1,Okay,Moderate,No,4.4,9.9,Low
Okay,Light,6.3,Tired,Social,No,3.2,5.0,Low
Stressed,Very Heavy,6.1,Okay,Minimal,Yes,7.9,5.7,High
Low Mood,Very Heavy,6.6,Okay,Moderate,No,7.4,4.0,Normal
Great,Moderate,9.1,Energized,Very Social,Yes,2.0,5.9,Very Low
Good,Moderate,7.6,Very Energized,Social,Yes,3.5,8.7,Very Low
Okay,Moderate,7.4,Tired,Moderate,Yes,4.5,5.9,Normal
Great,Light,9.0,Okay,Social,No,4.5,8.5,Low
Low Mood,Heavy,6.8,Okay,Minimal,Yes,8.5,4.4,Normal
Low Mood,Heavy,6.9,Tired,Moderate,Yes,5.7,5.2,Normal
Okay,Very Heavy,5.6,Exhausted,None,Yes,7.5,2.4,High
Stressed,Very Heavy,5.1,Exhausted,Minimal,No,9.7,2.5,Very High
Great,Moderate,9.1,Okay,Social,Yes,2.8,5.1,Low
Low Mood,Moderate,6.3,Exhausted,Minimal,No,6.9,2.8,High
Good,Moderate,8.0,Very Energized,Very Social,No,1.0,11.7,Low
Okay,Very Heavy,6.5,Tired,Minimal,Yes,6.1,4.2,Normal
Low Mood,Moderate,6.3,Tired,Social,Yes,3.5,5.4,Normal
Stressed,Heavy,6.5,Tired,None,No,8.1,3.5,High
Great,Very Light,7.7,Okay,Social,Yes,3.7,9.3,Very Low
Low Mood,Heavy,6.6,Exhausted,Minimal,No,7.5,3.6,High
Good,Very Light,8.4,Very Energized,Very Social,Yes,3.2,8.8,Very Low
Low Mood,Moderate,8.1,Energized,Minimal,No,5.7,4.8,Low
Stressed,Very Heavy,6.3,Exhausted,None,Yes,6.3,4.7,High
Okay,Moderate,6.9,Okay,Minimal,No,5.1,5.8,Low
Great,Light,9.8,Energized,Social,Yes,1.5,10.4,Very Low
Great,Very Light,7.0,Very Energized,Very Social,Yes,4.2,8.5,Very Low
Okay,Light,8.0,Energized,Minimal,No,5.9,5.8,Low
Good,Very Light,8.8,Energized,Very Social,Yes,3.0,11.4,Very Low
Stressed,Heavy,5.7,Exhausted,None,No,9.1,2.0,Very High
Low Mood,Moderate,6.7,Okay,Minimal,Yes,5.1,7.2,Normal
Stressed,Very Heavy,5.0,Okay,Minimal,No,5.8,5.7,High
Stressed,Heavy,5.6,Exhausted,Minimal,No,9.3,1.9,High
Low Mood,Moderate,6.5,Tired,Moderate,No,8.8,2.9,Normal
Okay,Moderate,7.0,Okay,Minimal,Yes,4.8,5.5,Normal
Good,Light,9.1,Very Energized,Social,Yes,1.6,11.8,Very Low
Good,Light,9.1,Very Energized,Very Social,Yes,2.1,9.9,Very Low
Good,Very Light,9.4,Energized,Social,Yes,1.5,11.9,Very Low
Okay,Moderate,8.2,Tired,Minimal,Yes,4.8,5.0,Normal
Great,Very Light,8.4,Okay,Moderate,No,3.3,8.4,Very Low
Low Mood,Heavy,6.3,Tired,None,No,6.4,5.6,High
Okay,Very Heavy,6.4,Exhausted,Moderate,No,7.9,2.9,Normal
Good,Moderate,7.8,Tired,Social,Yes,5.3,5.5,Low
Okay,Light,7.7,Energized,Moderate,No,4.7,4.3,Low
Low Mood,Heavy,5.4,Tired,None,No,7.3,3.6,High
Great,Moderate,7.6,Very Energized,Social,Yes,3.4,9.9,Very Low
Okay,Light,9.2,Okay,Moderate,Yes,4.3,7.1,Low
Low Mood,Heavy,5.5,Exhausted,None,No,8.3,3.8,Very High
Low Mood,Moderate,7.1,Okay,Moderate,No,5.3,5.3,Normal
Okay,Very Light,9.0,Energized,Very Social,Yes,4.2,9.5,Very Low
Good,Moderate,6.1,Okay,Moderate,Yes,5.5,4.6,Low
Okay,Moderate,7.1,Tired,Minimal,Yes,3.1,4.5,Low
Low Mood,Very Heavy,6.5,Tired,None,No,6.5,2.8,High
Good,Light,7.3,Tired,Social,Yes,4.6,7.0,Low
Good,Very Light,9.7,Very Energized,Social,Yes,3.3,9.7,Very Low
Low Mood,Heavy,5.4,Tired,None,No,8.3,3.7,High
Stressed,Moderate,5.7,Tired,Minimal,No,7.6,3.0,High
Low Mood,Heavy,5.7,Tired,None,No,8.6,2.7,High
Stressed,Very Heavy,5.7,Okay,None,No,5.5,4.9,High
Good,Moderate,6.4,Okay,Social,Yes,6.0,7.4,Low
Okay,Heavy,6.2,Tired,Social,No,4.7,6.1,Normal
Great,Light,8.2,Energized,Social,No,3.3,9.2,Very Low
Okay,Very Heavy,6.0,Exhausted,Minimal,No,5.2,4.3,Normal
Stressed,Heavy,5.2,Exhausted,Minimal,No,6.5,3.7,High
Great,Heavy,8.0,Energized,Social,No,5.4,6.0,Low
Okay,Moderate,8.4,Tired,Minimal,Yes,4.9,6.9,Low
Okay,Moderate,9.2,Energized,Social,Yes,4.0,7.9,Low
Good,Very Light,7.3,Very Energized,Moderate,Yes,2.9,9.5,Very Low
Great,Light,6.4,Energized,Moderate,Yes,4.8,7.3,Very Low
Stressed,Moderate,5.6,Exhausted,Minimal,No,7.8,3.7,High
Stressed,Heavy,6.7,Tired,Moderate,No,5.8,5.4,High
Great,Light,8.9,Very Energized,Social,Yes,2.5,10.7,Very Low
Good,Heavy,7.2,Tired,Moderate,Yes,3.2,4.8,Low
Stressed,Very Heavy,4.9,Tired,Minimal,No,7.4,2.4,Very High
Great,Very Light,8.6,Okay,Moderate,Yes,3.2,9.0,Very Low
Low Mood,Heavy,6.1,Okay,None,No,7.8,2.5,High
Stressed,Very Heavy,4.4,Exhausted,None,No,8.6,1.4,Very High
Okay,Light,9.0,Okay,Social,Yes,2.2,8.2,Low
Good,Light,7.5,Energized,Moderate,No,3.5,7.3,Low
Okay,Moderate,9.1,Okay,Social,No,3.8,8.9,Normal
Low Mood,Very Heavy,5.0,Tired,Moderate,No,5.6,2.9,High
Good,Moderate,6.4,Okay,Minimal,No,3.8,5.7,Normal
Low Mood,Very Heavy,4.6,Exhausted,None,Yes,7.7,3.2,High
Great,Moderate,7.1,Okay,Moderate,Yes,3.1,6.7,Low
Okay,Moderate,8.1,Energized,Minimal,No,4.9,7.2,Normal
Great,Moderate,7.9,Energized,Moderate,No,3.0,8.2,Low
Low Mood,Heavy,6.9,Tired,None,No,5.4,5.1,High
Good,Very Light,7.3,Okay,Very Social,Yes,3.0,9.7,Very Low
Great,Moderate,9.0,Very Energized,Very Social,Yes,4.5,7.1,Very Low
Good,Very Light,8.5,Okay,Social,No,4.4,9.4,Low
Okay,Light,8.5,Okay,Very Social,Yes,3.3,7.8,Very Low
Low Mood,Light,7.9,Okay,Moderate,Yes,3.1,5.8,Low
Okay,Very Light,9.1,Okay,Moderate,No,4.4,7.5,Low
Okay,Moderate,6.5,Tired,Social,Yes,4.5,7.9,Normal
Stressed,Heavy,4.5,Tired,None,Yes,7.1,2.2,High
Good,Light,8.0,Energized,Social,Yes,4.4,4.9,Very Low
Great,Light,8.3,Very Energized,Moderate,Yes,4.3,7.5,Very Low
Great,Moderate,7.2,Okay,Moderate,Yes,2.8,9.9,Low
Great,Moderate,8.7,Energized,Moderate,No,2.6,6.0,Low
Good,Light,8.1,Okay,Moderate,No,3.0,5.9,Low
Low Mood,Heavy,6.7,Tired,Social,Yes,5.1,4.2,High
Good,Very Light,9.4,Very Energized,Very Social,No,2.3,5.5,Very Low
Okay,Heavy,7.0,Exhausted,None,Yes,6.9,5.1,Normal
Good,Light,7.3,Energized,Moderate,Yes,2.7,8.6,Low
Low Mood,Moderate,7.1,Okay,Social,No,3.7,5.1,Normal
Great,Light,8.1,Energized,Social,Yes,1.8,7.4,Very Low
Low Mood,Light,6.8,Energized,Minimal,No,4.3,7.8,Normal
Great,Very Light,9.5,Very Energized,Very Social,Yes,2.2,9.7,Very Low
Okay,Moderate,7.1,Tired,Moderate,Yes,4.3,6.6,Normal
Great,Very Light,8.3,Okay,Moderate,Yes,3.0,6.7,Very Low
Good,Light,8.0,Energized,Social,No,5.2,6.8,Very Low
Low Mood,Moderate,8.2,Energized,Moderate,No,5.8,6.5,Normal
Good,Moderate,7.6,Okay,Moderate,Yes,3.8,6.9,Low
Stressed,Light,7.9,Energized,Moderate,No,4.3,5.9,Normal
Okay,Light,7.9,Tired,Moderate,No,5.0,6.0,Normal
Stressed,Very Heavy,6.1,Tired,Moderate,No,5.5,3.0,Very High
Low Mood,Very Heavy,5.3,Exhausted,Minimal,Yes,8.7,5.2,High
Okay,Very Heavy,4.9,Tired,Minimal,No,8.2,3.6,High
Good,Heavy,8.2,Tired,Moderate,No,3.9,7.0,Normal
Good,Moderate,6.6,Tired,Social,No,5.5,4.4,Normal
Okay,Very Light,9.2,Energized,Social,No,3.8,6.8,Low
Great,Light,8.0,Okay,Moderate,Yes,4.7,8.3,Low
Stressed,Very Heavy,6.8,Tired,Moderate,No,7.8,2.0,High
Good,Heavy,6.0,Tired,Social,Yes,5.4,4.3,Normal
Okay,Heavy,6.6,Tired,Minimal,Yes,4.9,5.2,Normal
Okay,Moderate,7.6,Tired,Moderate,No,3.8,4.4,Normal
Low Mood,Very Heavy,5.6,Tired,Minimal,Yes,10.0,3.2,High
Good,Moderate,9.1,Very Energized,Moderate,Yes,3.3,5.6,Low
Good,Very Light,9.4,Energized,Very Social,Yes,2.3,11.2,Very Low
Low Mood,Light,6.1,Tired,Moderate,No,5.6,5.7,Normal
Great,Light,8.9,Energized,Very Social,No,2.4,11.8,Very Low
Good,Moderate,7.6,Energized,Moderate,Yes,4.1,7.8,Low
Low Mood,Very Heavy,4.1,Exhausted,Minimal,No,10.0,2.1,Very High
Okay,Very Heavy,6.3,Tired,Moderate,Yes,7.4,3.5,Normal
Okay,Light,7.5,Energized,Social,Yes,4.2,7.5,Low
Good,Light,7.3,Energized,Moderate,No,4.4,4.7,Low
Stressed,Very Heavy,6.0,Exhausted,Minimal,No,7.8,3.0,Very High
Great,Light,9.0,Very Energized,Very Social,Yes,4.7,6.9,Very Low
Okay,Heavy,8.2,Tired,Social,Yes,5.0,7.3,Normal
Okay,Light,7.2,Very Energized,Very Social,Yes,2.0,5.1,Low
Great,Light,8.1,Energized,Social,Yes,3.0,7.9,Very Low
Okay,Moderate,5.6,Tired,None,Yes,5.5,5.8,Normal
Okay,Moderate,7.3,Tired,Moderate,No,4.1,7.3,Normal
Good,Moderate,7.4,Energized,Moderate,Yes,3.5,5.3,Very Low
Okay,Moderate,5.6,Okay,Minimal,Yes,6.1,4.4,Normal
Stressed,Heavy,6.5,Exhausted,Moderate,No,5.1,5.8,High
Okay,Moderate,7.9,Tired,Social,Yes,3.1,4.2,Normal
Stressed,Very Heavy,4.4,Tired,None,No,9.0,4.0,Very High
Good,Moderate,9.0,Okay,Social,No,4.1,9.4,Low
Good,Very Light,8.3,Okay,Very Social,No,2.8,5.4,Low
Great,Very Light,8.0,Very Energized,Social,Yes,2.0,11.4,Very Low
Low Mood,Very Heavy,4.7,Exhausted,Minimal,No,9.0,3.0,Very High
Low Mood,Moderate,4.2,Tired,Minimal,No,8.1,3.6,High
Okay,Very Light,9.0,Okay,Moderate,Yes,4.0,6.6,Low
Okay,Moderate,5.2,Okay,Moderate,No,7.2,2.4,Normal
Stressed,Heavy,5.8,Exhausted,Minimal,No,8.9,3.8,Very High
Low Mood,Light,6.4,Okay,Moderate,No,3.6,4.9,Normal
Low Mood,Heavy,6.9,Okay,Moderate,Yes,4.0,7.0,High
Low Mood,Moderate,7.2,Tired,Moderate,No,4.5,5.8,Normal
Good,Heavy,8.1,Okay,Minimal,Yes,3.2,5.1,Low
Low Mood,Heavy,5.1,Tired,Minimal,Yes,8.5,4.2,High
Stressed,Very Heavy,6.4,Tired,Moderate,No,5.8,3.1,High
Okay,Very Light,7.7,Okay,Very Social,No,2.4,9.7,Very Low
Great,Very Light,7.8,Energized,Social,Yes,3.0,11.3,Very Low
Okay,Very Heavy,5.6,Tired,Minimal,No,7.8,3.5,High
Good,Light,6.4,Tired,Moderate,Yes,3.6,4.5,Low
Low Mood,Light,6.7,Tired,Minimal,No,4.1,4.2,Normal
Stressed,Very Heavy,4.3,Exhausted,None,No,8.8,3.7,Very High
Good,Light,6.6,Okay,Moderate,No,5.5,5.2,Low
Great,Light,9.6,Very Energized,Very Social,Yes,4.0,9.5,Very Low
Low Mood,Very Heavy,5.4,Okay,Minimal,No,6.1,5.8,High
Low Mood,Very Heavy,5.2,Tired,Minimal,No,9.9,3.9,High
Great,Moderate,7.7,Energized,Social,Yes,1.7,11.7,Very Low
Low Mood,Moderate,6.0,Tired,None,No,5.2,3.3,Normal
Good,Moderate,6.6,Energized,Moderate,Yes,3.5,5.5,Low
Great,Very Light,9.6,Very Energized,Very Social,Yes,1.5,9.3,Very Low
Low Mood,Heavy,4.8,Tired,Minimal,No,8.1,1.6,High
Great,Light,9.1,Energized,Social,No,1.5,8.3,Very Low
Low Mood,Heavy,6.5,Tired,Minimal,No,5.6,5.6,High
Great,Light,8.4,Okay,Moderate,Yes,2.4,6.6,Very Low
Good,Light,7.9,Very Energized,Social,Yes,1.6,7.6,Very Low
Great,Very Light,7.8,Okay,Moderate,Yes,4.6,7.9,Very Low
Good,Light,9.6,Very Energized,Very Social,Yes,3.5,9.9,Very Low
Great,Moderate,6.5,Energized,Moderate,Yes,5.4,7.2,Low
Okay,Light,8.2,Tired,Minimal,Yes,3.3,5.5,Normal
Okay,Very Heavy,5.1,Okay,Moderate,No,5.2,5.7,High
Great,Light,7.6,Energized,Very Social,Yes,3.5,6.7,Very Low
Low Mood,Moderate,5.1,Exhausted,Moderate,No,6.5,5.8,High
Good,Light,8.3,Okay,Minimal,Yes,5.2,4.6,Low
Stressed,Heavy,5.2,Exhausted,None,No,5.1,2.5,Very High
Good,Moderate,7.7,Very Energized,Very Social,Yes,2.7,6.1,Very Low
Low Mood,Heavy,4.0,Tired,Minimal,No,9.0,2.6,High
Good,Light,7.8,Very Energized,Very Social,Yes,1.6,10.7,Very Low
Low Mood,Heavy,8.1,Energized,Moderate,Yes,5.2,4.3,Normal
Stressed,Heavy,6.1,Okay,Minimal,No,6.2,2.8,High
Stressed,Very Heavy,4.6,Exhausted,Minimal,Yes,7.7,3.0,Very High
Great,Light,9.2,Energized,Social,Yes,3.9,8.7,Very Low
Good,Very Light,7.8,Okay,Very Social,Yes,2.3,9.5,Very Low
Low Mood,Heavy,6.6,Tired,None,No,5.2,2.1,High
Okay,Very Heavy,6.6,Okay,Minimal,No,6.9,2.7,Normal
Stressed,Heavy,4.7,Tired,Minimal,No,9.1,3.5,Very High
Okay,Heavy,6.8,Energized,Moderate,No,3.2,5.4,Normal
Good,Very Light,8.3,Energized,Very Social,Yes,3.4,10.9,Very Low
Good,Heavy,6.9,Tired,Moderate,No,7.7,4.0,Normal
Low Mood,Very Heavy,5.9,Tired,Minimal,No,7.6,5.6,High
Low Mood,Very Heavy,5.2,Exhausted,Minimal,No,7.4,2.2,High
Low Mood,Very Heavy,7.0,Okay,Minimal,No,5.0,2.6,Normal
Good,Very Heavy,7.4,Okay,Minimal,Yes,4.1,7.5,Normal
Good,Moderate,7.5,Okay,Moderate,No,3.2,4.9,Normal
Good,Very Light,7.7,Energized,Moderate,No,4.4,9.6,Very Low
Low Mood,Very Heavy,5.3,Exhausted,Minimal,No,6.0,5.1,High
Low Mood,Very Heavy,5.1,Tired,None,No,7.8,3.1,High
Okay,Very Heavy,6.2,Energized,Moderate,Yes,5.1,6.1,Normal
Stressed,Very Heavy,5.5,Exhausted,Minimal,No,8.0,4.8,Very High
Okay,Light,6.7,Okay,Minimal,No,3.5,5.7,Normal
Stressed,Very Heavy,5.6,Tired,Minimal,No,9.6,1.3,High
Good,Moderate,6.9,Tired,Moderate,Yes,5.9,6.8,Low
Low Mood,Heavy,5.4,Exhausted,Minimal,No,5.9,3.1,High
Okay,Moderate,7.5,Very Energized,Social,Yes,2.9,8.0,Low
Low Mood,Moderate,8.2,Energized,Moderate,Yes,4.4,6.1,Normal
Great,Moderate,9.2,Energized,Moderate,Yes,3.6,6.7,Low
Good,Light,8.6,Okay,Moderate,No,4.4,8.9,Low
Okay,Very Heavy,6.7,Tired,Moderate,No,6.1,2.5,High
Great,Very Light,8.3,Okay,Social,No,3.6,8.7,Very Low
Good,Heavy,6.5,Okay,Social,No,3.4,6.1,Normal
Good,Light,6.3,Tired,Minimal,No,5.0,6.7,Low
Stressed,Very Heavy,5.0,Tired,Minimal,Yes,6.1,3.5,High
Low Mood,Light,6.9,Tired,Moderate,No,4.7,7.5,Normal
Low Mood,Heavy,4.4,Tired,None,No,9.1,3.1,High
Good,Light,8.9,Very Energized,Very Social,Yes,2.5,10.2,Very Low
Good,Light,8.3,Energized,Social,Yes,1.4,9.9,Very Low
Great,Light,9.1,Energized,Social,Yes,2.4,7.6,Very Low
Good,Light,9.0,Very Energized,Moderate,Yes,4.3,9.4,Very Low
Okay,Heavy,6.8,Tired,Minimal,No,7.0,4.6,High
Okay,Heavy,7.6,Energized,Social,Yes,3.2,4.3,Low
Stressed,Heavy,4.2,Tired,None,No,10.0,3.5,Very High
Okay,Heavy,6.2,Exhausted,Moderate,No,5.3,3.4,High
Good,Moderate,6.8,Tired,Minimal,Yes,3.6,6.6,Low
Great,Light,7.9,Very Energized,Social,Yes,3.9,10.8,Very Low
Stressed,Heavy,5.6,Tired,Minimal,No,7.2,4.6,High
Okay,Heavy,6.6,Energized,Social,Yes,3.8,7.3,Low
Stressed,Heavy,6.0,Okay,Moderate,No,5.4,5.9,High
Okay,Heavy,8.0,Okay,Social,No,4.9,6.1,Normal
Low Mood,Heavy,5.5,Okay,Moderate,No,5.7,4.2,Normal
Low Mood,Very Heavy,6.5,Exhausted,Moderate,No,5.0,2.2,High
Great,Light,8.7,Okay,Social,Yes,3.3,9.2,Very Low
Stressed,Heavy,4.7,Exhausted,None,No,7.4,3.8,Very High
Good,Moderate,6.8,Energized,Moderate,No,5.9,5.8,Low
Stressed,Moderate,5.2,Tired,None,No,5.4,2.5,High
Great,Very Light,7.7,Energized,Very Social,No,2.8,5.1,Very Low
Great,Light,7.9,Energized,Very Social,Yes,3.3,8.4,Very Low
Great,Very Light,8.0,Very Energized,Moderate,No,3.0,6.1,Very Low
Good,Very Light,8.4,Energized,Social,No,4.7,5.0,Very Low
Good,Moderate,7.7,Okay,Social,No,3.4,7.8,Low
Great,Moderate,8.3,Okay,Social,Yes,4.9,5.3,Low
Low Mood,Very Heavy,4.3,Exhausted,Minimal,Yes,7.9,2.3,High
Good,Heavy,8.5,Energized,Moderate,Yes,5.7,4.9,Normal
Good,Moderate,5.1,Okay,Minimal,Yes,6.8,3.9,Normal
Okay,Very Heavy,6.7,Exhausted,Moderate,No,7.0,3.6,High
Low Mood,Very Heavy,6.6,Tired,None,No,5.6,2.8,High
Okay,Moderate,6.6,Okay,Moderate,Yes,3.7,6.1,Low
Low Mood,Very Heavy,5.7,Tired,Moderate,Yes,8.8,5.4,High
Okay,Moderate,6.5,Energized,Social,No,3.3,4.1,Normal
Okay,Moderate,5.8,Tired,None,Yes,5.8,4.3,Normal
Okay,Moderate,6.3,Energized,Minimal,No,3.9,7.1,Low
Low Mood,Very Heavy,6.6,Exhausted,None,Yes,8.7,3.1,Very High
Great,Very Light,9.1,Energized,Social,Yes,4.6,6.7,Very Low
Good,Moderate,6.1,Tired,Social,No,3.2,7.7,Normal
Low Mood,Heavy,4.2,Tired,None,No,7.7,1.3,High
Stressed,Very Heavy,6.9,Okay,Minimal,No,7.1,4.3,High
Good,Very Light,6.9,Tired,Social,Yes,5.2,6.9,Low
Great,Very Light,7.7,Okay,Moderate,No,3.7,5.4,Very Low
Low Mood,Very Heavy,6.1,Exhausted,Moderate,No,7.5,5.9,High
Great,Very Light,8.3,Energized,Moderate,Yes,4.2,8.7,Very Low
Okay,Light,7.9,Energized,Moderate,Yes,5.6,7.3,Low
Stressed,Moderate,5.6,Tired,Minimal,No,5.6,4.1,Normal
Good,Light,9.5,Very Energized,Very Social,Yes,3.3,8.0,Very Low
Okay,Heavy,5.3,Tired,None,No,6.9,4.1,Normal
Low Mood,Heavy,6.3,Tired,Moderate,Yes,5.2,2.8,Normal
Low Mood,Heavy,4.0,Exhausted,Minimal,No,8.3,1.6,Very High
Good,Moderate,8.1,Okay,Social,Yes,5.6,7.1,Low
Stressed,Heavy,4.0,Exhausted,Minimal,No,7.1,1.4,Very High
Low Mood,Heavy,5.1,Exhausted,None,No,8.4,2.0,High
Okay,Heavy,7.2,Tired,Moderate,Yes,4.9,7.6,Normal
Okay,Light,8.3,Okay,Social,Yes,4.1,7.0,Low
Low Mood,Heavy,8.1,Energized,Moderate,Yes,5.7,7.8,Normal
Good,Very Light,8.1,Very Energized,Social,Yes,1.9,11.6,Very Low
Okay,Light,7.1,Energized,Moderate,No,4.1,5.6,Low
Good,Moderate,7.3,Tired,Social,No,3.5,5.9,Normal
Good,Very Light,9.1,Okay,Moderate,Yes,4.6,8.2,Low
Low Mood,Moderate,7.0,Energized,Moderate,No,3.7,6.4,Normal
Stressed,Moderate,5.2,Tired,None,Yes,7.0,2.3,High
Stressed,Heavy,5.6,Exhausted,Minimal,No,5.2,3.2,Very High
Okay,Light,7.1,Okay,Very Social,No,4.7,7.8,Low
Stressed,Moderate,5.4,Exhausted,Moderate,Yes,7.7,2.6,High
Low Mood,Very Heavy,6.3,Exhausted,Moderate,Yes,6.3,3.5,High
Okay,Moderate,7.7,Energized,Moderate,Yes,6.0,6.9,Low
Low Mood,Very Heavy,5.3,Tired,Minimal,No,6.8,4.0,High
Okay,Moderate,5.4,Okay,Moderate,No,6.6,4.5,Normal
Low Mood,Heavy,7.7,Tired,Minimal,No,3.3,5.8,Normal
Low Mood,Very Heavy,5.1,Tired,Minimal,No,7.6,3.8,High
Low Mood,Heavy,7.0,Okay,Moderate,No,7.2,4.4,Normal
Great,Moderate,7.7,Very Energized,Very Social,No,4.0,6.2,Very Low
Great,Light,8.3,Very Energized,Social,Yes,3.1,10.3,Very Low
Low Mood,Light,8.0,Tired,Moderate,Yes,3.5,5.2,Normal
Okay,Heavy,5.0,Tired,Minimal,No,9.3,1.9,High
Good,Moderate,7.8,Energized,Minimal,Yes,3.9,7.8,Low
Okay,Moderate,7.3,Energized,Minimal,Yes,3.8,5.4,Low
Okay,Very Light,8.9,Okay,Social,Yes,3.8,5.8,Low
Okay,Moderate,8.6,Very Energized,Moderate,Yes,3.2,8.0,Very Low
Good,Moderate,7.5,Okay,Social,Yes,4.3,5.8,Low
Okay,Light,8.4,Very Energized,Moderate,No,3.5,9.8,Low
Good,Heavy,8.1,Energized,Moderate,No,4.8,7.6,Low
Low Mood,Very Heavy,4.3,Exhausted,None,No,9.7,2.7,Very High
Good,Moderate,8.2,Energized,Social,No,3.8,6.5,Low
Okay,Heavy,6.8,Tired,Moderate,No,3.2,4.4,High
Low Mood,Very Heavy,4.4,Exhausted,None,No,7.9,1.2,Very High
Low Mood,Heavy,4.6,Tired,Minimal,Yes,9.9,3.0,High
Good,Light,7.0,Very Energized,Social,No,4.5,8.2,Low
Good,Light,8.0,Energized,Social,No,5.7,6.7,Low
Good,Light,6.2,Energized,Moderate,Yes,4.7,4.4,Low
Okay,Heavy,6.0,Okay,Moderate,No,5.0,5.9,Normal
Low Mood,Very Heavy,6.9,Okay,Minimal,No,5.9,5.2,High
Okay,Heavy,6.9,Exhausted,Moderate,No,8.6,3.7,Normal
Low Mood,Heavy,7.2,Energized,Moderate,No,5.9,6.6,Normal
Low Mood,Moderate,8.3,Okay,Moderate,No,4.1,7.4,Normal
Stressed,Moderate,5.5,Exhausted,None,No,8.4,2.7,High
Good,Light,7.2,Tired,Moderate,No,3.3,7.3,Normal
Low Mood,Heavy,5.6,Exhausted,Moderate,Yes,8.7,5.8,High
Okay,Light,7.5,Okay,Social,Yes,4.1,4.6,Normal
Low Mood,Very Heavy,5.2,Exhausted,Moderate,Yes,6.0,2.6,Very High
Okay,Moderate,6.7,Tired,Minimal,Yes,5.0,6.3,Normal
Good,Very Light,8.1,Very Energized,Very Social,Yes,3.2,7.4,Very Low
Low Mood,Moderate,9.0,Energized,Very Social,No,4.7,9.0,Normal
Good,Very Light,7.4,Very Energized,Very Social,Yes,4.1,8.7,Very Low
Low Mood,Moderate,8.1,Tired,Minimal,No,5.6,4.4,Normal
Okay,Moderate,8.4,Energized,Minimal,Yes,3.5,5.6,Low
Good,Very Light,9.7,Very Energized,Social,Yes,3.7,10.9,Very Low
Good,Very Light,7.3,Okay,Very Social,No,2.1,7.4,Low
Low Mood,Heavy,6.2,Okay,Minimal,Yes,8.4,5.7,Normal
Low Mood,Very Heavy,6.1,Exhausted,None,No,6.8,5.9,Very High
Good,Moderate,6.1,Okay,Social,No,5.3,5.0,Low
Low Mood,Heavy,5.3,Tired,Moderate,No,8.4,4.7,High
Okay,Very Heavy,6.4,Exhausted,Moderate,No,5.5,5.1,High
Low Mood,Heavy,6.8,Okay,Moderate,No,5.7,3.0,High
Okay,Moderate,7.5,Okay,Moderate,Yes,5.3,7.4,Low
Okay,Moderate,8.0,Okay,Moderate,Yes,2.8,8.7,Low
Okay,Heavy,6.2,Okay,None,Yes,5.5,4.7,Normal
Great,Light,9.0,Very Energized,Social,Yes,4.2,7.6,Very Low
Great,Moderate,7.7,Energized,Very Social,Yes,4.1,8.0,Very Low
Good,Light,6.2,Okay,Minimal,No,4.5,6.4,Normal
Stressed,Moderate,5.2,Tired,Minimal,Yes,7.1,4.4,Normal
Stressed,Heavy,5.9,Exhausted,None,No,9.0,3.8,Very High
Good,Moderate,6.4,Tired,Social,Yes,5.6,4.2,Low
Low Mood,Moderate,7.9,Tired,Minimal,No,3.2,4.3,Normal
Low Mood,Moderate,7.5,Okay,Moderate,Yes,5.9,6.2,Normal
Okay,Moderate,5.4,Okay,None,Yes,8.8,5.6,Normal
Good,Moderate,6.8,Energized,Moderate,Yes,4.4,7.2,Low
Good,Very Light,7.9,Very Energized,Social,Yes,2.5,8.8,Very Low
Low Mood,Moderate,6.5,Energized,Minimal,Yes,4.2,7.6,Normal
Okay,Heavy,5.7,Tired,Moderate,Yes,5.7,2.3,Normal
Okay,Heavy,6.3,Tired,Social,Yes,3.2,4.6,Normal
Great,Moderate,9.4,Okay,Moderate,No,3.1,5.0,Low
Low Mood,Light,6.4,Okay,Social,Yes,4.3,6.8,Normal
Good,Light,8.4,Tired,Minimal,Yes,5.9,7.5,Low
Stressed,Very Heavy,4.3,Exhausted,None,No,7.4,2.4,Very High
Okay,Very Light,7.3,Energized,Social,Yes,3.3,6.9,Very Low
Low Mood,Heavy,5.2,Tired,Minimal,No,9.8,2.4,High
Good,Very Light,7.2,Very Energized,Moderate,Yes,3.4,9.1,Very Low
Low Mood,Heavy,5.1,Tired,None,Yes,7.7,1.7,High
Great,Moderate,9.5,Energized,Moderate,Yes,4.8,9.1,Low
Okay,Very Heavy,5.0,Tired,None,No,7.1,2.7,High
Okay,Heavy,5.0,Tired,Minimal,No,6.8,5.5,High
Stressed,Very Heavy,5.8,Exhausted,Minimal,No,7.4,2.6,High
Great,Light,7.7,Energized,Very Social,Yes,1.1,8.0,Very Low
Okay,Moderate,8.3,Very Energized,Moderate,No,2.9,10.0,Low
Okay,Moderate,6.1,Okay,Moderate,No,6.6,6.0,Normal
Good,Moderate,7.3,Tired,Minimal,No,3.3,7.0,Normal
Low Mood,Light,7.3,Okay,Minimal,Yes,5.6,7.8,Low
Low Mood,Moderate,6.9,Tired,Social,No,3.6,5.9,Normal
Low Mood,Very Heavy,4.2,Exhausted,Minimal,No,9.4,1.2,Very High
Stressed,Heavy,5.3,Exhausted,Minimal,No,8.0,3.8,Very High
Great,Light,8.7,Very Energized,Very Social,Yes,3.0,11.5,Very Low
Stressed,Moderate,5.6,Tired,None,Yes,7.3,3.3,High
Low Mood,Light,8.1,Tired,Moderate,No,3.2,7.2,Normal
Okay,Light,7.0,Energized,Minimal,Yes,3.3,7.4,Low
Stressed,Heavy,5.3,Okay,Moderate,Yes,7.9,4.3,Normal
Great,Very Light,8.8,Very Energized,Social,Yes,1.5,8.7,Very Low
Low Mood,Light,8.2,Tired,Social,Yes,3.7,7.1,Low
Low Mood,Moderate,6.3,Tired,Minimal,Yes,7.1,3.9,Normal
Great,Light,8.8,Energized,Moderate,Yes,4.2,8.5,Very Low
Great,Very Light,9.4,Okay,Very Social,No,4.9,6.5,Very Low
Low Mood,Heavy,7.2,Okay,Moderate,Yes,4.6,5.2,Normal
Great,Very Light,7.6,Okay,Moderate,No,2.2,8.1,Very Low
Low Mood,Heavy,6.7,Okay,None,No,6.0,4.9,Normal
Great,Moderate,6.7,Tired,Minimal,Yes,4.5,4.6,Low
Okay,Heavy,7.5,Okay,Minimal,No,3.9,4.4,Normal
Good,Moderate,6.4,Okay,Social,No,5.0,6.4,Normal
Stressed,Moderate,7.0,Okay,None,Yes,5.9,3.7,Normal
Good,Light,9.8,Energized,Very Social,Yes,2.5,11.8,Very Low
Okay,Moderate,7.9,Very Energized,Moderate,Yes,4.4,9.1,Low
Okay,Moderate,6.6,Tired,None,No,5.4,4.8,High
Okay,Moderate,5.3,Okay,Minimal,No,9.0,2.7,Normal
Okay,Light,9.0,Okay,Very Social,Yes,4.4,5.3,Low
Okay,Moderate,6.5,Exhausted,Moderate,No,7.0,2.6,Normal
Okay,Moderate,6.6,Exhausted,Moderate,Yes,7.3,5.2,Normal
Good,Very Light,6.9,Energized,Moderate,Yes,5.6,6.3,Very Low
Low Mood,Very Heavy,5.7,Okay,Minimal,No,5.9,2.6,High
Okay,Moderate,6.1,Energized,Moderate,Yes,5.8,4.8,Low
Good,Light,9.3,Energized,Very Social,Yes,4.0,8.0,Very Low
Low Mood,Very Heavy,5.8,Tired,None,No,6.6,5.7,High
Okay,Light,6.4,Okay,Social,No,4.8,7.9,Normal
Okay,Very Heavy,6.3,Okay,Moderate,No,7.7,3.3,Normal
Okay,Heavy,5.7,Exhausted,None,Yes,8.2,4.0,High
Stressed,Heavy,6.8,Exhausted,Minimal,No,8.4,4.2,High
Low Mood,Heavy,6.8,Tired,Social,Yes,3.9,6.5,Normal
Good,Heavy,8.0,Okay,Minimal,Yes,4.9,5.8,Normal
Low Mood,Very Heavy,5.5,Exhausted,Minimal,Yes,6.5,3.5,High
Great,Light,8.9,Very Energized,Very Social,Yes,2.2,11.1,Very Low
Okay,Heavy,7.0,Tired,Moderate,No,8.7,4.2,Normal
Good,Light,7.7,Energized,Social,Yes,3.2,5.0,Low
Low Mood,Light,8.0,Tired,Social,Yes,3.1,4.8,Normal
Good,Heavy,7.1,Energized,Minimal,Yes,5.8,7.3,Low
Okay,Light,7.7,Energized,Moderate,Yes,4.9,4.3,Low
Great,Light,8.6,Energized,Social,Yes,3.8,12.0,Very Low
Great,Very Light,8.9,Okay,Social,Yes,3.2,8.9,Very Low
Low Mood,Moderate,8.2,Tired,Social,Yes,5.9,8.0,Normal
Good,Light,8.2,Very Energized,Very Social,No,2.9,9.0,Very Low
Stressed,Heavy,5.4,Exhausted,None,No,7.7,2.8,Very High
Great,Very Light,7.1,Very Energized,Moderate,Yes,4.2,5.6,Very Low
Stressed,Very Heavy,4.7,Exhausted,None,No,7.7,1.8,Very High
Okay,Moderate,7.9,Energized,Moderate,Yes,5.0,5.7,Low
Stressed,Very Heavy,5.8,Tired,Moderate,No,6.7,3.1,Very High
Low Mood,Very Heavy,4.2,Tired,None,No,10.0,3.8,High
Okay,Moderate,6.7,Okay,Moderate,Yes,5.0,4.1,Normal
Okay,Light,6.6,Okay,Moderate,No,5.6,4.8,Low
Good,Very Light,7.9,Very Energized,Very Social,No,1.4,7.7,Very Low
Low Mood,Very Heavy,6.9,Tired,Minimal,Yes,5.6,3.7,High
Stressed,Moderate,6.7,Okay,Minimal,No,6.7,4.8,High
Good,Very Light,9.1,Very Energized,Social,Yes,2.0,11.0,Very Low
Low Mood,Heavy,5.1,Tired,Minimal,No,9.0,1.2,High
Good,Light,7.6,Very Energized,Social,Yes,3.0,5.2,Very Low
Good,Moderate,7.7,Okay,Minimal,No,3.8,7.5,Normal
Stressed,Very Heavy,6.8,Exhausted,Minimal,No,7.8,3.7,Very High
Good,Light,7.1,Very Energized,Moderate,Yes,4.8,9.7,Very Low
Okay,Moderate,8.4,Very Energized,Moderate,No,3.9,7.2,Low
Good,Light,9.2,Very Energized,Social,Yes,3.9,10.6,Very Low
Good,Very Light,9.1,Energized,Very Social,Yes,3.8,5.6,Very Low
Low Mood,Very Heavy,5.4,Exhausted,None,No,8.2,2.9,Very High
Okay,Moderate,6.4,Okay,Minimal,No,5.2,4.2,Normal
Good,Moderate,6.5,Okay,Minimal,Yes,5.7,6.8,Normal
Okay,Very Heavy,6.5,Okay,None,Yes,6.7,3.5,Normal
Okay,Very Light,9.2,Okay,Social,Yes,2.1,8.4,Low
Okay,Heavy,6.8,Tired,Minimal,No,3.4,7.2,Normal
Okay,Moderate,7.8,Very Energized,Social,Yes,4.2,7.1,Low
Good,Heavy,8.0,Tired,Moderate,Yes,5.9,4.8,Low
Okay,Light,6.0,Tired,Minimal,No,5.5,4.2,Normal
Good,Light,8.1,Energized,Minimal,Yes,3.6,7.0,Low
Good,Moderate,7.4,Energized,Minimal,Yes,5.9,5.9,Low
Low Mood,Heavy,6.5,Tired,Minimal,No,3.7,4.3,Normal
Good,Light,6.4,Tired,Minimal,Yes,4.1,7.6,Low
Stressed,Heavy,5.8,Exhausted,Minimal,Yes,8.3,4.5,High
Low Mood,Heavy,5.9,Exhausted,None,No,8.9,2.6,High
Okay,Very Light,9.3,Energized,Very Social,Yes,3.5,8.2,Very Low
Okay,Moderate,6.9,Tired,Minimal,No,8.5,4.7,Normal
Low Mood,Very Light,8.5,Okay,Very Social,No,4.8,8.1,Low
Okay,Heavy,6.9,Exhausted,None,No,6.3,4.7,Normal
Great,Light,9.2,Very Energized,Very Social,Yes,1.5,9.2,Very Low
Low Mood,Heavy,5.4,Exhausted,None,No,9.8,2.2,Very High
Stressed,Moderate,5.8,Exhausted,None,Yes,5.2,3.7,High
Great,Heavy,7.4,Tired,Minimal,No,3.2,4.8,Low
Okay,Light,9.4,Very Energized,Very Social,Yes,4.3,8.0,Low
Good,Moderate,9.0,Very Energized,Moderate,Yes,3.6,7.5,Low
Low Mood,Moderate,6.5,Energized,Social,No,4.0,6.5,Normal
Okay,Moderate,6.6,Okay,Social,No,4.5,4.2,Normal
Stressed,Heavy,6.6,Tired,None,No,6.7,2.8,High
Okay,Moderate,7.0,Energized,Minimal,Yes,4.7,5.5,Low
Stressed,Heavy,5.1,Exhausted,None,No,7.7,4.3,Very High
Good,Heavy,6.9,Exhausted,Minimal,Yes,5.1,2.8,Normal
Great,Light,8.3,Very Energized,Social,Yes,1.1,11.7,Very Low
Low Mood,Very Heavy,5.9,Exhausted,Moderate,Yes,5.6,5.5,High
Okay,Very Light,9.2,Very Energized,Very Social,Yes,2.3,9.9,Very Low
Good,Very Light,7.2,Okay,Very Social,Yes,2.1,6.0,Very Low
Low Mood,Moderate,6.7,Tired,Moderate,No,6.9,2.8,Normal
Good,Light,8.2,Energized,Social,Yes,4.7,4.6,Very Low
Stressed,Very Heavy,6.0,Exhausted,None,No,5.3,2.5,Very High
Okay,Heavy,7.4,Tired,Moderate,No,5.3,6.8,Normal
Good,Very Light,8.5,Tired,Minimal,Yes,3.1,6.4,Very Low
Okay,Light,8.3,Very Energized,Very Social,Yes,3.7,7.5,Low
Low Mood,Heavy,4.2,Tired,Minimal,No,8.9,3.8,High
Low Mood,Moderate,7.5,Okay,Social,Yes,3.4,4.1,Low
Good,Light,7.8,Energized,Social,Yes,2.4,11.8,Very Low
Okay,Moderate,7.0,Tired,Moderate,Yes,6.6,4.2,Normal
Low Mood,Very Heavy,4.5,Tired,None,No,8.2,3.2,High
Okay,Light,7.1,Okay,Social,Yes,2.4,7.3,Low
Stressed,Very Heavy,6.3,Okay,Minimal,Yes,5.1,4.1,High
Okay,Light,7.9,Okay,Very Social,Yes,3.0,7.7,Very Low
Low Mood,Very Heavy,4.8,Tired,Minimal,No,7.4,3.2,Very High
Okay,Heavy,5.4,Exhausted,None,No,7.7,4.0,High
Low Mood,Moderate,6.3,Okay,Minimal,Yes,4.7,4.6,Normal
Good,Very Heavy,5.8,Exhausted,Moderate,No,8.5,2.3,High
Stressed,Very Heavy,5.8,Exhausted,Minimal,No,8.7,4.3,High
Stressed,Very Heavy,4.4,Tired,None,No,8.8,4.0,Very High
Stressed,Very Heavy,4.5,Exhausted,None,No,8.1,1.1,Very High
Low Mood,Very Heavy,4.8,Exhausted,None,No,9.1,3.1,Very High
Great,Very Light,8.2,Energized,Very Social,Yes,3.7,8.5,Very Low
Stressed,Heavy,5.2,Tired,None,No,9.9,3.5,High
Good,Moderate,7.1,Okay,Social,No,5.0,4.5,Low
Low Mood,Heavy,6.3,Tired,Minimal,No,3.6,6.3,Normal
Great,Very Light,8.6,Energized,Social,Yes,2.8,5.9,Very Low
Good,Light,9.3,Very Energized,Very Social,Yes,3.4,10.4,Very Low
Okay,Moderate,9.3,Okay,Social,Yes,3.5,9.8,Low
Low Mood,Light,7.3,Tired,Social,No,4.0,6.8,Normal
Great,Light,7.9,Tired,Social,No,3.3,5.3,Low
Low Mood,Moderate,5.7,Tired,Moderate,No,8.6,4.2,High
Low Mood,Heavy,8.1,Energized,Moderate,No,4.7,7.6,Normal
Good,Moderate,7.8,Energized,Minimal,Yes,5.1,4.7,Low
Great,Light,7.6,Okay,Very Social,No,4.8,8.5,Low
Great,Moderate,8.4,Okay,Social,Yes,4.9,7.8,Very Low
Okay,Moderate,8.4,Tired,Moderate,Yes,4.8,6.1,Low
Low Mood,Very Heavy,6.7,Exhausted,None,No,6.1,4.2,High
Good,Very Light,8.7,Okay,Social,No,2.2,9.6,Low
Great,Very Light,9.2,Very Energized,Moderate,Yes,4.2,6.8,Very Low
Great,Light,9.4,Very Energized,Social,Yes,4.2,7.2,Very Low
Good,Light,7.4,Okay,Minimal,No,3.4,6.0,Low
Okay,Moderate,9.0,Energized,Social,Yes,3.5,7.3,Low
Good,Moderate,7.7,Tired,Minimal,No,5.8,7.5,Normal
Okay,Very Light,8.8,Okay,Very Social,Yes,2.9,6.1,Low
Good,Very Light,7.6,Okay,Social,Yes,2.1,6.4,Very Low
Okay,Heavy,6.5,Tired,Minimal,No,7.1,5.3,Normal
Low Mood,Moderate,7.5,Energized,Moderate,No,5.7,7.4,Normal
Great,Light,8.0,Very Energized,Very Social,Yes,2.8,10.4,Very Low
Okay,Heavy,6.3,Okay,Minimal,Yes,4.0,5.8,Normal
Low Mood,Very Heavy,4.1,Tired,None,No,9.1,1.2,High
Okay,Light,8.4,Energized,Moderate,Yes,3.3,7.6,Low
Low Mood,Heavy,5.6,Tired,Minimal,No,8.2,4.4,High
Okay,Light,6.1,Energized,Moderate,Yes,5.6,7.0,Low
Okay,Moderate,7.1,Very Energized,Moderate,No,2.3,5.1,Low
Okay,Heavy,8.2,Tired,Moderate,Yes,3.2,4.1,Normal
Okay,Heavy,6.5,Okay,Minimal,No,5.4,4.0,Normal
Stressed,Moderate,6.6,Tired,None,No,5.9,5.8,High
Low Mood,Very Heavy,7.0,Exhausted,None,Yes,5.1,4.3,High
Stressed,Moderate,5.0,Exhausted,Moderate,No,6.4,5.1,High
Great,Light,8.9,Very Energized,Very Social,Yes,3.2,5.3,Very Low
Stressed,Heavy,4.2,Tired,None,No,9.8,1.8,High
Okay,Light,7.7,Okay,Social,Yes,3.5,7.7,Low
Okay,Heavy,7.0,Tired,Minimal,No,5.8,2.3,Normal
Okay,Very Heavy,6.6,Exhausted,Minimal,No,5.4,2.3,High
Great,Very Light,9.4,Energized,Social,Yes,3.6,8.3,Very Low
Stressed,Very Heavy,5.7,Exhausted,Minimal,No,7.3,2.2,Very High
Good,Light,6.6,Okay,Moderate,Yes,5.4,5.0,Low
Low Mood,Heavy,4.1,Exhausted,None,No,8.0,1.3,High
Good,Very Light,9.5,Very Energized,Very Social,No,3.9,9.6,Very Low
Great,Light,8.3,Energized,Very Social,Yes,4.5,6.9,Very Low
Okay,Moderate,6.4,Exhausted,None,Yes,6.0,5.6,Normal
Low Mood,Moderate,6.6,Okay,Moderate,Yes,5.6,4.6,Normal
Low Mood,Heavy,7.9,Energized,Moderate,Yes,3.2,7.4,Normal
Okay,Moderate,7.4,Okay,Moderate,No,4.9,5.6,Normal
Good,Light,7.8,Okay,Social,No,4.0,6.6,Low
Low Mood,Heavy,7.4,Okay,Minimal,No,4.3,5.6,Normal
Good,Light,7.0,Energized,Social,Yes,2.0,7.7,Very Low
Great,Light,8.2,Very Energized,Social,Yes,1.8,11.9,Very Low
Low Mood,Moderate,5.1,Tired,Moderate,Yes,8.1,3.0,Normal
Low Mood,Moderate,6.4,Exhausted,None,No,8.8,4.5,High
Low Mood,Light,7.5,Okay,Moderate,Yes,4.0,5.7,Normal
Stressed,Very Heavy,5.1,Exhausted,Minimal,Yes,8.9,3.5,Very High
Great,Heavy,7.4,Energized,Very Social,Yes,4.4,5.7,Very Low
Okay,Very Light,7.8,Okay,Very Social,No,3.0,7.0,Low
Stressed,Heavy,6.8,Tired,None,No,7.6,3.5,High
Stressed,Very Heavy,5.2,Tired,Moderate,Yes,7.4,5.5,Very High
Low Mood,Very Heavy,5.5,Okay,Moderate,No,6.0,2.1,High
Okay,Moderate,6.6,Tired,Minimal,Yes,4.6,7.2,Normal
Great,Moderate,7.9,Very Energized,Very Social,No,2.3,6.9,Very Low
Low Mood,Moderate,6.8,Energized,Social,Yes,3.1,7.9,Low
Low Mood,Moderate,7.4,Energized,Moderate,Yes,4.7,5.4,Normal
Okay,Heavy,5.2,Exhausted,Moderate,No,6.5,3.2,Normal
Good,Very Light,9.7,Very Energized,Very Social,Yes,3.2,8.8,Very Low
Stressed,Moderate,6.2,Tired,None,Yes,5.6,6.0,High
Stressed,Very Heavy,4.7,Exhausted,Minimal,No,7.2,2.3,Very High
Okay,Very Light,7.9,Energized,Social,Yes,4.8,8.0,Very Low
Good,Moderate,6.1,Energized,Minimal,Yes,5.1,5.9,Low
Stressed,Very Heavy,4.9,Exhausted,Minimal,Yes,7.7,1.5,Very High
Stressed,Moderate,5.9,Exhausted,Minimal,No,6.5,2.3,High
Stressed,Heavy,4.9,Exhausted,None,Yes,9.6,3.3,High
Great,Very Light,8.9,Very Energized,Social,No,2.9,11.8,Very Low
Good,Moderate,7.9,Energized,Social,No,3.2,5.1,Low
Great,Moderate,8.3,Okay,Very Social,Yes,2.9,9.9,Low
Good,Heavy,6.5,Energized,Moderate,No,3.8,5.5,Low
Low Mood,Heavy,6.5,Okay,Minimal,No,5.5,2.5,High
Stressed,Very Heavy,4.8,Tired,None,No,9.1,3.4,Very High
Good,Light,7.7,Very Energized,Social,No,2.6,9.6,Very Low
Low Mood,Moderate,8.3,Okay,Moderate,Yes,4.7,6.7,Normal
Low Mood,Heavy,5.4,Exhausted,Minimal,No,8.8,3.4,High
Low Mood,Very Heavy,6.2,Exhausted,Moderate,No,7.2,2.4,High
Stressed,Heavy,6.5,Exhausted,None,No,8.5,3.9,High
Great,Light,7.9,Very Energized,Social,Yes,2.6,9.0,Very Low
Great,Light,9.2,Energized,Moderate,No,4.4,8.4,Low
Stressed,Heavy,6.8,Exhausted,None,Yes,5.1,5.9,High
Low Mood,Heavy,8.3,Energized,Minimal,No,4.3,5.9,Normal
Great,Light,7.8,Energized,Social,Yes,3.5,11.2,Very Low
Good,Light,9.2,Okay,Moderate,Yes,3.6,5.8,Low
Good,Very Light,8.9,Energized,Very Social,Yes,3.6,5.2,Very Low
Low Mood,Moderate,6.8,Tired,Social,Yes,5.2,5.5,Normal
Okay,Light,9.2,Very Energized,Social,Yes,2.8,9.5,Low
Stressed,Heavy,4.8,Exhausted,None,No,9.3,2.4,Very High
Stressed,Heavy,5.5,Okay,Minimal,No,5.7,5.3,High
Okay,Heavy,6.4,Okay,None,No,7.0,3.0,Normal
Good,Moderate,7.4,Energized,Very Social,Yes,3.7,5.3,Low
Stressed,Very Heavy,5.2,Exhausted,Moderate,Yes,6.9,3.6,Very High
Low Mood,Heavy,7.7,Energized,Social,Yes,4.0,4.7,Normal
Good,Moderate,6.5,Energized,Minimal,No,5.2,5.4,Low
Okay,Light,7.7,Energized,Very Social,Yes,1.4,11.8,Low
Good,Light,8.0,Energized,Very Social,Yes,2.2,9.8,Very Low
Low Mood,Moderate,7.7,Tired,Minimal,Yes,3.0,6.0,Normal
Good,Light,7.9,Tired,Moderate,No,4.7,7.2,Normal
Great,Light,7.7,Very Energized,Very Social,Yes,2.1,10.2,Very Low
Okay,Very Light,8.3,Okay,Very Social,Yes,2.2,7.0,Low
Okay,Very Heavy,5.9,Tired,None,No,8.4,4.9,High
Okay,Very Light,9.1,Okay,Social,Yes,2.8,8.7,Low
Good,Light,7.4,Very Energized,Very Social,No,2.8,5.5,Low
Good,Light,8.2,Energized,Social,No,2.4,6.0,Low
Low Mood,Light,6.6,Okay,Moderate,No,4.6,6.1,Normal
Great,Light,8.3,Energized,Social,Yes,1.8,8.4,Very Low
Okay,Light,7.4,Tired,Moderate,Yes,5.1,5.4,Low
Good,Light,8.2,Okay,Moderate,Yes,3.7,5.2,Low
Stressed,Heavy,5.2,Tired,Moderate,No,8.7,5.1,High
Good,Heavy,7.4,Okay,Moderate,Yes,5.9,4.1,Low
Low Mood,Moderate,7.5,Energized,Social,No,3.9,7.3,Normal
Good,Moderate,8.7,Energized,Very Social,Yes,4.5,8.7,Very Low
Great,Light,7.4,Okay,Very Social,Yes,3.2,8.1,Very Low
Great,Light,9.3,Energized,Moderate,No,4.1,9.5,Low
Stressed,Very Heavy,5.5,Tired,None,No,7.4,3.8,Very High
Good,Very Light,7.8,Very Energized,Very Social,Yes,1.4,8.8,Very Low
Low Mood,Moderate,5.2,Tired,Moderate,No,5.3,5.6,High
Low Mood,Light,8.3,Okay,Social,No,4.3,5.4,Normal
Okay,Moderate,6.9,Energized,Social,No,3.6,4.8,Low
Okay,Moderate,5.9,Okay,None,No,7.3,4.9,Normal
Good,Light,9.8,Very Energized,Social,Yes,2.8,11.2,Very Low
Good,Light,7.6,Very Energized,Social,Yes,2.6,7.4,Very Low
Good,Heavy,6.3,Okay,Social,Yes,5.2,5.2,Normal
Stressed,Moderate,5.4,Tired,Moderate,Yes,7.7,3.2,Normal
Good,Very Light,7.1,Very Energized,Social,No,3.7,8.1,Very Low
Stressed,Very Heavy,5.7,Exhausted,None,No,8.9,3.3,Very High
Low Mood,Moderate,9.2,Okay,Social,Yes,4.2,5.5,Low
Great,Light,8.2,Energized,Very Social,No,2.3,7.1,Very Low
Stressed,Very Heavy,6.8,Exhausted,None,No,6.0,2.8,Very High
Okay,Light,6.4,Tired,Moderate,No,5.4,6.1,Normal
Okay,Moderate,6.5,Okay,Minimal,No,6.3,4.6,Normal
Low Mood,Very Heavy,5.8,Tired,None,No,10.0,1.6,Very High
Okay,Moderate,8.2,Okay,Moderate,No,5.8,5.3,Normal
Good,Moderate,6.4,Energized,Social,No,3.7,5.7,Low
Good,Moderate,7.4,Energized,Minimal,Yes,4.4,6.2,Low
Great,Light,8.8,Energized,Social,Yes,3.2,8.7,Very Low
Good,Moderate,7.7,Energized,Very Social,No,2.7,7.1,Low
Okay,Very Heavy,5.9,Exhausted,None,No,8.0,5.2,High
Good,Heavy,9.2,Very Energized,Social,Yes,2.3,7.4,Low
Low Mood,Heavy,5.1,Tired,Moderate,No,6.8,5.1,High
Stressed,Heavy,4.3,Tired,None,No,7.8,2.9,High
Stressed,Moderate,7.5,Okay,Social,Yes,4.2,4.3,Normal
Okay,Heavy,5.2,Tired,None,No,6.4,3.6,Normal
Good,Moderate,8.5,Very Energized,Social,Yes,4.2,9.8,Very Low
Good,Moderate,6.9,Tired,Moderate,Yes,4.5,6.2,Normal
Great,Very Light,8.7,Very Energized,Social,Yes,2.5,8.9,Very Low
Good,Moderate,9.5,Okay,Very Social,No,3.9,6.8,Low
Good,Very Light,9.4,Energized,Very Social,Yes,4.5,7.3,Very Low
Okay,Light,7.2,Very Energized,Very Social,Yes,2.4,9.1,Low
Great,Very Light,8.4,Energized,Social,Yes,2.1,8.5,Very Low
Low Mood,Light,6.5,Energized,Social,No,4.7,6.4,Normal
Great,Moderate,7.5,Very Energized,Moderate,No,4.0,7.6,Very Low
Okay,Moderate,8.9,Energized,Very Social,No,4.1,9.1,Low
Great,Light,7.8,Very Energized,Social,Yes,3.2,11.4,Very Low
Good,Light,8.4,Energized,Very Social,Yes,3.5,9.8,Very Low
Stressed,Very Heavy,5.8,Exhausted,Minimal,No,8.5,3.6,Very High
Great,Very Light,9.4,Okay,Very Social,No,2.2,8.2,Very Low
Okay,Light,7.4,Very Energized,Social,Yes,2.8,7.8,Very Low
Okay,Very Light,7.9,Energized,Very Social,No,4.0,9.5,Very Low
Okay,Very Light,7.8,Very Energized,Very Social,Yes,2.3,9.5,Very Low
Stressed,Very Heavy,4.5,Tired,None,No,9.9,2.9,Very High
Good,Heavy,7.2,Tired,Minimal,No,5.7,5.3,Normal
Low Mood,Heavy,4.2,Tired,None,No,9.2,1.6,High
Stressed,Very Heavy,6.5,Tired,Moderate,Yes,5.2,5.4,High
Low Mood,Very Heavy,6.5,Exhausted,Minimal,No,6.6,5.5,High
Great,Light,7.6,Energized,Social,Yes,1.4,10.8,Very Low
Great,Very Light,9.5,Okay,Social,Yes,2.6,9.0,Very Low
Stressed,Heavy,4.5,Tired,None,No,8.6,3.8,Very High
Good,Very Light,7.5,Very Energized,Moderate,Yes,3.5,8.0,Very Low
Low Mood,Very Heavy,5.6,Exhausted,Minimal,No,9.5,3.5,Very High
Okay,Moderate,7.3,Okay,Social,No,3.0,6.0,Low
Good,Very Light,8.2,Energized,Moderate,Yes,3.3,10.0,Very Low
Good,Moderate,8.2,Energized,Moderate,Yes,3.1,6.2,Low
Low Mood,Light,7.9,Energized,Minimal,No,5.0,6.5,Normal
Stressed,Very Heavy,4.2,Tired,None,No,7.3,3.5,Very High
Good,Very Light,8.0,Very Energized,Very Social,Yes,2.8,9.1,Very Low
Low Mood,Very Heavy,5.7,Tired,Minimal,No,7.0,3.6,High
Good,Moderate,8.5,Very Energized,Very Social,No,2.8,7.1,Low
Okay,Very Heavy,6.0,Exhausted,Minimal,No,7.7,3.0,High
Okay,Heavy,7.5,Tired,Moderate,Yes,4.8,4.2,Normal
Good,Heavy,8.3,Okay,Social,Yes,5.5,7.3,Low
Low Mood,Moderate,6.0,Tired,Moderate,Yes,3.7,7.6,Normal
Great,Light,8.6,Energized,Moderate,Yes,4.2,8.5,Low
Okay,Light,7.0,Tired,Minimal,No,4.6,4.8,Normal
Great,Very Light,7.6,Energized,Very Social,Yes,2.8,11.2,Very Low
Okay,Moderate,7.3,Okay,Moderate,Yes,5.2,7.4,Low
Great,Light,9.6,Very Energized,Social,Yes,2.6,7.8,Very Low
Okay,Light,8.5,Okay,Social,Yes,3.4,6.2,Low
Low Mood,Moderate,7.6,Okay,Social,Yes,5.0,6.2,Normal
Stressed,Heavy,5.7,Exhausted,None,No,8.1,3.0,High
Good,Moderate,5.4,Tired,Moderate,No,8.1,4.1,Normal
Okay,Heavy,6.6,Tired,Moderate,No,5.3,7.7,Normal
Great,Light,7.3,Very Energized,Social,No,3.5,7.9,Very Low
Good,Very Light,9.3,Energized,Very Social,Yes,2.7,8.3,Very Low
Great,Very Light,7.3,Okay,Social,Yes,3.6,5.9,Very Low
Stressed,Moderate,5.3,Tired,Moderate,No,8.5,5.2,High
Good,Light,8.0,Okay,Minimal,Yes,3.1,4.7,Low
Okay,Heavy,8.5,Tired,Moderate,Yes,3.6,4.2,Normal
Low Mood,Light,7.6,Okay,Moderate,Yes,4.3,5.3,Low
Low Mood,Very Light,7.8,Okay,Social,Yes,5.5,6.3,Low
Stressed,Very Heavy,4.0,Tired,Minimal,No,8.9,1.6,Very High
Okay,Moderate,7.4,Energized,Moderate,Yes,3.3,9.3,Low
Low Mood,Heavy,7.7,Energized,Minimal,Yes,3.5,7.8,Normal
Good,Moderate,8.3,Okay,Moderate,Yes,5.8,5.0,Low
Stressed,Moderate,5.9,Exhausted,Moderate,Yes,6.1,3.9,High
Good,Very Heavy,6.2,Tired,Social,Yes,4.0,7.4,Normal
Stressed,Very Heavy,6.0,Okay,Minimal,No,7.4,5.3,High
Stressed,Heavy,5.1,Tired,None,Yes,9.8,3.7,High
Great,Very Light,9.0,Very Energized,Social,Yes,3.3,9.9,Very Low
Good,Heavy,6.4,Energized,Minimal,No,4.3,7.6,Normal
Okay,Very Light,8.0,Very Energized,Social,No,4.3,9.7,Very Low
Stressed,Heavy,5.5,Okay,Minimal,No,5.6,4.7,High
Great,Moderate,7.3,Okay,Moderate,No,3.2,6.6,Low
Stressed,Heavy,7.0,Okay,Minimal,No,5.4,2.3,High
Good,Moderate,7.8,Tired,Social,No,5.1,6.7,Low
Good,Very Light,8.6,Energized,Social,Yes,2.2,10.7,Very Low
Stressed,Very Heavy,5.8,Tired,Minimal,No,7.0,5.7,High
Good,Light,8.4,Okay,Social,No,4.3,7.7,Low
Low Mood,Light,6.8,Energized,Moderate,No,5.1,4.9,Normal
Good,Moderate,8.2,Tired,Minimal,Yes,5.4,7.8,Normal
Low Mood,Very Heavy,6.3,Okay,None,No,8.3,2.1,High
Good,Light,8.0,Energized,Social,Yes,3.0,8.0,Very Low
Stressed,Very Heavy,4.0,Exhausted,None,No,9.0,2.0,Very High
Okay,Very Light,7.0,Exhausted,Social,Yes,4.0,6.0,Low
Okay,Very Heavy,7.0,Exhausted,Social,No,6.0,6.0,High
Great,Very Light,7.0,Energized,Moderate,Yes,4.0,6.0,Very Low
Okay,Moderate,7.0,Okay,Moderate,No,4.0,6.0,Normal
Stressed,Very Heavy,4.0,Exhausted,None,No,5.5,2.0,Very High
Great,Very Light,8.5,Energized,Social,Yes,3.0,6.0,Very Low
Low Mood,Heavy,7.0,Tired,Moderate,No,5.0,6.0,Normal
Okay,Light,6.5,Tired,Moderate,No,4.0,6.0,Normal
Okay,Moderate,7.0,Okay,Moderate,Yes,5.0,6.0,Low
Low Mood,Heavy,6.0,Tired,Moderate,No,4.0,6.0,Normal
Okay,Moderate,7.0,Okay,Moderate,No,4.0,6.0,Normal
Okay,Moderate,7.0,Okay,Moderate,No,4.0,6.0,Normal
Okay,Moderate,7.0,Okay,Moderate,No,4.0,6.0,Normal
Stressed,Very Heavy,4.0,Exhausted,Moderate,No,4.0,6.0,High
Good,Light,8.0,Energized,Moderate,No,4.0,6.0,Low
Okay,Moderate,7.0,Okay,Moderate,No,4.0,6.0,Normal
Great,Very Light,7.0,Tired,Moderate,No,4.0,6.0,Low
Okay,Moderate,7.0,Okay,Moderate,No,4.0,16.0,Low
Okay,Moderate,7.0,Okay,Moderate,No,4.0,11.5,Low
Good,Very Light,7.0,Very Energized,Very Social,No,4.0,11.5,Very Low
Okay,Moderate,7.0,Okay,Moderate,No,4.0,6.0,Normal
Low Mood,Heavy,6.0,Tired,Moderate,No,4.0,6.0,Normal
Low Mood,Heavy,6.0,Tired,Moderate,No,4.0,6.0,Normal
Low Mood,Heavy,6.5,Tired,Moderate,No,4.0,6.0,Normal
Low Mood,Heavy,5.5,Exhausted,Moderate,No,5.0,6.0,High
